Time,X3:EMGLE
0,9.6
0.0033,9
0.0067,19.2
0.01,13.8
0.0133,-15.9
0.0167,-1.5
0.02,4.8
0.0233,8.4
0.0267,19.5
0.03,43.5
0.0333,9.9
0.0367,-30.3
0.04,0.3
0.0433,2.7
0.0467,31.5
0.05,21.6
0.0533,-16.5
0.0567,3.9
0.06,3.3
0.0633,15.3
0.0667,25.8
0.07,1.8
0.0733,-8.4
0.0767,17.1
0.08,5.4
0.0833,44.7
0.0867,-4.2
0.09,-8.7
0.0933,-7.5
0.0967,-9.9
0.1,2.4
0.1033,4.8
0.1067,14.1
0.11,20.7
0.1133,22.8
0.1167,-16.8
0.12,8.4
0.1233,30.6
0.1267,10.2
0.13,-6
0.1333,-2.4
0.1367,0.6
0.14,8.1
0.1433,25.8
0.1467,10.5
0.15,5.4
0.1533,18
0.1567,-5.4
0.16,5.4
0.1633,2.7
0.1667,10.2
0.17,-2.1
0.1733,6.9
0.1767,7.2
0.18,26.1
0.1833,-0.6
0.1867,9.9
0.19,-0.6
0.1933,6.3
0.1967,12
0.2,19.8
0.2033,40.2
0.2067,8.1
0.21,-14.4
0.2133,-14.7
0.2167,-0.6
0.22,1.2
0.2233,10.5
0.2267,9.9
0.23,12
0.2333,10.8
0.2367,29.7
0.24,12.3
0.2433,8.4
0.2467,-1.2
0.25,6.6
0.2533,14.4
0.2567,6
0.26,41.1
0.2633,36.3
0.2667,10.5
0.27,-26.7
0.2733,-23.7
0.2767,3.9
0.28,-6.6
0.2833,-4.2
0.2867,10.8
0.29,1.2
0.2933,6.6
0.2967,24
0.3,13.5
0.3033,-1.2
0.3067,13.8
0.31,8.1
0.3133,-2.7
0.3167,16.5
0.32,9.3
0.3233,32.1
0.3267,-13.5
0.33,17.7
0.3333,22.8
0.3367,-22.2
0.34,13.5
0.3433,-0.9
0.3467,-8.1
0.35,3.3
0.3533,-10.2
0.3567,-5.1
0.36,4.5
0.3633,15.6
0.3667,1.5
0.37,2.1
0.3733,5.7
0.3767,9.6
0.38,4.2
0.3833,17.4
0.3867,18
0.39,-7.2
0.3933,-2.1
0.3967,30.6
0.4,30.9
0.4033,-48
0.4067,-18
0.41,-15.6
0.4133,-5.7
0.4167,-8.7
0.42,-12
0.4233,15.9
0.4267,-6.9
0.43,2.7
0.4333,-0.6
0.4367,30.3
0.44,10.8
0.4433,-4.5
0.4467,12.3
0.45,13.8
0.4533,5.7
0.4567,-12.6
0.46,-25.2
0.4633,-1.2
0.4667,8.7
0.47,3.3
0.4733,5.4
0.4767,0.3
0.48,-5.7
0.4833,21
0.4867,13.5
0.49,-0.6
0.4933,7.5
0.4967,5.4
0.5,-22.5
0.5033,6.3
0.5067,29.4
0.51,50.1
0.5133,-11.1
0.5167,-18
0.52,10.2
0.5233,-3.9
0.5267,-36.9
0.53,-9.9
0.5333,0.6
0.5367,-5.7
0.54,-9.3
0.5433,7.5
0.5467,7.2
0.55,27.3
0.5533,-22.2
0.5567,-1.2
0.56,-4.2
0.5633,-7.2
0.5667,22.8
0.57,13.8
0.5733,15
0.5767,-2.1
0.58,-11.7
0.5833,16.5
0.5867,-9.6
0.59,-4.2
0.5933,-16.2
0.5967,-6.3
0.6,-4.5
0.6033,7.8
0.6067,27.9
0.61,33.3
0.6133,-16.2
0.6167,-7.8
0.62,-19.2
0.6233,20.1
0.6267,38.4
0.63,7.8
0.6333,-13.8
0.6367,7.8
0.64,-11.1
0.6433,28.8
0.6467,-7.5
0.65,-17.7
0.6533,46.2
0.6567,0.3
0.66,-35.4
0.6633,-9.3
0.6667,2.1
0.67,8.1
0.6733,17.1
0.6767,-1.8
0.68,-5.1
0.6833,-2.1
0.6867,15.3
0.69,10.5
0.6933,3
0.6967,11.7
0.7,11.7
0.7033,-5.7
0.7067,6.3
0.71,-21.3
0.7133,-2.1
0.7167,12.9
0.72,1.2
0.7233,10.5
0.7267,11.7
0.73,-2.1
0.7333,36.3
0.7367,-23.4
0.74,-7.5
0.7433,10.5
0.7467,-1.2
0.75,29.1
0.7533,-11.1
0.7567,-12.6
0.76,-9.3
0.7633,-1.8
0.7667,1.2
0.77,3.6
0.7733,9
0.7767,-2.7
0.78,-5.4
0.7833,-2.4
0.7867,10.8
0.79,5.1
0.7933,12.9
0.7967,-7.8
0.8,29.1
0.8033,25.5
0.8067,18.6
0.81,-12.3
0.8133,-7.5
0.8167,-12.3
0.82,-15
0.8233,-10.2
0.8267,9.3
0.83,8.4
0.8333,57
0.8367,-13.5
0.84,-24.9
0.8433,-10.2
0.8467,3
0.85,12.9
0.8533,5.1
0.8567,-6.6
0.86,45.9
0.8633,98.4
0.8667,-27
0.87,-49.2
0.8733,-14.7
0.8767,-9
0.88,14.1
0.8833,9.9
0.8867,-18
0.89,-7.8
0.8933,-0.9
0.8967,-12.3
0.9,7.5
0.9033,-3.9
0.9067,6.9
0.91,3.3
0.9133,-3
0.9167,6.6
0.92,21.3
0.9233,17.4
0.9267,14.1
0.93,3.9
0.9333,-4.8
0.9367,38.4
0.94,0.9
0.9433,-22.5
0.9467,-10.2
0.95,-23.7
0.9533,-20.4
0.9567,2.4
0.96,28.2
0.9633,63
0.9667,53.4
0.97,-1.8
0.9733,-35.4
0.9767,-26.4
0.98,-12.3
0.9833,-21.9
0.9867,-3
0.99,12
0.9933,32.1
0.9967,13.2
1,9.3
1.0033,72
1.0067,-44.4
1.01,-63.3
1.0133,-49.8
1.0167,3.9
1.02,24
1.0233,-0.9
1.0267,48
1.03,-28.5
1.0333,-69.9
1.0367,-28.8
1.04,-51.9
1.0433,-17.1
1.0467,-27.9
1.05,-16.8
1.0533,33.9
1.0567,0
1.06,-2.4
1.0633,12
1.0667,37.8
1.07,-39.6
1.0733,3.3
1.0767,-6.6
1.08,22.2
1.0833,50.1
1.0867,82.5
1.09,36.3
1.0933,-42.9
1.0967,8.1
1.1,103.8
1.1033,88.8
1.1067,-37.2
1.11,-91.2
1.1133,14.1
1.1167,28.2
1.12,-63.3
1.1233,-111.3
1.1267,-56.1
1.13,-27.3
1.1333,-16.5
1.1367,-19.8
1.14,-54.6
1.1433,-17.1
1.1467,-14.1
1.15,-81.6
1.1533,-9.3
1.1567,16.8
1.16,37.2
1.1633,45.9
1.1667,-1.8
1.17,-74.4
1.1733,36
1.1767,221.4
1.18,77.4
1.1833,-42
1.1867,-156.6
1.19,-33.6
1.1933,-24.9
1.1967,98.7
1.2,-8.4
1.2033,13.5
1.2067,65.1
1.21,-69
1.2133,2.1
1.2167,-64.8
1.22,17.4
1.2233,204.3
1.2267,18.3
1.23,-15.3
1.2333,95.4
1.2367,164.4
1.24,-91.2
1.2433,27
1.2467,-144.6
1.25,-136.5
1.2533,31.2
1.2567,105.6
1.26,71.7
1.2633,-147.3
1.2667,193.2
1.27,371.1
1.2733,-109.8
1.2767,96.3
1.28,103.5
1.2833,202.8
1.2867,-130.2
1.29,24.9
1.2933,32.1
1.2967,66.3
1.3,27.9
1.3033,216.3
1.3067,277.5
1.31,366.6
1.3133,-58.5
1.3167,105
1.32,180
1.3233,-313.5
1.3267,169.2
1.33,807
1.3333,894
1.3367,1445.4
1.34,-210
1.3433,-918.6
1.3467,-320.4
1.35,296.4
1.3533,407.4
1.3567,930.9
1.36,1066.5
1.3633,1470
1.3667,523.5
1.37,-383.4
1.3733,-688.5
1.3767,-530.4
1.38,-36.3
1.3833,218.7
1.3867,23.4
1.39,576.3
1.3933,510.9
1.3967,753.3
1.4,513.9
1.4033,148.8
1.4067,979.5
1.41,-172.8
1.4133,365.7
1.4167,108
1.42,234.3
1.4233,1056.9
1.4267,-354.9
1.43,805.5
1.4333,348.3
1.4367,-46.5
1.44,133.2
1.4433,12.3
1.4467,435.3
1.45,626.4
1.4533,617.7
1.4567,959.4
1.46,391.8
1.4633,-613.8
1.4667,262.8
1.47,528.9
1.4733,477.3
1.4767,-369.3
1.48,230.4
1.4833,583.2
1.4867,719.1
1.49,73.8
1.4933,233.7
1.4967,762
1.5,490.5
1.5033,-29.7
1.5067,63.9
1.51,458.4
1.5133,282.6
1.5167,131.1
1.52,342.6
1.5233,655.5
1.5267,519.3
1.53,-330.3
1.5333,584.4
1.5367,1344.9
1.54,1473
1.5433,-272.4
1.5467,-140.1
1.55,-257.4
1.5533,71.4
1.5567,663.3
1.56,1173
1.5633,-497.4
1.5667,885.3
1.57,650.1
1.5733,84.9
1.5767,-169.2
1.58,392.4
1.5833,480.9
1.5867,118.8
1.59,1080.3
1.5933,347.4
1.5967,-1.8
1.6,1216.8
1.6033,487.8
1.6067,478.2
1.61,-200.4
1.6133,181.8
1.6167,847.5
1.62,655.2
1.6233,1431
1.6267,-450.3
1.63,-154.8
1.6333,228
1.6367,630.6
1.64,506.1
1.6433,847.5
1.6467,813.9
1.65,299.4
1.6533,76.8
1.6567,466.8
1.66,440.7
1.6633,693
1.6667,804.9
1.67,966.9
1.6733,-389.7
1.6767,142.8
1.68,121.8
1.6833,242.1
1.6867,710.1
1.69,1335.3
1.6933,520.2
1.6967,-418.8
1.7,8.7
1.7033,429
1.7067,504.9
1.71,1164.9
1.7133,1374.3
1.7167,-240
1.72,317.7
1.7233,662.4
1.7267,270.3
1.73,248.1
1.7333,201.6
1.7367,1424.4
1.74,-495
1.7433,195.9
1.7467,333.9
1.75,1071
1.7533,1596
1.7567,-248.1
1.76,0.9
1.7633,202.8
1.7667,593.7
1.77,731.7
1.7733,383.7
1.7767,1375.5
1.78,51.3
1.7833,-315
1.7867,314.1
1.79,1054.8
1.7933,357.6
1.7967,408.9
1.8,292.5
1.8033,587.4
1.8067,243.9
1.81,-15
1.8133,1151.4
1.8167,290.1
1.82,117.3
1.8233,304.8
1.8267,855.6
1.83,614.1
1.8333,330.6
1.8367,600.3
1.84,948.9
1.8433,-26.1
1.8467,178.2
1.85,279.9
1.8533,719.1
1.8567,276.3
1.86,825.9
1.8633,171
1.8667,306.6
1.87,27.6
1.8733,406.8
1.8767,914.1
1.88,19.5
1.8833,-22.5
1.8867,531.9
1.89,914.1
1.8933,1062
1.8967,82.5
1.9,-138.9
1.9033,1011.9
1.9067,292.2
1.91,337.2
1.9133,1119
1.9167,128.4
1.92,-509.7
1.9233,779.7
1.9267,1029.3
1.93,107.1
1.9333,151.5
1.9367,1206.9
1.94,-25.5
1.9433,-390.6
1.9467,74.7
1.95,442.5
1.9533,442.2
1.9567,1016.7
1.96,-187.2
1.9633,422.7
1.9667,166.8
1.97,365.7
1.9733,672
1.9767,608.1
1.98,757.5
1.9833,294.6
1.9867,4.5
1.99,126.6
1.9933,69.6
1.9967,433.8
2,218.4
2.0033,312.6
2.0067,140.1
2.01,418.8
2.0133,1221.3
2.0167,661.5
2.02,-402.6
2.0233,204.3
2.0267,-26.4
2.03,293.1
2.0333,247.2
2.0367,1170.9
2.04,912.9
2.0433,-253.8
2.0467,-262.5
2.05,42.6
2.0533,340.8
2.0567,1345.8
2.06,285.9
2.0633,-498.3
2.0667,173.7
2.07,310.8
2.0733,823.5
2.0767,1226.7
2.08,-229.8
2.0833,-305.7
2.0867,136.5
2.09,81
2.0933,612
2.0967,995.4
2.1,-290.1
2.1033,224.4
2.1067,100.2
2.11,168.6
2.1133,267
2.1167,742.8
2.12,527.4
2.1233,305.7
2.1267,128.4
2.13,91.8
2.1333,95.7
2.1367,344.1
2.14,637.8
2.1433,196.2
2.1467,80.4
2.15,574.8
2.1533,668.1
2.1567,-61.8
2.16,-145.2
2.1633,238.5
2.1667,706.5
2.17,712.2
2.1733,1033.2
2.1767,-305.1
2.18,-135
2.1833,109.2
2.1867,165.9
2.19,538.8
2.1933,564.3
2.1967,-219.9
2.2,-188.7
2.2033,277.5
2.2067,336
2.21,613.5
2.2133,213
2.2167,38.7
2.22,398.7
2.2233,216
2.2267,873
2.23,81.6
2.2333,358.8
2.2367,641.1
2.24,-528
2.2433,269.4
2.2467,529.5
2.25,649.2
2.2533,161.1
2.2567,628.8
2.26,163.2
2.2633,-329.1
2.2667,-57.9
2.27,590.1
2.2733,-98.7
2.2767,513.3
2.28,64.8
2.2833,253.5
2.2867,882.3
2.29,160.8
2.2933,136.5
2.2967,502.5
2.3,129.9
2.3033,151.5
2.3067,27.6
2.31,679.5
2.3133,261
2.3167,348.9
2.32,-246
2.3233,204.9
2.3267,591.9
2.33,83.7
2.3333,709.5
2.3367,204.6
2.34,-324.9
2.3433,325.2
2.3467,234.3
2.35,491.1
2.3533,407.1
2.3567,287.4
2.36,1028.1
2.3633,-293.4
2.3667,-404.1
2.37,32.7
2.3733,590.1
2.3767,590.7
2.38,659.4
2.3833,-137.7
2.3867,342.3
2.39,47.1
2.3933,406.8
2.3967,360.9
2.4,1132.5
2.4033,-20.4
2.4067,-488.1
2.41,-30.3
2.4133,396.9
2.4167,-36.6
2.42,1210.8
2.4233,208.8
2.4267,186.3
2.43,224.1
2.4333,504.3
2.4367,-404.4
2.44,183.6
2.4433,86.7
2.4467,684.9
2.45,887.7
2.4533,-173.7
2.4567,410.7
2.46,-222.6
2.4633,36
2.4667,1318.8
2.47,712.8
2.4733,-286.8
2.4767,-462.3
2.48,517.5
2.4833,-103.8
2.4867,567.9
2.49,687
2.4933,-580.2
2.4967,656.7
2.5,156.6
2.5033,15
2.5067,-6
2.51,701.4
2.5133,1006.2
2.5167,-92.1
2.52,951.6
2.5233,147.9
2.5267,142.5
2.53,228.6
2.5333,-54.6
2.5367,-156.3
2.54,358.5
2.5433,-55.5
2.5467,767.1
2.55,949.5
2.5533,389.4
2.5567,-238.5
2.56,293.4
2.5633,400.5
2.5667,32.1
2.57,216
2.5733,384.3
2.5767,1376.7
2.58,-353.7
2.5833,-275.7
2.5867,-49.8
2.59,225.9
2.5933,1990.5
2.5967,295.2
2.6,-1247.4
2.6033,293.1
2.6067,114
2.61,-32.7
2.6133,415.8
2.6167,663
2.62,588.6
2.6233,821.7
2.6267,-115.2
2.63,-597.6
2.6333,-121.5
2.6367,994.8
2.64,905.1
2.6433,-83.1
2.6467,1646.7
2.65,369.3
2.6533,-726.9
2.6567,-133.5
2.66,340.2
2.6633,319.8
2.6667,559.8
2.67,-118.8
2.6733,377.1
2.6767,592.5
2.68,-59.7
2.6833,675.9
2.6867,-67.8
2.69,-131.4
2.6933,801
2.6967,309
2.7,302.1
2.7033,417.3
2.7067,45.9
2.71,-302.1
2.7133,576.9
2.7167,1125.9
2.72,-621.3
2.7233,-239.7
2.7267,837.9
2.73,1374
2.7333,-1059.6
2.7367,-148.5
2.74,635.7
2.7433,1319.4
2.7467,-10.8
2.75,-254.4
2.7533,357.9
2.7567,630.6
2.76,1383.6
2.7633,407.1
2.7667,-580.2
2.77,-453.9
2.7733,-373.2
2.7767,-10.8
2.78,656.7
2.7833,1356.3
2.7867,-146.7
2.79,-70.2
2.7933,350.1
2.7967,-217.2
2.8,2731.5
2.8033,-177.9
2.8067,-1182.3
2.81,211.5
2.8133,-676.2
2.8167,36
2.82,1373.7
2.8233,1001.7
2.8267,278.1
2.83,-745.2
2.8333,-417
2.8367,1273.2
2.84,-397.5
2.8433,15.6
2.8467,-159.9
2.85,-138.9
2.8533,1246.2
2.8567,650.1
2.86,-1105.8
2.8633,445.8
2.8667,-29.1
2.87,261
2.8733,432.3
2.8767,426.6
2.88,650.7
2.8833,-496.5
2.8867,81
2.89,-471
2.8933,960.9
2.8967,1033.2
2.9,-409.8
2.9033,-211.8
2.9067,-272.4
2.91,215.4
2.9133,643.5
2.9167,65.1
2.92,1190.7
2.9233,-508.8
2.9267,-441.9
2.93,-246.9
2.9333,-18.6
2.9367,327.3
2.94,690.6
2.9433,-22.8
2.9467,-229.5
2.95,-124.5
2.9533,448.2
2.9567,421.2
2.96,-116.4
2.9633,-96
2.9667,381.6
2.97,-132.6
2.9733,1222.5
2.9767,-185.7
2.98,-380.1
2.9833,-496.8
2.9867,321.3
2.99,325.5
2.9933,321.9
2.9967,716.4
3,619.5
3.0033,-1029.6
3.0067,-640.8
3.01,-105.6
3.0133,233.7
3.0167,735.3
3.02,970.8
3.0233,-424.8
3.0267,610.2
3.03,-440.4
3.0333,313.8
3.0367,607.2
3.04,-180.9
3.0433,-880.5
3.0467,-66
3.05,562.5
3.0533,2444.7
3.0567,-508.8
3.06,-1253.1
3.0633,-275.7
3.0667,-361.8
3.07,64.2
3.0733,1109.1
3.0767,423
3.08,103.2
3.0833,495.6
3.0867,-384
3.09,-464.4
3.0933,359.4
3.0967,1059.3
3.1,-744.3
3.1033,-100.2
3.1067,-598.8
3.11,197.4
3.1133,378.9
3.1167,873.9
3.12,-78.3
3.1233,942.6
3.1267,698.7
3.13,-558.9
3.1333,-396
3.1367,19.5
3.14,21.9
3.1433,14.1
3.1467,-128.4
3.15,600.9
3.1533,-281.1
3.1567,-101.4
3.16,-108.3
3.1633,475.2
3.1667,-30.3
3.17,-293.7
3.1733,-98.4
3.1767,-10.8
3.18,175.5
3.1833,306.6
3.1867,254.1
3.19,-442.5
3.1933,26.4
3.1967,-19.8
3.2,553.2
3.2033,770.4
3.2067,-315
3.21,50.7
3.2133,-332.7
3.2167,415.5
3.22,314.4
3.2233,-64.2
3.2267,1653.9
3.23,-172.8
3.2333,-900.3
3.2367,-556.8
3.24,-383.1
3.2433,277.5
3.2467,399
3.25,-596.4
3.2533,227.1
3.2567,348
3.26,-463.5
3.2633,162.9
3.2667,175.8
3.27,-436.2
3.2733,759.9
3.2767,999.6
3.28,-168.9
3.2833,305.4
3.2867,-300.3
3.29,-442.2
3.2933,-271.2
3.2967,-62.4
3.3,747.9
3.3033,252.3
3.3067,282.6
3.31,1552.5
3.3133,-1173
3.3167,-1001.4
3.32,-635.1
3.3233,249.3
3.3267,-25.2
3.33,-172.5
3.3333,-33.6
3.3367,423.9
3.34,390
3.3433,-30.3
3.3467,737.1
3.35,-359.1
3.3533,-773.1
3.3567,-155.1
3.36,-178.5
3.3633,657
3.3667,729.6
3.37,-466.5
3.3733,-57
3.3767,60.9
3.38,-145.2
3.3833,-185.7
3.3867,-238.5
3.39,146.4
3.3933,-243.3
3.3967,-233.1
3.4,-164.4
3.4033,826.5
3.4067,138
3.41,-486.9
3.4133,-280.2
3.4167,323.1
3.42,-199.8
3.4233,303.6
3.4267,-696.6
3.43,407.7
3.4333,-230.1
3.4367,-154.5
3.44,-60
3.4433,1726.8
3.4467,-12.6
3.45,-1262.1
3.4533,-650.1
3.4567,-264
3.46,-213.6
3.4633,-153.3
3.4667,132.3
3.47,39
3.4733,143.7
3.4767,-131.7
3.48,37.5
3.4833,-8.4
3.4867,667.2
3.49,396.3
3.4933,-524.7
3.4967,-51.3
3.5,-702.9
3.5033,-231.3
3.5067,-291.3
3.51,30
3.5133,-203.4
3.5167,129.3
3.52,1895.7
3.5233,-253.2
3.5267,-927
3.53,-958.8
3.5333,-154.5
3.5367,-273.9
3.54,128.1
3.5433,-55.2
3.5467,-92.4
3.55,204.9
3.5533,1217.1
3.5567,359.7
3.56,13.8
3.5633,-41.7
3.5667,-314.1
3.57,-772.2
3.5733,-561.6
3.5767,252.3
3.58,-371.7
3.5833,102.9
3.5867,65.4
3.59,-417.9
3.5933,-226.2
3.5967,-35.4
3.6,39
3.6033,534.3
3.6067,853.8
3.61,129.3
3.6133,-580.2
3.6167,-56.4
3.62,-60.3
3.6233,252.9
3.6267,-755.1
3.63,-519.6
3.6333,-309.6
3.6367,-341.7
3.64,-109.8
3.6433,-39.9
3.6467,476.7
3.65,544.2
3.6533,-299.7
3.6567,-428.7
3.66,-346.2
3.6633,-99.3
3.6667,414.3
3.67,12.6
3.6733,174
3.6767,-15
3.68,-538.8
3.6833,-132
3.6867,-661.2
3.69,-96.6
3.6933,-247.8
3.6967,-172.2
3.7,-70.2
3.7033,98.1
3.7067,-350.7
3.71,-360.9
3.7133,-311.4
3.7167,120.3
3.72,-249
3.7233,81.9
3.7267,-167.7
3.73,-192
3.7333,-260.7
3.7367,138.6
3.74,96.6
3.7433,4.2
3.7467,1329.6
3.75,344.1
3.7533,-1255.2
3.7567,-345.3
3.76,-660
3.7633,-578.7
3.7667,-49.2
3.77,-417
3.7733,-99.3
3.7767,-262.5
3.78,-266.1
3.7833,-52.5
3.7867,-41.1
3.79,-388.2
3.7933,-263.4
3.7967,-307.8
3.8,-234
3.8033,-218.4
3.8067,-190.2
3.81,-122.7
3.8133,44.7
3.8167,-229.8
3.82,-67.8
3.8233,-287.1
3.8267,-320.4
3.83,-197.7
3.8333,-198.6
3.8367,-207
3.84,-92.1
3.8433,-69.9
3.8467,145.5
3.85,256.5
3.8533,24
3.8567,339.9
3.86,-560.1
3.8633,-598.8
3.8667,-169.5
3.87,-56.4
3.8733,0
3.8767,-105.6
3.88,-678
3.8833,-351.3
3.8867,-291.3
3.89,-242.4
3.8933,-258
3.8967,-247.8
3.9,-241.2
3.9033,-234.9
3.9067,-242.7
3.91,-240.9
3.9133,-243
3.9167,-228
3.92,-211.8
3.9233,-245.1
3.9267,-183.9
3.93,-192
3.9333,-219.6
3.9367,-210.3
3.94,-215.4
3.9433,-204.9
3.9467,-325.5
3.95,-279.3
3.9533,-288.6
3.9567,-322.8
3.96,-324.6
3.9633,-279.9
3.9667,-303.3
3.97,-317.4
3.9733,-574.5
3.9767,-425.7
3.98,-447.6
3.9833,-510.6
3.9867,-516.3
3.99,-545.4
3.9933,-573.3
3.9967,-453.3
4,-555.9
4.0033,-628.5
4.0067,-330.9
4.01,-454.5
4.0133,-687.6
4.0167,-620.4
4.02,-652.2
4.0233,-543.6
4.0267,-488.1
4.03,-428.1
4.0333,-637.8
4.0367,-524.4
4.04,-654.3
4.0433,-576.9
4.0467,-680.1
4.05,-670.2
4.0533,-464.4
4.0567,-697.2
4.06,-630.3
4.0633,-653.4
4.0667,-817.8
4.07,-753
4.0733,-735.9
4.0767,-711.3
4.08,-688.5
4.0833,-694.5
4.0867,-655.5
4.09,-750.9
4.0933,-640.2
4.0967,-638.1
4.1,-824.7
4.1033,-689.7
4.1067,-766.5
4.11,-727.5
4.1133,-694.8
4.1167,-718.5
4.12,-711.9
4.1233,-672.6
4.1267,-506.4
4.13,-607.8
4.1333,-899.1
4.1367,-772.8
4.14,-760.8
4.1433,-714.3
4.1467,-708.3
4.15,-645.6
4.1533,-777.6
4.1567,-659.4
4.16,-720
4.1633,-705
4.1667,-713.4
4.17,-679.8
4.1733,-740.4
4.1767,-696.9
4.18,-702.3
4.1833,-703.2
4.1867,-683.4
4.19,-704.7
4.1933,-719.7
4.1967,-719.1
4.2,-700.5
4.2033,-709.5
4.2067,-690.9
4.21,-717
4.2133,-699.3
4.2167,-659.1
4.22,-675.9
4.2233,-765.3
4.2267,-697.8
4.23,-588.9
4.2333,-674.1
4.2367,-734.4
4.24,-728.4
4.2433,-734.4
4.2467,-723.9
4.25,-690.3
4.2533,-767.1
4.2567,-698.1
4.26,-691.2
4.2633,-668.1
4.2667,-706.2
4.27,-732.3
4.2733,-641.1
4.2767,-706.5
4.28,-738
4.2833,-717
4.2867,-681.3
4.29,-685.2
4.2933,-726.6
4.2967,-651.9
4.3,-696.6
4.3033,-694.8
4.3067,-741
4.31,-660.3
4.3133,-686.4
4.3167,-697.8
4.32,-727.8
4.3233,-661.2
4.3267,-649.2
4.33,-582.9
4.3333,-767.4
4.3367,-702
4.34,-678.3
4.3433,-682.8
4.3467,-723.6
4.35,-681
4.3533,-685.8
4.3567,-692.4
4.36,-693.9
4.3633,-695.4
4.3667,-669
4.37,-637.5
4.3733,-675
4.3767,-693
4.38,-673.8
4.3833,-642
4.3867,-551.1
4.39,-686.4
4.3933,-759.9
4.3967,-609.3
4.4,-641.4
4.4033,-726
4.4067,-672.3
4.41,-683.7
4.4133,-704.4
4.4167,-652.2
4.42,-694.5
4.4233,-637.8
4.4267,-670.2
4.43,-662.1
4.4333,-668.7
4.4367,-631.8
4.44,-642.3
4.4433,-573.3
4.4467,-647.4
4.45,-600.9
4.4533,-715.5
4.4567,-648
4.46,-691.8
4.4633,-656.4
4.4667,-656.7
4.47,-636.3
4.4733,-640.2
4.4767,-626.1
4.48,-645.9
4.4833,-554.7
4.4867,-675.6
4.49,-677.4
4.4933,-642.6
4.4967,-632.7
4.5,-621.6
4.5033,-603
4.5067,-669.3
4.51,-627.9
4.5133,-636.3
4.5167,-626.4
4.52,-628.2
4.5233,-610.8
4.5267,-633
4.53,-608.7
4.5333,-610.2
4.5367,-615.6
4.54,-600
4.5433,-518.7
4.5467,-610.2
4.55,-641.4
4.5533,-611.4
4.5567,-634.8
4.56,-619.8
4.5633,-606.6
4.5667,-601.5
4.57,-596.7
4.5733,-593.4
4.5767,-570
4.58,-556.8
4.5833,-605.1
4.5867,-606.6
4.59,-588.6
4.5933,-593.7
4.5967,-587.4
4.6,-581.4
4.6033,-580.2
4.6067,-578.4
4.61,-570
4.6133,-557.7
4.6167,-587.4
4.62,-567.3
4.6233,-576.6
4.6267,-574.5
4.63,-566.7
4.6333,-536.7
4.6367,-350.7
4.64,-598.5
4.6433,-600.9
4.6467,-610.8
4.65,-608.7
4.6533,-595.8
4.6567,-553.5
4.66,-547.5
4.6633,-505.2
4.6667,-578.1
4.67,-615.6
4.6733,-572.7
4.6767,-567.6
4.68,-561
4.6833,-555.6
4.6867,-547.8
4.69,-544.2
4.6933,-546
4.6967,-552.3
4.7,-543.9
4.7033,-545.4
4.7067,-543.3
4.71,-543
4.7133,-544.2
4.7167,-544.8
4.72,-542.4
4.7233,-538.8
4.7267,-532.8
4.73,-528.3
4.7333,-539.4
4.7367,-534
4.74,-509.7
4.7433,-547.2
4.7467,-534.9
4.75,-514.8
4.7533,-447.9
4.7567,-509.1
4.76,-549.6
4.7633,-490.8
4.7667,-539.4
4.77,-611.7
4.7733,-546.3
4.7767,-546.9
4.78,-531.9
4.7833,-531.6
4.7867,-519
4.79,-517.8
4.7933,-504.3
4.7967,-513.9
4.8,-521.1
4.8033,-516.9
4.8067,-512.7
4.81,-499.5
4.8133,-511.2
4.8167,-510.6
4.82,-516.9
4.8233,-505.8
4.8267,-513.6
4.83,-496.2
4.8333,-506.7
4.8367,-483.9
4.84,-497.7
4.8433,-510
4.8467,-493.8
4.85,-481.8
4.8533,-483
4.8567,-486.9
4.86,-562.5
4.8633,-495
4.8667,-484.5
4.87,-490.2
4.8733,-512.1
4.8767,-522.9
4.88,-521.1
4.8833,-513.6
4.8867,-487.8
4.89,-506.7
4.8933,-498.9
4.8967,-514.2
4.9,-504
4.9033,-472.8
4.9067,-491.7
4.91,-489.9
4.9133,-506.4
4.9167,-504.3
4.92,-487.2
4.9233,-501.3
4.9267,-493.2
4.93,-457.5
4.9333,-455.7
4.9367,-499.5
4.94,-481.8
4.9433,-490.2
4.9467,-489
4.95,-517.8
4.9533,-516
4.9567,-496.8
4.96,-497.4
4.9633,-492.6
4.9667,-487.2
4.97,-488.4
4.9733,-477.9
4.9767,-478.8
4.98,-485.1
4.9833,-464.7
4.9867,-452.7
4.99,-489.9
4.9933,-510
4.9967,-501.3
5,-492.9
5.0033,-479.4
5.0067,-489
5.01,-495.9
5.0133,-486.3
5.0167,-487.2
5.02,-470.1
5.0233,-420
5.0267,-446.7
5.03,-482.7
5.0333,-504.3
5.0367,-500.7
5.04,-517.2
5.0433,-511.8
5.0467,-493.2
5.05,-486.9
5.0533,-477
5.0567,-471
5.06,-465.9
5.0633,-480.6
5.0667,-437.7
5.07,-455.1
5.0733,-513.6
5.0767,-502.2
5.08,-500.1
5.0833,-486.9
5.0867,-479.4
5.09,-478.8
5.0933,-475.2
5.0967,-478.5
5.1,-473.1
5.1033,-464.7
5.1067,-467.1
5.11,-471.6
5.1133,-452.4
5.1167,-420
5.12,-506.7
5.1233,-502.5
5.1267,-488.7
5.13,-466.2
5.1333,-483.3
5.1367,-485.1
5.14,-479.4
5.1433,-468.6
5.1467,-472.5
5.15,-454.8
5.1533,-460.5
5.1567,-431.1
5.16,-458.4
5.1633,-514.2
5.1667,-479.4
5.17,-465.9
5.1733,-465.6
5.1767,-516.6
5.18,-505.8
5.1833,-483.6
5.1867,-480.6
5.19,-470.4
5.1933,-473.4
5.1967,-480.3
5.2,-468.6
5.2033,-477.6
5.2067,-448.5
5.21,-449.1
5.2133,-494.7
5.2167,-489.3
5.22,-475.8
5.2233,-470.7
5.2267,-471.3
5.23,-461.1
5.2333,-473.1
5.2367,-473.1
5.24,-455.1
5.2433,-404.4
5.2467,-453
5.25,-513
5.2533,-481.5
5.2567,-430.5
5.26,-523.2
5.2633,-504.6
5.2667,-496.5
5.27,-480.3
5.2733,-479.1
5.2767,-471.9
5.28,-450.6
5.2833,-415.8
5.2867,-507.6
5.29,-506.7
5.2933,-503.1
5.2967,-492.3
5.3,-473.1
5.3033,-487.5
5.3067,-483.3
5.31,-480.9
5.3133,-473.7
5.3167,-473.7
5.32,-479.4
5.3233,-478.2
5.3267,-470.4
5.33,-459.9
5.3333,-486.6
5.3367,-467.4
5.34,-483.6
5.3433,-473.7
5.3467,-463.2
5.35,-469.8
5.3533,-492.3
5.3567,-487.8
5.36,-467.4
5.3633,-488.4
5.3667,-499.2
5.37,-458.1
5.3733,-416.4
5.3767,-438
5.38,-566.1
5.3833,-498.9
5.3867,-496.8
5.39,-472.2
5.3933,-504
5.3967,-492
5.4,-487.5
5.4033,-481.8
5.4067,-479.4
5.41,-461.1
5.4133,-469.5
5.4167,-469.8
5.42,-504.3
5.4233,-465.3
5.4267,-484.5
5.43,-498.9
5.4333,-465
5.4367,-495.3
5.44,-513.3
5.4433,-478.2
5.4467,-473.4
5.45,-440.4
5.4533,-447
5.4567,-546.3
5.46,-515.1
5.4633,-493.2
5.4667,-487.8
5.47,-498.9
5.4733,-489
5.4767,-491.1
5.48,-479.1
5.4833,-507.6
5.4867,-472.8
5.49,-477.3
5.4933,-464.4
5.4967,-471.6
5.5,-496.5
5.5033,-513.9
5.5067,-510.3
5.51,-491.1
5.5133,-480.3
5.5167,-510
5.52,-489.9
5.5233,-462.9
5.5267,-462.9
5.53,-492.3
5.5333,-490.5
5.5367,-504.6
5.54,-487.8
5.5433,-505.2
5.5467,-506.1
5.55,-483.9
5.5533,-504
5.5567,-490.5
5.56,-480.9
5.5633,-503.7
5.5667,-476.4
5.57,-467.4
5.5733,-497.7
5.5767,-513
5.58,-497.4
5.5833,-473.4
5.5867,-521.7
5.59,-513
5.5933,-496.2
5.5967,-500.4
5.6,-508.8
5.6033,-502.2
5.6067,-486.6
5.61,-495
5.6133,-472.2
5.6167,-449.7
5.62,-496.2
5.6233,-522.6
5.6267,-514.5
5.63,-519.3
5.6333,-491.4
5.6367,-502.8
5.64,-515.4
5.6433,-498.6
5.6467,-498.3
5.65,-462.9
5.6533,-439.5
5.6567,-536.4
5.66,-533.1
5.6633,-498.3
5.6667,-494.1
5.67,-516.9
5.6733,-501
5.6767,-525.9
5.68,-506.1
5.6833,-504.3
5.6867,-501.3
5.69,-502.8
5.6933,-443.4
5.6967,-441.3
5.7,-565.5
5.7033,-526.5
5.7067,-519.9
5.71,-507
5.7133,-519.6
5.7167,-509.4
5.72,-510.6
5.7233,-508.8
5.7267,-495.3
5.73,-510.3
5.7333,-498.9
5.7367,-478.5
5.74,-503.4
5.7433,-534.6
5.7467,-479.1
5.75,-491.1
5.7533,-534.3
5.7567,-534.3
5.76,-518.4
5.7633,-516
5.7667,-511.2
5.77,-507.3
5.7733,-508.8
5.7767,-490.2
5.78,-457.5
5.7833,-502.5
5.7867,-510.3
5.79,-499.8
5.7933,-541.5
5.7967,-513
5.8,-517.5
5.8033,-520.8
5.8067,-489.9
5.81,-523.8
5.8133,-526.8
5.8167,-516
5.82,-490.5
5.8233,-520.2
5.8267,-513.3
5.83,-515.4
5.8333,-512.7
5.8367,-532.2
5.84,-522
5.8433,-514.5
5.8467,-504.6
5.85,-513.3
5.8533,-496.5
5.8567,-469.8
5.86,-531
5.8633,-525.6
5.8667,-527.7
5.87,-522.3
5.8733,-492.9
5.8767,-533.7
5.88,-523.2
5.8833,-493.5
5.8867,-500.7
5.89,-548.4
5.8933,-531.9
5.8967,-517.8
5.9,-509.7
5.9033,-534
5.9067,-522
5.91,-520.8
5.9133,-510.3
5.9167,-520.8
5.92,-514.8
5.9233,-518.1
5.9267,-503.7
5.93,-455.1
5.9333,-534.6
5.9367,-567.3
5.94,-507.3
5.9433,-459
5.9467,-539.4
5.95,-576.6
5.9533,-528.3
5.9567,-535.8
5.96,-516.6
5.9633,-528
5.9667,-506.4
5.97,-525.3
5.9733,-527.1
5.9767,-524.1
5.98,-523.5
5.9833,-510
5.9867,-543.3
5.99,-514.2
5.9933,-533.1
5.9967,-533.4
6,-519
6.0033,-522.3
6.0067,-523.5
6.01,-489.9
6.0133,-529.8
6.0167,-555
6.02,-545.1
6.0233,-530.4
6.0267,-532.2
6.03,-492.3
6.0333,-499.2
6.0367,-541.2
6.04,-555.6
6.0433,-543.9
6.0467,-543.3
6.05,-526.8
6.0533,-545.7
6.0567,-513.6
6.06,-525.9
6.0633,-548.4
6.0667,-522.9
6.07,-516.6
6.0733,-544.2
6.0767,-535.2
6.08,-546
6.0833,-549.9
6.0867,-543.6
6.09,-535.2
6.0933,-509.1
6.0967,-548.1
6.1,-548.4
6.1033,-550.5
6.1067,-544.8
6.11,-514.2
6.1133,-493.2
6.1167,-544.8
6.12,-567.3
6.1233,-554.7
6.1267,-539.4
6.13,-542.7
6.1333,-531.3
6.1367,-545.4
6.14,-536.7
6.1433,-503.7
6.1467,-559.2
6.15,-545.1
6.1533,-524.1
6.1567,-543.9
6.16,-549.6
6.1633,-486.3
6.1667,-549.6
6.17,-529.8
6.1733,-533.7
6.1767,-579.3
6.18,-590.1
6.1833,-549.3
6.1867,-549.6
6.19,-538.2
6.1933,-537
6.1967,-536.7
6.2,-555.3
6.2033,-538.2
6.2067,-534
6.21,-564.9
6.2133,-544.8
6.2167,-545.7
6.22,-541.5
6.2233,-542.7
6.2267,-545.7
6.23,-537.3
6.2333,-524.1
6.2367,-562.2
6.24,-542.4
6.2433,-507.9
6.2467,-572.4
6.25,-557.7
6.2533,-511.5
6.2567,-569.7
6.26,-586.5
6.2633,-553.8
6.2667,-546.3
6.27,-564
6.2733,-513
6.2767,-502.2
6.28,-592.2
6.2833,-570.6
6.2867,-576.9
6.29,-551.4
6.2933,-564.3
6.2967,-546.9
6.3,-553.8
6.3033,-528
6.3067,-543
6.31,-588.6
6.3133,-570
6.3167,-562.5
6.32,-537.9
6.3233,-559.5
6.3267,-558
6.33,-552
6.3333,-564.6
6.3367,-537.9
6.34,-549.3
6.3433,-537
6.3467,-555
6.35,-567.6
6.3533,-567.3
6.3567,-563.7
6.36,-549
6.3633,-558
6.3667,-531.3
6.37,-574.5
6.3733,-567.9
6.3767,-557.1
6.38,-570.6
6.3833,-566.7
6.3867,-556.2
6.39,-543.6
6.3933,-530.4
6.3967,-557.4
6.4,-578.1
6.4033,-569.7
6.4067,-522
6.41,-574.2
6.4133,-588.3
6.4167,-557.4
6.42,-548.4
6.4233,-560.7
6.4267,-556.2
6.43,-565.2
6.4333,-586.8
6.4367,-567
6.44,-569.1
6.4433,-546.6
6.4467,-561.9
6.45,-530.1
6.4533,-570.9
6.4567,-586.8
6.46,-561.9
6.4633,-560.1
6.4667,-563.7
6.47,-573.3
6.4733,-570
6.4767,-573.3
6.48,-575.4
6.4833,-526.8
6.4867,-570.9
6.49,-591
6.4933,-575.1
6.4967,-565.2
6.5,-568.2
6.5033,-549.6
6.5067,-587.1
6.51,-574.2
6.5133,-570.9
6.5167,-558.3
6.52,-549.9
6.5233,-556.8
6.5267,-577.5
6.53,-584.7
6.5333,-580.2
6.5367,-564
6.54,-538.5
6.5433,-583.2
6.5467,-539.7
6.55,-540
6.5533,-620.7
6.5567,-586.2
6.56,-561.6
6.5633,-599.1
6.5667,-581.7
6.57,-574.8
6.5733,-582
6.5767,-580.5
6.58,-576
6.5833,-565.8
6.5867,-580.2
6.59,-581.1
6.5933,-575.7
6.5967,-575.7
6.6,-562.8
6.6033,-592.2
6.6067,-569.4
6.61,-554.1
6.6133,-594.6
6.6167,-582.9
6.62,-581.4
6.6233,-585
6.6267,-550.2
6.63,-528.6
6.6333,-567.6
6.6367,-612.9
6.64,-611.1
6.6433,-616.5
6.6467,-599.4
6.65,-582.6
6.6533,-584.4
6.6567,-562.8
6.66,-582.3
6.6633,-599.4
6.6667,-589.5
6.67,-584.4
6.6733,-570.9
6.6767,-570.6
6.68,-600.6
6.6833,-554.7
6.6867,-542.1
6.69,-604.5
6.6933,-609.3
6.6967,-592.8
6.7,-564.9
6.7033,-543.9
6.7067,-630.3
6.71,-576.6
6.7133,-618
6.7167,-572.7
6.72,-595.8
6.7233,-600.9
6.7267,-587.4
6.73,-584.1
6.7333,-579.9
6.7367,-582
6.74,-572.4
6.7433,-567.6
6.7467,-589.5
6.75,-577.5
6.7533,-585.6
6.7567,-589.2
6.76,-585.9
6.7633,-544.5
6.7667,-568.5
6.77,-584.7
6.7733,-603.3
6.7767,-610.2
6.78,-574.2
6.7833,-538.5
6.7867,-579.3
6.79,-596.7
6.7933,-598.2
6.7967,-610.5
6.8,-599.7
6.8033,-598.8
6.8067,-587.7
6.81,-579.6
6.8133,-588
6.8167,-596.4
6.82,-590.4
6.8233,-588.3
6.8267,-587.7
6.83,-577.8
6.8333,-560.4
6.8367,-590.7
6.84,-601.5
6.8433,-573.9
6.8467,-587.7
6.85,-605.7
6.8533,-586.8
6.8567,-593.4
6.86,-599.7
6.8633,-593.1
6.8667,-589.8
6.87,-573.3
6.8733,-530.7
6.8767,-595.2
6.88,-601.5
6.8833,-599.7
6.8867,-624.6
6.89,-597.9
6.8933,-585.3
6.8967,-593.4
6.9,-588.6
6.9033,-573
6.9067,-597.3
6.91,-574.8
6.9133,-564.3
6.9167,-614.7
6.92,-569.4
6.9233,-614.7
6.9267,-606.3
6.93,-580.2
6.9333,-588.9
6.9367,-567.3
6.94,-582
6.9433,-562.2
6.9467,-590.7
6.95,-616.8
6.9533,-611.1
6.9567,-597.9
6.96,-587.7
6.9633,-590.1
6.9667,-563.7
6.97,-583.8
6.9733,-597
6.9767,-614.7
6.98,-600.6
6.9833,-603.6
6.9867,-585
6.99,-588.3
6.9933,-618
6.9967,-596.7
7,-593.4
7.0033,-591.6
7.0067,-585.3
7.01,-573
7.0133,-588.3
7.0167,-585.9
7.02,-619.5
7.0233,-613.2
7.0267,-581.1
7.03,-597.6
7.0333,-619.5
7.0367,-598.5
7.04,-574.2
7.0433,-595.8
7.0467,-577.8
7.05,-583.5
7.0533,-632.1
7.0567,-588.9
7.06,-583.2
7.0633,-646.5
7.0667,-594.9
7.07,-610.8
7.0733,-604.8
7.0767,-585
7.08,-594
7.0833,-610.2
7.0867,-590.1
7.09,-603.3
7.0933,-620.4
7.0967,-614.7
7.1,-597.3
7.1033,-582.6
7.1067,-590.4
7.11,-600.9
7.1133,-575.1
7.1167,-620.4
7.12,-639.3
7.1233,-556.8
7.1267,-596.1
7.13,-605.1
7.1333,-603
7.1367,-593.4
7.14,-622.5
7.1433,-617.4
7.1467,-609.9
7.15,-611.1
7.1533,-609.9
7.1567,-611.4
7.16,-627.3
7.1633,-612
7.1667,-606
7.17,-606.3
7.1733,-602.1
7.1767,-588
7.18,-625.8
7.1833,-623.7
7.1867,-606.9
7.19,-592.8
7.1933,-590.4
7.1967,-544.5
7.2,-623.7
7.2033,-627.6
7.2067,-615.3
7.21,-617.1
7.2133,-628.5
7.2167,-603.3
7.22,-599.1
7.2233,-627.3
7.2267,-601.2
7.23,-605.7
7.2333,-616.5
7.2367,-614.1
7.24,-573
7.2433,-621
7.2467,-617.1
7.25,-614.7
7.2533,-600.3
7.2567,-623.1
7.26,-621
7.2633,-612
7.2667,-587.1
7.27,-537.6
7.2733,-602.4
7.2767,-638.1
7.28,-630
7.2833,-627.6
7.2867,-633.3
7.29,-611.4
7.2933,-587.7
7.2967,-603
7.3,-620.7
7.3033,-608.1
7.3067,-610.2
7.31,-606.3
7.3133,-633.9
7.3167,-623.1
7.32,-624.6
7.3233,-602.7
7.3267,-617.1
7.33,-577.2
7.3333,-608.1
7.3367,-630.9
7.34,-620.7
7.3433,-615.9
7.3467,-624.6
7.35,-611.7
7.3533,-556.5
7.3567,-612.3
7.36,-642.6
7.3633,-619.8
7.3667,-609
7.37,-629.4
7.3733,-629.4
7.3767,-600.3
7.38,-631.5
7.3833,-629.7
7.3867,-621.6
7.39,-616.5
7.3933,-617.1
7.3967,-614.1
7.4,-603.3
7.4033,-586.8
7.4067,-638.7
7.41,-624.6
7.4133,-631.2
7.4167,-623.4
7.42,-616.2
7.4233,-604.8
7.4267,-622.2
7.43,-597.6
7.4333,-536.4
7.4367,-634.2
7.44,-671.4
7.4433,-631.2
7.4467,-633.9
7.45,-651.3
7.4533,-629.7
7.4567,-606
7.46,-628.5
7.4633,-624.3
7.4667,-618.9
7.47,-638.7
7.4733,-619.8
7.4767,-634.5
7.48,-630.9
7.4833,-623.1
7.4867,-619.5
7.49,-622.2
7.4933,-630
7.4967,-627.6
7.5,-609.3
7.5033,-591.3
7.5067,-603.3
7.51,-627.3
7.5133,-645.9
7.5167,-658.8
7.52,-652.8
7.5233,-603.6
7.5267,-634.8
7.53,-647.4
7.5333,-636.3
7.5367,-625.8
7.54,-626.1
7.5433,-630.9
7.5467,-628.2
7.55,-626.1
7.5533,-624.6
7.5567,-637.2
7.56,-631.5
7.5633,-629.4
7.5667,-630.3
7.57,-619.2
7.5733,-562.8
7.5767,-582.9
7.58,-699.9
7.5833,-645.3
7.5867,-640.8
7.59,-637.8
7.5933,-634.5
7.5967,-636
7.6,-645
7.6033,-626.1
7.6067,-612.9
7.61,-603.9
7.6133,-645.3
7.6167,-641.7
7.62,-633.9
7.6233,-641.7
7.6267,-641.7
7.63,-624.6
7.6333,-604.5
7.6367,-637.2
7.64,-599.1
7.6433,-535.8
7.6467,-702
7.65,-661.5
7.6533,-644.7
7.6567,-647.1
7.66,-642
7.6633,-638.1
7.6667,-623.7
7.67,-636.3
7.6733,-636
7.6767,-630.6
7.68,-633.6
7.6833,-639.3
7.6867,-629.7
7.69,-646.2
7.6933,-637.5
7.6967,-629.4
7.7,-639
7.7033,-637.2
7.7067,-637.8
7.71,-580.8
7.7133,-620.7
7.7167,-657.3
7.72,-627.9
7.7233,-632.7
7.7267,-633.9
7.73,-647.4
7.7333,-619.8
7.7367,-650.4
7.74,-620.1
7.7433,-638.7
7.7467,-621.3
7.75,-655.5
7.7533,-637.2
7.7567,-648.9
7.76,-636.6
7.7633,-621.9
7.7667,-609.9
7.77,-634.2
7.7733,-629.4
7.7767,-632.1
7.78,-625.8
7.7833,-574.5
7.7867,-646.2
7.79,-662.7
7.7933,-658.5
7.7967,-626.4
7.8,-634.2
7.8033,-619.2
7.8067,-632.4
7.81,-635.7
7.8133,-639.9
7.8167,-650.1
7.82,-627.6
7.8233,-635.1
7.8267,-621.6
7.83,-609.9
7.8333,-647.7
7.8367,-619.8
7.84,-615
7.8433,-646.5
7.8467,-642.9
7.85,-628.2
7.8533,-602.1
7.8567,-607.2
7.86,-654
7.8633,-657
7.8667,-645.6
7.87,-610.5
7.8733,-649.2
7.8767,-624
7.88,-622.2
7.8833,-625.2
7.8867,-675.9
7.89,-630.6
7.8933,-631.2
7.8967,-618
7.9,-637.2
7.9033,-633
7.9067,-635.4
7.91,-651
7.9133,-620.4
7.9167,-636.9
7.92,-632.1
7.9233,-631.5
7.9267,-669.6
7.93,-637.8
7.9333,-654.6
7.9367,-654.9
7.94,-583.2
7.9433,-635.1
7.9467,-644.4
7.95,-648.9
7.9533,-663.9
7.9567,-643.5
7.96,-655.2
7.9633,-642.9
7.9667,-603.9
7.97,-639
7.9733,-641.7
7.9767,-622.5
7.98,-656.7
7.9833,-643.5
7.9867,-643.2
7.99,-598.8
7.9933,-618.6
7.9967,-656.7
8,-641.1
8.0033,-644.1
8.0067,-660
8.01,-635.7
8.0133,-664.8
8.0167,-637.2
8.02,-634.8
8.0233,-629.4
8.0267,-599.7
8.03,-658.2
8.0333,-669.3
8.0367,-635.1
8.04,-635.7
8.0433,-636
8.0467,-633.9
8.05,-631.8
8.0533,-614.4
8.0567,-669.6
8.06,-643.8
8.0633,-635.7
8.0667,-651.9
8.07,-640.2
8.0733,-643.8
8.0767,-673.8
8.08,-662.4
8.0833,-621.6
8.0867,-638.7
8.09,-656.4
8.0933,-639
8.0967,-559.8
8.1,-645.3
8.1033,-721.5
8.1067,-660.3
8.11,-655.2
8.1133,-612.6
8.1167,-654
8.12,-675
8.1233,-642.6
8.1267,-643.2
8.13,-641.1
8.1333,-636.3
8.1367,-637.8
8.14,-597
8.1433,-604.5
8.1467,-649.8
8.15,-671.7
8.1533,-680.1
8.1567,-615
8.16,-603.6
8.1633,-680.1
8.1667,-683.1
8.17,-667.8
8.1733,-658.5
8.1767,-669.9
8.18,-628.2
8.1833,-650.4
8.1867,-649.2
8.19,-606.3
8.1933,-584.4
8.1967,-685.2
8.2,-623.4
8.2033,-634.2
8.2067,-661.5
8.21,-691.5
8.2133,-651.6
8.2167,-661.5
8.22,-666.3
8.2233,-642.3
8.2267,-607.5
8.23,-624.6
8.2333,-669.9
8.2367,-652.5
8.24,-555
8.2433,-590.7
8.2467,-683.1
8.25,-577.8
8.2533,-633.6
8.2567,-655.2
8.26,-621.9
8.2633,-651.6
8.2667,-626.1
8.27,-665.4
8.2733,-564.9
8.2767,-634.2
8.28,-711.3
8.2833,-642
8.2867,-593.7
8.29,-710.1
8.2933,-615
8.2967,-666.9
8.3,-678.3
8.3033,-679.5
8.3067,-656.4
8.31,-626.7
8.3133,-633.9
8.3167,-663.3
8.32,-616.8
8.3233,-634.2
8.3267,-641.1
8.33,-614.1
8.3333,-695.7
8.3367,-665.7
8.34,-622.8
8.3433,-617.4
8.3467,-558.9
8.35,-671.1
8.3533,-711.6
8.3567,-665.4
8.36,-670.2
8.3633,-650.7
8.3667,-650.1
8.37,-637.5
8.3733,-635.4
8.3767,-623.4
8.38,-557.7
8.3833,-606.9
8.3867,-628.2
8.39,-665.7
8.3933,-619.8
8.3967,-654
8.4,-620.1
8.4033,-602.1
8.4067,-562.2
8.41,-626.4
8.4133,-756
8.4167,-673.8
8.42,-657.9
8.4233,-682.8
8.4267,-637.8
8.43,-656.1
8.4333,-649.2
8.4367,-652.5
8.44,-632.7
8.4433,-644.7
8.4467,-630
8.45,-631.5
8.4533,-559.5
8.4567,-658.8
8.46,-679.8
8.4633,-619.8
8.4667,-622.8
8.47,-570
8.4733,-640.8
8.4767,-601.5
8.48,-667.8
8.4833,-642.9
8.4867,-639
8.49,-621.3
8.4933,-597.3
8.4967,-577.2
8.5,-659.7
8.5033,-635.4
8.5067,-578.7
8.51,-668.7
8.5133,-652.8
8.5167,-652.8
8.52,-570.6
8.5233,-645.3
8.5267,-630.9
8.53,-643.2
8.5333,-591.3
8.5367,-651.9
8.54,-667.5
8.5433,-646.5
8.5467,-659.4
8.55,-648.3
8.5533,-611.7
8.5567,-491.4
8.56,-620.7
8.5633,-646.2
8.5667,-611.4
8.57,-644.1
8.5733,-647.4
8.5767,-634.2
8.58,-635.7
8.5833,-468
8.5867,-581.4
8.59,-648.9
8.5933,-649.2
8.5967,-636.3
8.6,-639.6
8.6033,-635.4
8.6067,-590.7
8.61,-631.2
8.6133,-600
8.6167,-661.5
8.62,-585.3
8.6233,-685.8
8.6267,-496.8
8.63,-598.2
8.6333,-661.5
8.6367,-690.9
8.64,-570.9
8.6433,-607.2
8.6467,-580.8
8.65,-536.4
8.6533,-549.3
8.6567,-560.1
8.66,-765.3
8.6633,-618.6
8.6667,-558.9
8.67,-543
8.6733,-417.9
8.6767,-360.3
8.68,-647.7
8.6833,-612.3
8.6867,-598.2
8.69,-529.8
8.6933,-621.3
8.6967,-511.5
8.7,-459.6
8.7033,-384.3
8.7067,-676.8
8.71,-486.3
8.7133,-532.8
8.7167,-307.5
8.72,-300.3
8.7233,-233.1
8.7267,-759.9
8.73,-238.5
8.7333,92.1
8.7367,-143.1
8.74,-540.6
8.7433,-479.4
8.7467,-977.1
8.75,-396.3
8.7533,-594
8.7567,-64.8
8.76,-836.1
8.7633,-387
8.7667,-282.9
8.77,-267.6
8.7733,-371.4
8.7767,-250.8
8.78,-237.6
8.7833,-398.4
8.7867,-717.3
8.79,-236.7
8.7933,10.8
8.7967,268.2
8.8,-574.2
8.8033,-321.9
8.8067,-5.4
8.81,-372
8.8133,-168
8.8167,-361.5
8.82,-864.6
8.8233,-72.9
8.8267,-398.7
8.83,-598.2
8.8333,-46.2
8.8367,-442.5
8.84,151.2
8.8433,-30.3
8.8467,-53.1
8.85,-349.8
8.8533,-249.9
8.8567,-334.5
8.86,-314.7
8.8633,-170.7
8.8667,-453.6
8.87,-265.8
8.8733,108.9
8.8767,447.6
8.88,-338.4
8.8833,-164.7
8.8867,-183
8.89,758.4
8.8933,-245.1
8.8967,-486.6
8.9,-826.8
8.9033,-102.3
8.9067,531.3
8.91,-739.5
8.9133,-184.5
8.9167,-488.1
8.92,214.5
8.9233,346.5
8.9267,264.6
8.93,-136.2
8.9333,-71.1
8.9367,-1008.6
8.94,334.2
8.9433,-682.5
8.9467,-30.9
8.95,243.9
8.9533,-39.6
8.9567,-183.3
8.96,414
8.9633,-72.6
8.9667,-745.2
8.97,-601.5
8.9733,-47.1
8.9767,379.8
8.98,-132.9
8.9833,-464.1
8.9867,194.7
8.99,152.1
8.9933,-605.4
8.9967,546.9
9,249.6
9.0033,750.6
9.0067,-893.4
9.01,-1372.5
9.0133,227.7
9.0167,398.7
9.02,-311.1
9.0233,-977.1
9.0267,453.9
9.03,1188.3
9.0333,-853.2
9.0367,-251.7
9.04,831.3
9.0433,-529.5
9.0467,339.3
9.05,502.8
9.0533,385.8
9.0567,-1496.7
9.06,-847.2
9.0633,-522.6
9.0667,118.5
9.07,376.2
9.0733,1366.8
9.0767,-852
9.08,-1094.1
9.0833,-387
9.0867,166.5
9.09,777.9
9.0933,1387.2
9.0967,-904.8
9.1,-471.3
9.1033,-99.9
9.1067,192.3
9.11,-514.2
9.1133,-207.3
9.1167,296.7
9.12,-182.1
9.1233,-1125.3
9.1267,189.3
9.13,-118.2
9.1333,1398
9.1367,-101.7
9.14,12.3
9.1433,-785.7
9.1467,-837.9
9.15,-38.1
9.1533,-259.2
9.1567,711
9.16,207
9.1633,-523.2
9.1667,16.8
9.17,3.3
9.1733,-87.9
9.1767,-411.9
9.18,8.1
9.1833,399.6
9.1867,929.4
9.19,-570.6
9.1933,-1360.2
9.1967,605.4
9.2,993.9
9.2033,662.1
9.2067,-1133.4
9.21,-1082.7
9.2133,-707.4
9.2167,140.1
9.22,231.3
9.2233,1335.9
9.2267,812.1
9.23,-1513.5
9.2333,383.1
9.2367,328.5
9.24,-1560.6
9.2433,-269.1
9.2467,410.1
9.25,233.4
9.2533,-770.1
9.2567,-881.7
9.26,-18.6
9.2633,570.6
9.2667,-171.3
9.27,146.7
9.2733,396
9.2767,-321.3
9.28,624.3
9.2833,-1166.7
9.2867,327
9.29,4.2
9.2933,-135.3
9.2967,-496.5
9.3,-420
9.3033,499.5
9.3067,-335.7
9.31,-684.9
9.3133,-308.4
9.3167,947.4
9.32,-203.7
9.3233,-655.5
9.3267,-187.2
9.33,373.5
9.3333,-866.4
9.3367,91.5
9.34,251.1
9.3433,-702
9.3467,42.3
9.35,-539.7
9.3533,-264.6
9.3567,-190.2
9.36,-312.6
9.3633,417.3
9.3667,19.5
9.37,-924
9.3733,-106.8
9.3767,533.7
9.38,18.3
9.3833,-960
9.3867,-42.9
9.39,189
9.3933,417
9.3967,-608.1
9.4,-136.2
9.4033,287.7
9.4067,-1167.3
9.41,-548.1
9.4133,-350.1
9.4167,-252
9.42,-375
9.4233,445.8
9.4267,167.4
9.43,-812.1
9.4333,-180.3
9.4367,88.2
9.44,442.5
9.4433,-685.8
9.4467,-296.7
9.45,-569.1
9.4533,587.1
9.4567,-1077.6
9.46,-255.3
9.4633,-365.4
9.4667,-108
9.47,-145.2
9.4733,-184.8
9.4767,95.4
9.48,-265.2
9.4833,-134.7
9.4867,-144.9
9.49,276.9
9.4933,29.7
9.4967,-1116.6
9.5,-522.9
9.5033,-316.5
9.5067,65.4
9.51,-241.8
9.5133,-14.7
9.5167,126.3
9.52,522.3
9.5233,-616.2
9.5267,-599.1
9.53,246
9.5333,-37.2
9.5367,-1165.8
9.54,-483.6
9.5433,-483
9.5467,-3.3
9.55,1450.8
9.5533,-279.9
9.5567,-1050.3
9.56,49.2
9.5633,-940.2
9.5667,-638.7
9.57,-350.7
9.5733,-102.3
9.5767,160.2
9.58,-454.2
9.5833,911.4
9.5867,414.6
9.59,-44.4
9.5933,-1104.9
9.5967,-772.2
9.6,-692.1
9.6033,771
9.6067,600.3
9.61,-1144.2
9.6133,-240
9.6167,-92.1
9.62,-110.1
9.6233,-9.6
9.6267,-637.8
9.63,760.8
9.6333,-210.6
9.6367,-795.3
9.64,-1022.7
9.6433,-331.5
9.6467,-332.7
9.65,386.7
9.6533,-513.6
9.6567,-429
9.66,-592.8
9.6633,-316.2
9.6667,615.9
9.67,466.2
9.6733,-362.4
9.6767,-175.5
9.68,-567.3
9.6833,64.2
9.6867,779.1
9.69,-910.2
9.6933,-627
9.6967,-481.8
9.7,-418.2
9.7033,-221.4
9.7067,547.8
9.71,-207.3
9.7133,-930.6
9.7167,-362.4
9.72,7.5
9.7233,62.1
9.7267,-270
9.73,-454.2
9.7333,324.6
9.7367,-374.1
9.74,-441.6
9.7433,-612.3
9.7467,-248.4
9.75,122.4
9.7533,-912.9
9.7567,-155.7
9.76,302.1
9.7633,-578.7
9.7667,-432.3
9.77,235.8
9.7733,1146.6
9.7767,161.7
9.78,-1571.7
9.7833,-623.7
9.7867,190.8
9.79,255.9
9.7933,517.5
9.7967,-1269.9
9.8,-872.1
9.8033,-578.7
9.8067,-627.3
9.81,285.3
9.8133,99.9
9.8167,-237
9.82,-721.8
9.8233,-405
9.8267,-387.3
9.83,350.7
9.8333,65.7
9.8367,-352.2
9.84,-1010.1
9.8433,-143.1
9.8467,-311.7
9.85,260.7
9.8533,-726
9.8567,-499.5
9.86,-223.2
9.8633,-234
9.8667,-438.9
9.87,168.9
9.8733,-142.8
9.8767,-201.9
9.88,330.6
9.8833,251.1
9.8867,-786.3
9.89,-545.7
9.8933,-236.4
9.8967,-340.2
9.9,-80.1
9.9033,-351.6
9.9067,-528
9.91,-273.9
9.9133,-573.9
9.9167,100.2
9.92,-168
9.9233,-231.3
9.9267,710.4
9.93,-1067.1
9.9333,-368.4
9.9367,-128.1
9.94,21
9.9433,902.4
9.9467,-1410
9.95,-835.8
9.9533,-359.7
9.9567,-286.5
9.96,-976.8
9.9633,658.5
9.9667,-540.3
9.97,-362.1
9.9733,-518.1
9.9767,-27.9
9.98,-91.8
9.9833,475.5
9.9867,-355.2
9.99,-801.3
9.9933,-367.8
9.9967,-241.2
10,357.9
10.0033,-297
10.0067,-4.2
10.01,-771.3
10.0133,-540.9
10.0167,-441
10.02,439.5
10.0233,-257.1
10.0267,-939
10.03,-471.6
10.0333,-559.5
10.0367,-208.8
10.04,-273
10.0433,91.5
10.0467,-16.5
10.05,-650.7
10.0533,-28.5
10.0567,-183.3
10.06,52.5
10.0633,-582
10.0667,-737.4
10.07,-98.7
10.0733,618.6
10.0767,-1208.7
10.08,-293.7
10.0833,-567.3
10.0867,845.7
10.09,813.9
10.0933,-1212
10.0967,-942.3
10.1,-784.5
10.1033,-39.3
10.1067,-52.8
10.11,43.5
10.1133,-897.6
10.1167,104.4
10.12,-179.4
10.1233,29.1
10.1267,-88.5
10.13,235.8
10.1333,-1120.5
10.1367,-374.7
10.14,135.3
10.1433,-285
10.1467,75.6
10.15,58.2
10.1533,-1276.2
10.1567,-376.5
10.16,-255.9
10.1633,490.2
10.1667,-827.4
10.17,-473.4
10.1733,206.1
10.1767,-660.6
10.18,64.8
10.1833,-201.3
10.1867,-434.1
10.19,-124.2
10.1933,-212.4
10.1967,-389.4
10.2,176.4
10.2033,-140.1
10.2067,-302.4
10.21,-672.6
10.2133,-469.2
10.2167,-40.8
10.22,-130.2
10.2233,-526.5
10.2267,-285
10.23,-716.4
10.2333,547.5
10.2367,-85.8
10.24,-862.2
10.2433,-579.3
10.2467,-352.2
10.25,272.4
10.2533,-709.8
10.2567,-436.2
10.26,-57.6
10.2633,529.8
10.2667,-491.1
10.27,-699.6
10.2733,171
10.2767,72.9
10.28,-793.5
10.2833,-974.7
10.2867,264.9
10.29,-142.8
10.2933,-734.7
10.2967,-471.3
10.3,420.9
10.3033,284.7
10.3067,-924.6
10.31,-339.6
10.3133,128.7
10.3167,-712.8
10.32,-242.1
10.3233,-103.8
10.3267,-124.5
10.33,14.1
10.3333,-274.8
10.3367,-738.6
10.34,-73.8
10.3433,420
10.3467,-432.6
10.35,-1449.6
10.3533,-379.5
10.3567,-430.8
10.36,-135
10.3633,-87.6
10.3667,-384
10.37,-339
10.3733,-166.2
10.3767,-118.5
10.38,-556.8
10.3833,-546.3
10.3867,-487.8
10.39,104.1
10.3933,77.4
10.3967,-731.7
10.4,-373.8
10.4033,48.9
10.4067,-447.9
10.41,-573
10.4133,-376.5
10.4167,173.1
10.42,-801.6
10.4233,53.4
10.4267,699.6
10.43,-774.9
10.4333,-1001.7
10.4367,-594
10.44,-560.4
10.4433,-96.9
10.4467,-21.6
10.45,-497.4
10.4533,-553.2
10.4567,348
10.46,-1.8
10.4633,-964.2
10.4667,-887.1
10.47,-386.7
10.4733,93.6
10.4767,-386.1
10.48,-300.3
10.4833,-742.8
10.4867,-211.8
10.49,-307.8
10.4933,-328.5
10.4967,-419.1
10.5,-193.8
10.5033,912.3
10.5067,-432.3
10.51,-827.7
10.5133,-659.7
10.5167,1197.3
10.52,-1230
10.5233,-1200.6
10.5267,-498.6
10.53,-495.9
10.5333,-400.2
10.5367,-448.5
10.54,-260.7
10.5433,-67.2
10.5467,-69.9
10.55,573.6
10.5533,187.5
10.5567,-1158.3
10.56,-1012.8
10.5633,-474
10.5667,-124.5
10.57,-105.3
10.5733,3.9
10.5767,-819
10.58,-414
10.5833,-398.7
10.5867,647.7
10.59,-859.5
10.5933,-724.5
10.5967,-120.3
10.6,16.5
10.6033,-1070.7
10.6067,-132.3
10.61,-322.5
10.6133,-267.3
10.6167,-296.4
10.62,-693.3
10.6233,-321.9
10.6267,591.6
10.63,552.3
10.6333,58.8
10.6367,-985.8
10.64,-870
10.6433,-944.1
10.6467,-296.4
10.65,-411
10.6533,-109.2
10.6567,-511.2
10.66,-397.5
10.6633,-273.3
10.6667,-550.5
10.67,-239.7
10.6733,-208.2
10.6767,273
10.68,-493.2
10.6833,-649.2
10.6867,485.7
10.69,-795.9
10.6933,-785.7
10.6967,-488.7
10.7,54.9
10.7033,198.6
10.7067,253.5
10.71,-1027.5
10.7133,-512.1
10.7167,445.2
10.72,-1240.8
10.7233,-99.3
10.7267,-171.3
10.73,-480.3
10.7333,-615.3
10.7367,-183.6
10.74,-826.2
10.7433,-405
10.7467,-585.6
10.75,-105
10.7533,-234.6
10.7567,-527.4
10.76,-229.8
10.7633,254.7
10.7667,475.2
10.77,-809.1
10.7733,-320.4
10.7767,-857.7
10.78,-681.3
10.7833,-301.5
10.7867,-556.8
10.79,-409.8
10.7933,442.5
10.7967,1328.4
10.8,-164.4
10.8033,-1511.7
10.8067,-837.9
10.81,-783.3
10.8133,-431.4
10.8167,-12.6
10.82,98.7
10.8233,-281.1
10.8267,-569.1
10.83,-766.8
10.8333,-289.5
10.8367,-543
10.84,-127.2
10.8433,-295.8
10.8467,-192.9
10.85,-215.1
10.8533,-78.3
10.8567,-961.8
10.86,-482.1
10.8633,-206.7
10.8667,-341.4
10.87,104.7
10.8733,-183.3
10.8767,6.9
10.88,-572.1
10.8833,-713.1
10.8867,-357.6
10.89,917.7
10.8933,-428.7
10.8967,-1238.7
10.9,-942.3
10.9033,-480.3
10.9067,-439.2
10.91,118.8
10.9133,-134.7
10.9167,-563.7
10.92,-567.3
10.9233,-136.2
10.9267,-635.1
10.93,-270
10.9333,-81.3
10.9367,-535.5
10.94,-477.3
10.9433,-123.6
10.9467,-244.5
10.95,-833.1
10.9533,-385.2
10.9567,-280.5
10.96,-92.7
10.9633,-615.9
10.9667,-322.5
10.97,-232.2
10.9733,-417.3
10.9767,-525
10.98,-586.8
10.9833,-461.4
10.9867,-624
10.99,-172.2
10.9933,-243.6
10.9967,-573.9
11,-349.2
11.0033,-338.1
11.0067,-626.4
11.01,109.2
11.0133,-276
11.0167,-599.1
11.02,-304.2
11.0233,-377.4
11.0267,-504.9
11.03,-505.5
11.0333,-282.6
11.0367,146.7
11.04,386.1
11.0433,-1284.9
11.0467,-782.4
11.05,-487.5
11.0533,-549
11.0567,-168.3
11.06,-163.8
11.0633,137.7
11.0667,-865.5
11.07,-639.9
11.0733,22.2
11.0767,-512.7
11.08,-167.1
11.0833,-910.2
11.0867,-593.1
11.09,-417.9
11.0933,127.2
11.0967,323.7
11.1,-984.6
11.1033,-446.7
11.1067,-717.6
11.11,-276
11.1133,-69.3
11.1167,51.3
11.12,208.5
11.1233,-1038.6
11.1267,-1116.9
11.13,-660.3
11.1333,-16.2
11.1367,-160.5
11.14,-367.2
11.1433,-431.1
11.1467,-841.5
11.15,-221.1
11.1533,-449.1
11.1567,-320.7
11.16,-604.5
11.1633,59.1
11.1667,-171.3
11.17,11.7
11.1733,178.2
11.1767,1534.2
11.18,-1251.6
11.1833,-1776.3
11.1867,-1049.4
11.19,-677.1
11.1933,-582.6
11.1967,199.2
11.2,148.2
11.2033,-736.5
11.2067,-405.9
11.21,-285.6
11.2133,-525.3
11.2167,-834.3
11.22,-576.9
11.2233,-144
11.2267,-532.5
11.23,23.7
11.2333,-505.2
11.2367,-533.4
11.24,-387.9
11.2433,-444.6
11.2467,174.9
11.25,-221.4
11.2533,-463.5
11.2567,-790.2
11.26,-661.8
11.2633,-451.2
11.2667,-480.9
11.27,-318.3
11.2733,-154.2
11.2767,-717.6
11.28,-135.9
11.2833,1021.8
11.2867,97.2
11.29,-1508.7
11.2933,-1137.3
11.2967,-742.8
11.3,-517.2
11.3033,-144.6
11.3067,1113.3
11.31,-384.3
11.3133,-1791.3
11.3167,-517.8
11.32,-535.2
11.3233,-187.8
11.3267,-569.1
11.33,-348.6
11.3333,-208.5
11.3367,-592.8
11.34,-178.5
11.3433,-667.5
11.3467,-575.7
11.35,-520.8
11.3533,-380.1
11.3567,-245.4
11.36,430.8
11.3633,-719.7
11.3667,-552.9
11.37,-601.2
11.3733,-537.9
11.3767,-625.5
11.38,-404.4
11.3833,-396.6
11.3867,-121.8
11.39,-213.6
11.3933,78
11.3967,-673.8
11.4,-38.1
11.4033,224.7
11.4067,-698.4
11.41,-1159.5
11.4133,-826.8
11.4167,-765.6
11.42,-318.3
11.4233,-88.5
11.4267,28.2
11.43,-558.9
11.4333,-232.8
11.4367,-589.8
11.44,-312.3
11.4433,18
11.4467,-244.8
11.45,-870.3
11.4533,-1017.9
11.4567,-615
11.46,-459.3
11.4633,322.2
11.4667,132.6
11.47,-1175.7
11.4733,-396.3
11.4767,-866.4
11.48,-249.3
11.4833,-412.2
11.4867,-498.9
11.49,-234
11.4933,-230.1
11.4967,610.5
11.5,-1110.3
11.5033,-946.8
11.5067,-613.8
11.51,-346.5
11.5133,-531.9
11.5167,-88.2
11.52,-186.3
11.5233,-253.5
11.5267,-587.4
11.53,-879
11.5333,-275.7
11.5367,-662.4
11.54,-430.5
11.5433,-276.9
11.5467,-128.4
11.55,-510.3
11.5533,-653.7
11.5567,-439.2
11.56,-322.5
11.5633,159
11.5667,417
11.57,-851.1
11.5733,-936
11.5767,-898.2
11.58,-591.6
11.5833,-558.6
11.5867,-426.6
11.59,-300
11.5933,120.9
11.5967,-297
11.6,-377.4
11.6033,-586.5
11.6067,-662.7
11.61,-715.2
11.6133,-478.2
11.6167,-400.8
11.62,0.9
11.6233,-318.6
11.6267,-833.7
11.63,-604.5
11.6333,-459
11.6367,-330.9
11.64,-254.4
11.6433,-275.1
11.6467,87.3
11.65,-958.2
11.6533,-597.6
11.6567,-468
11.66,-377.7
11.6633,-310.8
11.6667,-486.6
11.67,-601.8
11.6733,-265.8
11.6767,-390
11.68,-411.9
11.6833,-562.5
11.6867,-387
11.69,-180
11.6933,-261
11.6967,-434.1
11.7,-69.3
11.7033,1109.7
11.7067,-798.9
11.71,-1397.1
11.7133,-659.1
11.7167,-632.7
11.72,-726.9
11.7233,-483.3
11.7267,-514.8
11.73,-290.1
11.7333,-365.1
11.7367,-213.3
11.74,-501.9
11.7433,-711
11.7467,-469.5
11.75,-493.5
11.7533,-376.2
11.7567,-437.7
11.76,-456.9
11.7633,-451.8
11.7667,-374.4
11.77,-353.7
11.7733,-33
11.7767,-130.5
11.78,-541.2
11.7833,-615
11.7867,-552.9
11.79,-457.8
11.7933,-608.7
11.7967,-500.7
11.8,-381.3
11.8033,-240.6
11.8067,-291.3
11.81,-462.6
11.8133,-365.4
11.8167,-617.4
11.82,-525.3
11.8233,-430.5
11.8267,-275.7
11.83,-249.6
11.8333,-565.8
11.8367,-615
11.84,-543.6
11.8433,-499.2
11.8467,-471.9
11.85,-464.1
11.8533,-381
11.8567,-443.4
11.86,-462
11.8633,-447.6
11.8667,-352.8
11.87,-362.4
11.8733,-439.2
11.8767,-374.4
11.88,-324.3
11.8833,-475.8
11.8867,-499.5
11.89,-301.2
11.8933,-415.5
11.8967,-600.3
11.9,-591.9
11.9033,-535.5
11.9067,-521.1
11.91,-480.6
11.9133,-503.7
11.9167,-530.7
11.92,-670.2
11.9233,-680.1
11.9267,-670.5
11.93,-684.3
11.9333,-666.3
11.9367,-648.9
11.94,-686.1
11.9433,-690.6
11.9467,-692.1
11.95,-683.1
11.9533,-690.6
11.9567,-718.5
11.96,-709.2
11.9633,-648
11.9667,-710.1
11.97,-711.6
11.9733,-718.5
11.9767,-707.1
11.98,-674.4
11.9833,-783.3
11.9867,-806.4
11.99,-795.6
11.9933,-773.7
11.9967,-739.2
12,-691.5
12.0033,-733.2
12.0067,-755.7
12.01,-645.9
12.0133,-768
12.0167,-852
12.02,-784.2
12.0233,-886.5
12.0267,-867
12.03,-840.6
12.0333,-815.7
12.0367,-816.9
12.04,-813.3
12.0433,-808.8
12.0467,-830.4
12.05,-819.3
12.0533,-809.7
12.0567,-797.4
12.06,-855.3
12.0633,-805.2
12.0667,-799.5
12.07,-813
12.0733,-783.9
12.0767,-819.9
12.08,-766.5
12.0833,-762
12.0867,-839.7
12.09,-919.5
12.0933,-888
12.0967,-912.3
12.1,-891
12.1033,-888.9
12.1067,-871.5
12.11,-852.9
12.1133,-873.3
12.1167,-884.1
12.12,-862.5
12.1233,-859.2
12.1267,-836.4
12.13,-826.5
12.1333,-795.9
12.1367,-769.8
12.14,-811.5
12.1433,-890.7
12.1467,-949.8
12.15,-751.8
12.1533,-804.3
12.1567,-842.1
12.16,-806.1
12.1633,-942
12.1667,-887.4
12.17,-855.6
12.1733,-811.2
12.1767,-815.7
12.18,-835.2
12.1833,-890.7
12.1867,-824.4
12.19,-834.6
12.1933,-810
12.1967,-778.8
12.2,-801.3
12.2033,-922.5
12.2067,-838.2
12.21,-833.7
12.2133,-808.5
12.2167,-794.1
12.22,-789
12.2233,-815.4
12.2267,-800.4
12.23,-731.1
12.2333,-889.8
12.2367,-846.3
12.24,-858.3
12.2433,-824.1
12.2467,-830.4
12.25,-810.3
12.2533,-798.9
12.2567,-766.5
12.26,-815.4
12.2633,-836.1
12.2667,-803.7
12.27,-799.8
12.2733,-803.7
12.2767,-802.5
12.28,-804
12.2833,-799.2
12.2867,-796.2
12.29,-783.6
12.2933,-794.4
12.2967,-785.4
12.3,-795
12.3033,-793.5
12.3067,-786.9
12.31,-772.8
12.3133,-793.8
12.3167,-785.4
12.32,-771.6
12.3233,-792.3
12.3267,-792.3
12.33,-786.6
12.3333,-780.9
12.3367,-785.4
12.34,-780.9
12.3433,-781.5
12.3467,-765.3
12.35,-720
12.3533,-731.1
12.3567,-777
12.36,-836.4
12.3633,-783
12.3667,-783.6
12.37,-786.9
12.3733,-780.6
12.3767,-777.3
12.38,-773.1
12.3833,-769.2
12.3867,-765.6
12.39,-694.8
12.3933,-777.9
12.3967,-775.8
12.4,-782.1
12.4033,-748.2
12.4067,-745.8
12.41,-805.8
12.4133,-775.8
12.4167,-764.7
12.42,-759.6
12.4233,-760.2
12.4267,-720
12.43,-777
12.4333,-790.5
12.4367,-755.7
12.44,-757.5
12.4433,-767.7
12.4467,-755.1
12.45,-768
12.4533,-755.1
12.4567,-754.2
12.46,-750.9
12.4633,-731.7
12.4667,-730.8
12.47,-728.1
12.4733,-692.1
12.4767,-744
12.48,-724.5
12.4833,-824.4
12.4867,-786.3
12.49,-771.3
12.4933,-752.7
12.4967,-755.1
12.5,-739.2
12.5033,-744.3
12.5067,-752.1
12.51,-751.2
12.5133,-740.4
12.5167,-746.4
12.52,-754.8
12.5233,-745.8
12.5267,-748.8
12.53,-737.7
12.5333,-739.2
12.5367,-730.2
12.54,-753.6
12.5433,-749.1
12.5467,-726.9
12.55,-740.7
12.5533,-730.5
12.5567,-693
12.56,-746.1
12.5633,-723.3
12.5667,-786.6
12.57,-709.2
12.5733,-756.9
12.5767,-787.5
12.58,-715.2
12.5833,-789.9
12.5867,-781.2
12.59,-770.1
12.5933,-761.4
12.5967,-732.3
12.6,-674.1
12.6033,-741.9
12.6067,-808.8
12.61,-774.6
12.6133,-744.6
12.6167,-747.3
12.62,-754.5
12.6233,-754.2
12.6267,-745.2
12.63,-741.6
12.6333,-738.6
12.6367,-739.2
12.64,-722.7
12.6433,-722.1
12.6467,-745.5
12.65,-738.9
12.6533,-735.9
12.6567,-715.5
12.66,-745.8
12.6633,-760.8
12.6667,-742.8
12.67,-736.5
12.6733,-694.5
12.6767,-693.3
12.68,-764.7
12.6833,-712.8
12.6867,-726.6
12.69,-751.5
12.6933,-729.3
12.6967,-732.3
12.7,-744.9
12.7033,-758.1
12.7067,-739.2
12.71,-708.6
12.7133,-723.3
12.7167,-730.2
12.72,-737.7
12.7233,-747.9
12.7267,-702.6
12.73,-699.3
12.7333,-751.2
12.7367,-696.3
12.74,-763.8
12.7433,-736.2
12.7467,-741
12.75,-702
12.7533,-732.3
12.7567,-740.1
12.76,-699.3
12.7633,-661.5
12.7667,-743.4
12.77,-743.1
12.7733,-739.5
12.7767,-739.2
12.78,-739.2
12.7833,-731.1
12.7867,-736.2
12.79,-730.2
12.7933,-723
12.7967,-723
12.8,-719.4
12.8033,-719.7
12.8067,-709.2
12.81,-705.9
12.8133,-714.3
12.8167,-731.1
12.82,-720.6
12.8233,-708.6
12.8267,-691.8
12.83,-735.6
12.8333,-722.4
12.8367,-714.3
12.84,-672.3
12.8433,-702
12.8467,-640.8
12.85,-739.2
12.8533,-771.3
12.8567,-704.4
12.86,-709.5
12.8633,-769.5
12.8667,-719.4
12.87,-726
12.8733,-669.3
12.8767,-722.7
12.88,-732.3
12.8833,-744.9
12.8867,-726.6
12.89,-727.5
12.8933,-702
12.8967,-724.8
12.9,-714.6
12.9033,-714.3
12.9067,-708.6
12.91,-702.9
12.9133,-699.3
12.9167,-639
12.92,-709.8
12.9233,-756.9
12.9267,-691.5
12.93,-684.3
12.9333,-752.7
12.9367,-708.6
12.94,-719.1
12.9433,-715.8
12.9467,-668.7
12.95,-687.6
12.9533,-769.8
12.9567,-713.1
12.96,-707.1
12.9633,-723.3
12.9667,-703.5
12.97,-723.9
12.9733,-700.8
12.9767,-699.6
12.98,-704.1
12.9833,-678.9
12.9867,-714.6
12.99,-704.4
12.9933,-688.2
12.9967,-704.1
13,-680.1
13.0033,-717.3
13.0067,-713.7
13.01,-706.8
13.0133,-675.9
13.0167,-663
13.02,-619.2
13.0233,-723
13.0267,-760.8
13.03,-716.7
13.0333,-713.1
13.0367,-704.7
13.04,-708.3
13.0433,-694.2
13.0467,-706.2
13.05,-711.9
13.0533,-715.5
13.0567,-708
13.06,-689.1
13.0633,-669
13.0667,-691.8
13.07,-700.2
13.0733,-677.7
13.0767,-743.1
13.08,-682.8
13.0833,-725.7
13.0867,-697.2
13.09,-703.5
13.0933,-697.5
13.0967,-691.2
13.1,-693.3
13.1033,-685.2
13.1067,-647.7
13.11,-688.2
13.1133,-746.7
13.1167,-717.3
13.12,-701.4
13.1233,-703.5
13.1267,-717.9
13.13,-695.7
13.1333,-694.8
13.1367,-696
13.14,-698.7
13.1433,-695.7
13.1467,-665.7
13.15,-687.6
13.1533,-709.5
13.1567,-687.3
13.16,-630
13.1633,-685.2
13.1667,-721.5
13.17,-721.5
13.1733,-700.8
13.1767,-708
13.18,-699.6
13.1833,-687.9
13.1867,-675.9
13.19,-683.7
13.1933,-684.3
13.1967,-740.7
13.2,-711.9
13.2033,-655.5
13.2067,-699.3
13.21,-712.2
13.2133,-716.7
13.2167,-681
13.22,-703.5
13.2233,-711.9
13.2267,-699.9
13.23,-701.7
13.2333,-674.1
13.2367,-679.5
13.24,-718.2
13.2433,-696.6
13.2467,-693.3
13.25,-679.2
13.2533,-679.8
13.2567,-668.1
13.26,-715.2
13.2633,-690.6
13.2667,-681.3
13.27,-703.2
13.2733,-671.4
13.2767,-675
13.28,-720.3
13.2833,-666.9
13.2867,-692.4
13.29,-675.9
13.2933,-701.4
13.2967,-646.8
13.3,-707.7
13.3033,-715.8
13.3067,-703.2
13.31,-703.8
13.3133,-716.4
13.3167,-707.7
13.32,-687.9
13.3233,-654
13.3267,-651.3
13.33,-737.7
13.3333,-713.7
13.3367,-704.1
13.34,-674.7
13.3433,-695.4
13.3467,-664.2
13.35,-699
13.3533,-715.8
13.3567,-701.1
13.36,-698.4
13.3633,-684.3
13.3667,-680.7
13.37,-653.4
13.3733,-693.9
13.3767,-630.6
13.38,-711
13.3833,-728.1
13.3867,-707.1
13.39,-694.8
13.3933,-713.7
13.3967,-698.1
13.4,-691.5
13.4033,-686.7
13.4067,-665.4
13.41,-671.1
13.4133,-669.3
13.4167,-657.9
13.42,-715.8
13.4233,-738
13.4267,-690
13.43,-680.1
13.4333,-698.4
13.4367,-654
13.44,-671.1
13.4433,-686.4
13.4467,-723.6
13.45,-699.3
13.4533,-705
13.4567,-704.4
13.46,-695.4
13.4633,-677.1
13.4667,-677.1
13.47,-695.1
13.4733,-709.5
13.4767,-678
13.48,-704.4
13.4833,-693.9
13.4867,-670.5
13.49,-704.1
13.4933,-708.3
13.4967,-674.7
13.5,-671.1
13.5033,-700.8
13.5067,-696.3
13.51,-686.7
13.5133,-688.2
13.5167,-683.4
13.52,-653.4
13.5233,-674.7
13.5267,-676.5
13.53,-687.9
13.5333,-710.1
13.5367,-715.8
13.54,-706.8
13.5433,-647.4
13.5467,-707.7
13.55,-703.5
13.5533,-694.5
13.5567,-702.6
13.56,-692.4
13.5633,-687
13.5667,-668.4
13.57,-661.2
13.5733,-642.3
13.5767,-666.3
13.58,-711
13.5833,-722.4
13.5867,-688.5
13.59,-681.9
13.5933,-648.9
13.5967,-707.1
13.6,-695.4
13.6033,-711
13.6067,-700.8
13.61,-695.4
13.6133,-667.8
13.6167,-682.5
13.62,-690.9
13.6233,-691.8
13.6267,-693
13.63,-687.3
13.6333,-682.5
13.6367,-689.7
13.64,-687.3
13.6433,-687.6
13.6467,-665.7
13.65,-653.4
13.6533,-664.2
13.6567,-712.8
13.66,-684.9
13.6633,-682.5
13.6667,-671.7
13.67,-692.1
13.6733,-723.6
13.6767,-702.6
13.68,-701.7
13.6833,-698.7
13.6867,-690.6
13.69,-681.3
13.6933,-663.9
13.6967,-685.8
13.7,-703.8
13.7033,-699.9
13.7067,-681.9
13.71,-702.3
13.7133,-689.7
13.7167,-676.8
13.72,-654.3
13.7233,-615
13.7267,-682.5
13.73,-681.3
13.7333,-699
13.7367,-762.6
13.74,-727.5
13.7433,-699
13.7467,-700.5
13.75,-697.2
13.7533,-693.6
13.7567,-683.1
13.76,-686.7
13.7633,-659.1
13.7667,-678.9
13.77,-690.9
13.7733,-713.4
13.7767,-706.2
13.78,-701.1
13.7833,-695.1
13.7867,-699.6
13.79,-703.2
13.7933,-680.7
13.7967,-653.1
13.8,-672.9
13.8033,-705.6
13.8067,-705.9
13.81,-728.7
13.8133,-693.3
13.8167,-696.9
13.82,-708.3
13.8233,-691.5
13.8267,-693.6
13.83,-672.6
13.8333,-671.1
13.8367,-693.3
13.84,-677.1
13.8433,-670.5
13.8467,-729
13.85,-693.3
13.8533,-697.8
13.8567,-699.9
13.86,-724.5
13.8633,-676.2
13.8667,-671.4
13.87,-683.4
13.8733,-691.8
13.8767,-696.6
13.88,-732.9
13.8833,-700.8
13.8867,-693.3
13.89,-689.4
13.8933,-693.3
13.8967,-679.2
13.9,-663.3
13.9033,-699.9
13.9067,-691.5
13.91,-698.4
13.9133,-694.8
13.9167,-691.5
13.92,-688.5
13.9233,-675.3
13.9267,-744.3
13.93,-727.5
13.9333,-695.4
13.9367,-664.2
13.94,-738.9
13.9433,-726.3
13.9467,-708.9
13.95,-699.3
13.9533,-702
13.9567,-694.5
13.96,-688.5
13.9633,-684
13.9667,-691.8
13.97,-706.2
13.9733,-706.8
13.9767,-694.2
13.98,-703.5
13.9833,-692.4
13.9867,-639
13.99,-691.8
13.9933,-703.5
13.9967,-722.1
14,-719.1
14.0033,-696
14.0067,-658.8
14.01,-652.5
14.0133,-756.9
14.0167,-721.2
14.02,-712.8
14.0233,-701.4
14.0267,-695.4
14.03,-688.2
14.0333,-698.7
14.0367,-693
14.04,-673.8
14.0433,-712.8
14.0467,-653.1
14.05,-679.2
14.0533,-730.2
14.0567,-708
14.06,-683.4
14.0633,-687.3
14.0667,-730.8
14.07,-733.2
14.0733,-686.1
14.0767,-670.2
14.08,-736.5
14.0833,-718.8
14.0867,-706.2
14.09,-693.6
14.0933,-701.7
14.0967,-678.3
14.1,-690.9
14.1033,-685.5
14.1067,-695.4
14.11,-723.3
14.1133,-702.9
14.1167,-688.2
14.12,-677.1
14.1233,-691.2
14.1267,-712.2
14.13,-677.7
14.1333,-669
14.1367,-727.2
14.14,-734.4
14.1433,-728.1
14.1467,-718.2
14.15,-707.7
14.1533,-682.5
14.1567,-686.4
14.16,-680.4
14.1633,-632.1
14.1667,-745.8
14.17,-746.7
14.1733,-718.8
14.1767,-711
14.18,-708.3
14.1833,-699.3
14.1867,-705.6
14.19,-698.7
14.1933,-688.2
14.1967,-675.9
14.2,-707.4
14.2033,-703.5
14.2067,-711.3
14.21,-717
14.2133,-675.3
14.2167,-698.1
14.22,-701.4
14.2233,-680.4
14.2267,-749.1
14.23,-743.7
14.2333,-690.6
14.2367,-706.5
14.24,-718.8
14.2433,-700.2
14.2467,-696.6
14.25,-711.9
14.2533,-713.4
14.2567,-704.7
14.26,-705.9
14.2633,-705
14.2667,-704.7
14.27,-690
14.2733,-671.7
14.2767,-731.7
14.28,-722.1
14.2833,-699.3
14.2867,-720
14.29,-712.2
14.2933,-705.3
14.2967,-648
14.3,-706.2
14.3033,-720.6
14.3067,-707.4
14.31,-727.5
14.3133,-714.6
14.3167,-704.4
14.32,-713.4
14.3233,-706.2
14.3267,-711
14.33,-715.2
14.3333,-687
14.3367,-713.7
14.34,-669.9
14.3433,-737.4
14.3467,-710.7
14.35,-728.7
14.3533,-718.8
14.3567,-718.5
14.36,-721.2
14.3633,-716.7
14.3667,-681
14.37,-725.1
14.3733,-708.3
14.3767,-694.5
14.38,-703.2
14.3833,-746.1
14.3867,-719.1
14.39,-708
14.3933,-692.1
14.3967,-724.2
14.4,-702.3
14.4033,-674.4
14.4067,-709.8
14.41,-741.6
14.4133,-731.4
14.4167,-703.2
14.42,-698.1
14.4233,-717.9
14.4267,-681
14.43,-723
14.4333,-743.4
14.4367,-735
14.44,-717.3
14.4433,-707.1
14.4467,-717
14.45,-709.8
14.4533,-680.1
14.4567,-675
14.46,-741
14.4633,-756.6
14.4667,-727.5
14.47,-719.7
14.4733,-717.3
14.4767,-722.4
14.48,-708.6
14.4833,-698.7
14.4867,-710.1
14.49,-707.7
14.4933,-663.3
14.4967,-737.7
14.5,-742.2
14.5033,-720
14.5067,-709.2
14.51,-699.3
14.5133,-688.8
14.5167,-735.9
14.52,-689.4
14.5233,-715.8
14.5267,-686.4
14.53,-722.7
14.5333,-693
14.5367,-741.3
14.54,-728.4
14.5433,-722.7
14.5467,-721.8
14.55,-710.4
14.5533,-705
14.5567,-689.4
14.56,-699.9
14.5633,-715.5
14.5667,-762
14.57,-717.3
14.5733,-715.2
14.5767,-711
14.58,-694.5
14.5833,-705
14.5867,-713.7
14.59,-650.1
14.5933,-707.1
14.5967,-758.1
14.6,-751.5
14.6033,-715.5
14.6067,-719.7
14.61,-722.1
14.6133,-719.1
14.6167,-731.4
14.62,-722.1
14.6233,-706.2
14.6267,-726.9
14.63,-720
14.6333,-707.4
14.6367,-701.1
14.64,-692.1
14.6433,-723.6
14.6467,-715.2
14.65,-710.1
14.6533,-687
14.6567,-747
14.66,-698.4
14.6633,-708
14.6667,-751.2
14.67,-730.2
14.6733,-723.9
14.6767,-728.4
14.68,-722.1
14.6833,-697.2
14.6867,-672.6
14.69,-707.1
14.6933,-704.4
14.6967,-752.7
14.7,-731.4
14.7033,-717
14.7067,-741.9
14.71,-679.8
14.7133,-657.9
14.7167,-769.2
14.72,-725.7
14.7233,-731.1
14.7267,-736.2
14.73,-735
14.7333,-719.7
14.7367,-712.2
14.74,-719.7
14.7433,-720.6
14.7467,-717.6
14.75,-713.4
14.7533,-705.3
14.7567,-728.1
14.76,-707.7
14.7633,-725.4
14.7667,-690.3
14.77,-686.1
14.7733,-761.7
14.7767,-704.4
14.78,-726
14.7833,-747.3
14.7867,-723.3
14.79,-699.3
14.7933,-712.8
14.7967,-711.6
14.8,-744.3
14.8033,-704.7
14.8067,-733.2
14.81,-705
14.8133,-747.3
14.8167,-730.2
14.82,-722.4
14.8233,-727.8
14.8267,-722.1
14.83,-718.8
14.8333,-705
14.8367,-739.8
14.84,-726.6
14.8433,-738.6
14.8467,-714.6
14.85,-700.5
14.8533,-726.9
14.8567,-674.4
14.86,-735
14.8633,-729
14.8667,-731.7
14.87,-705.3
14.8733,-748.5
14.8767,-737.4
14.88,-743.1
14.8833,-738.6
14.8867,-733.5
14.89,-739.2
14.8933,-715.2
14.8967,-724.2
14.9,-744
14.9033,-726
14.9067,-704.1
14.91,-722.7
14.9133,-743.7
14.9167,-710.1
14.92,-714.6
14.9233,-741.3
14.9267,-729.6
14.93,-755.1
14.9333,-717.9
14.9367,-706.2
14.94,-710.4
14.9433,-718.8
14.9467,-746.7
14.95,-726.6
14.9533,-744
14.9567,-706.8
14.96,-770.7
14.9633,-741.3
14.9667,-726
14.97,-735.6
14.9733,-727.2
14.9767,-686.1
14.98,-680.7
14.9833,-787.5
14.9867,-750.6
14.99,-727.5
14.9933,-705.3
14.9967,-745.5
15,-713.1
15.0033,-732
15.0067,-754.8
15.01,-732.6
15.0133,-739.2
15.0167,-723.9
15.02,-716.1
15.0233,-701.1
15.0267,-727.5
15.03,-761.7
15.0333,-709.5
15.0367,-738.6
15.04,-721.8
15.0433,-744
15.0467,-744.3
15.05,-690.3
15.0533,-729
15.0567,-744.3
15.06,-740.4
15.0633,-714.6
15.0667,-750.6
15.07,-729
15.0733,-744.9
15.0767,-744
15.08,-715.5
15.0833,-742.2
15.0867,-769.2
15.09,-725.7
15.0933,-726.3
15.0967,-744.9
15.1,-728.7
15.1033,-717.3
15.1067,-745.2
15.11,-733.5
15.1133,-702
15.1167,-703.2
15.12,-743.1
15.1233,-728.4
15.1267,-754.8
15.13,-745.5
15.1333,-717.3
15.1367,-715.5
15.14,-749.1
15.1433,-708.9
15.1467,-716.4
15.15,-703.2
15.1533,-738.3
15.1567,-743.4
15.16,-759.9
15.1633,-763.5
15.1667,-739.5
15.17,-727.8
15.1733,-721.2
15.1767,-727.5
15.18,-729.3
15.1833,-743.7
15.1867,-724.2
15.19,-718.5
15.1933,-734.4
15.1967,-751.5
15.2,-733.8
15.2033,-738.3
15.2067,-730.5
15.21,-737.4
15.2133,-722.7
15.2167,-720
15.22,-692.7
15.2233,-722.7
15.2267,-780.3
15.23,-754.8
15.2333,-749.4
15.2367,-754.8
15.24,-739.2
15.2433,-720.6
15.2467,-753.9
15.25,-729.9
15.2533,-732
15.2567,-748.2
15.26,-728.7
15.2633,-704.1
15.2667,-736.2
15.27,-745.2
15.2733,-747.9
15.2767,-735
15.28,-724.2
15.2833,-739.5
15.2867,-676.8
15.29,-695.1
15.2933,-795
15.2967,-740.1
15.3,-762.6
15.3033,-755.4
15.3067,-750.6
15.31,-749.1
15.3133,-732.6
15.3167,-741.6
15.32,-740.7
15.3233,-742.8
15.3267,-735
15.33,-724.8
15.3333,-745.2
15.3367,-746.1
15.34,-720.6
15.3433,-709.8
15.3467,-756.9
15.35,-712.5
15.3533,-706.8
15.3567,-730.2
15.36,-740.7
15.3633,-745.8
15.3667,-712.8
15.37,-744.3
15.3733,-751.8
15.3767,-783
15.38,-751.5
15.3833,-740.7
15.3867,-730.2
15.39,-767.4
15.3933,-734.4
15.3967,-729.6
15.4,-745.5
15.4033,-753.3
15.4067,-714.6
15.41,-732.6
15.4133,-759.6
15.4167,-714
15.42,-718.5
15.4233,-709.5
15.4267,-766.2
15.43,-784.5
15.4333,-770.7
15.4367,-739.2
15.44,-721.2
15.4433,-748.2
15.4467,-792.9
15.45,-742.5
15.4533,-726
15.4567,-735
15.46,-749.1
15.4633,-720.9
15.4667,-765
15.47,-760.2
15.4733,-730.5
15.4767,-727.8
15.48,-739.8
15.4833,-729.6
15.4867,-754.8
15.49,-757.2
15.4933,-695.4
15.4967,-699
15.5,-757.8
15.5033,-769.5
15.5067,-757.2
15.51,-751.8
15.5133,-750.3
15.5167,-752.7
15.52,-741
15.5233,-727.5
15.5267,-736.8
15.53,-737.4
15.5333,-763.5
15.5367,-767.7
15.54,-746.1
15.5433,-749.1
15.5467,-751.5
15.55,-719.7
15.5533,-759.6
15.5567,-721.5
15.56,-711.9
15.5633,-760.5
15.5667,-718.2
15.57,-747.6
15.5733,-789.9
15.5767,-728.7
15.58,-734.7
15.5833,-723.6
15.5867,-797.1
15.59,-759.9
15.5933,-762.9
15.5967,-723
15.6,-752.7
15.6033,-758.1
15.6067,-721.2
15.61,-740.1
15.6133,-765
15.6167,-730.8
15.62,-749.7
15.6233,-700.5
15.6267,-674.1
15.63,-796.8
15.6333,-768.9
15.6367,-762.6
15.64,-759.6
15.6433,-750.6
15.6467,-771.9
15.65,-746.4
15.6533,-726.9
15.6567,-759.9
15.66,-745.2
15.6633,-737.7
15.6667,-754.2
15.67,-742.5
15.6733,-747.6
15.6767,-739.5
15.68,-764.1
15.6833,-721.8
15.6867,-717.9
15.69,-785.1
15.6933,-746.4
15.6967,-778.5
15.7,-738.6
15.7033,-768.6
15.7067,-732.6
15.71,-715.2
15.7133,-771.9
15.7167,-747.6
15.72,-773.4
15.7233,-749.1
15.7267,-744.3
15.73,-750.3
15.7333,-748.2
15.7367,-742.2
15.74,-751.5
15.7433,-734.4
15.7467,-775.8
15.75,-741
15.7533,-745.2
15.7567,-739.2
15.76,-702.9
15.7633,-700.5
15.7667,-843
15.77,-765.3
15.7733,-768.9
15.7767,-746.1
15.78,-740.4
15.7833,-712.8
15.7867,-772.5
15.79,-750.3
15.7933,-759.3
15.7967,-762.9
15.8,-752.4
15.8033,-753.9
15.8067,-751.2
15.81,-744.6
15.8133,-732.6
15.8167,-729.3
15.82,-739.8
15.8233,-737.4
15.8267,-750.3
15.83,-716.1
15.8333,-783
15.8367,-729.3
15.84,-730.8
15.8433,-775.5
15.8467,-786
15.85,-726
15.8533,-659.1
15.8567,-773.7
15.86,-819.6
15.8633,-774.6
15.8667,-776.1
15.87,-761.7
15.8733,-741.6
15.8767,-745.5
15.88,-747
15.8833,-744.6
15.8867,-684.9
15.89,-717
15.8933,-795.3
15.8967,-758.4
15.9,-767.1
15.9033,-742.5
15.9067,-754.5
15.91,-716.4
15.9133,-778.2
15.9167,-770.7
15.92,-756.6
15.9233,-749.4
15.9267,-741
15.93,-750.6
15.9333,-765
15.9367,-725.4
15.94,-710.1
15.9433,-739.2
15.9467,-763.8
15.95,-765.6
15.9533,-744.6
15.9567,-737.4
15.96,-750.6
15.9633,-750.9
15.9667,-745.5
15.97,-747.6
15.9733,-760.5
15.9767,-675.6
15.98,-692.1
15.9833,-827.1
15.9867,-771.6
15.99,-758.4
15.9933,-750.3
15.9967,-738.3
16,-742.8
16.0033,-720.6
16.0067,-763.8
16.01,-765
16.0133,-759.6
16.0167,-757.2
16.02,-747.3
16.0233,-735.3
16.0267,-720.6
16.03,-761.1
16.0333,-736.8
16.0367,-713.1
16.04,-765.9
16.0433,-755.4
16.0467,-746.7
16.05,-752.4
16.0533,-747.6
16.0567,-751.5
16.06,-747.9
16.0633,-756
16.0667,-724.8
16.07,-729.6
16.0733,-730.5
16.0767,-771.3
16.08,-795
16.0833,-763.2
16.0867,-768.9
16.09,-745.8
16.0933,-763.8
16.0967,-739.8
16.1,-699
16.1033,-744.6
16.1067,-750.6
16.11,-739.5
16.1133,-799.5
16.1167,-747.9
16.12,-729.6
16.1233,-753.9
16.1267,-740.1
16.13,-748.2
16.1333,-759.6
16.1367,-757.2
16.14,-736.2
16.1433,-725.1
16.1467,-736.5
16.15,-719.4
16.1533,-793.5
16.1567,-715.8
16.16,-768
16.1633,-799.8
16.1667,-789.6
16.17,-742.8
16.1733,-716.4
16.1767,-717.6
16.18,-753.9
16.1833,-807.3
16.1867,-759.9
16.19,-747.3
16.1933,-746.1
16.1967,-768.9
16.2,-748.2
16.2033,-733.5
16.2067,-757.2
16.21,-719.4
16.2133,-726
16.2167,-768
16.22,-783
16.2233,-741.3
16.2267,-752.7
16.23,-722.4
16.2333,-750
16.2367,-718.2
16.24,-765.6
16.2433,-774.6
16.2467,-716.7
16.25,-775.2
16.2533,-739.5
16.2567,-785.7
16.26,-722.7
16.2633,-673.5
16.2667,-751.5
16.27,-849
16.2733,-751.5
16.2767,-792.3
16.28,-765.6
16.2833,-782.7
16.2867,-749.4
16.29,-751.8
16.2933,-781.2
16.2967,-725.7
16.3,-725.1
16.3033,-722.4
16.3067,-771.3
16.31,-740.1
16.3133,-811.2
16.3167,-760.5
16.32,-786.3
16.3233,-762.9
16.3267,-780
16.33,-695.4
16.3333,-733.8
16.3367,-803.1
16.34,-747.6
16.3433,-766.5
16.3467,-769.5
16.35,-771.6
16.3533,-730.2
16.3567,-716.7
16.36,-708.9
16.3633,-696
16.3667,-816.3
16.37,-793.8
16.3733,-774
16.3767,-742.2
16.38,-702.9
16.3833,-752.1
16.3867,-801.3
16.39,-786
16.3933,-764.4
16.3967,-750.9
16.4,-766.8
16.4033,-744.6
16.4067,-755.4
16.41,-755.4
16.4133,-748.2
16.4167,-747.6
16.42,-747.6
16.4233,-748.2
16.4267,-746.1
16.43,-726.6
16.4333,-767.1
16.4367,-675
16.44,-751.5
16.4433,-770.1
16.4467,-744.6
16.45,-810
16.4533,-798.3
16.4567,-745.2
16.46,-706.2
16.4633,-849.6
16.4667,-769.2
16.47,-773.7
16.4733,-777
16.4767,-772.8
16.48,-729.3
16.4833,-739.8
16.4867,-756.6
16.49,-762.9
16.4933,-737.4
16.4967,-786
16.5,-788.1
16.5033,-772.2
16.5067,-772.2
16.51,-745.2
16.5133,-748.8
16.5167,-756.9
16.52,-735.3
16.5233,-728.7
16.5267,-777
16.53,-734.4
16.5333,-786.9
16.5367,-788.7
16.54,-745.2
16.5433,-744.3
16.5467,-752.1
16.55,-770.1
16.5533,-803.7
16.5567,-756.3
16.56,-777
16.5633,-768
16.5667,-772.5
16.57,-761.7
16.5733,-769.8
16.5767,-710.1
16.58,-726.6
16.5833,-774
16.5867,-792.3
16.59,-752.7
16.5933,-769.2
16.5967,-777.3
16.6,-759.6
16.6033,-767.4
16.6067,-759.3
16.61,-732.9
16.6133,-723
16.6167,-738.6
16.62,-779.4
16.6233,-810.3
16.6267,-756.9
16.63,-814.5
16.6333,-779.7
16.6367,-767.1
16.64,-754.2
16.6433,-739.2
16.6467,-734.1
16.65,-774.6
16.6533,-763.2
16.6567,-788.7
16.66,-766.5
16.6633,-768
16.6667,-739.8
16.67,-773.7
16.6733,-764.7
16.6767,-763.2
16.68,-759
16.6833,-735
16.6867,-742.8
16.69,-780.3
16.6933,-750.9
16.6967,-739.5
16.7,-669.9
16.7033,-776.1
16.7067,-850.2
16.71,-779.1
16.7133,-772.5
16.7167,-766.5
16.72,-756.3
16.7233,-746.4
16.7267,-754.8
16.73,-758.7
16.7333,-796.2
16.7367,-786.9
16.74,-749.1
16.7433,-767.4
16.7467,-731.7
16.75,-732.9
16.7533,-738.9
16.7567,-769.2
16.76,-789.3
16.7633,-802.8
16.7667,-773.1
16.77,-761.4
16.7733,-784.8
16.7767,-764.1
16.78,-760.8
16.7833,-725.4
16.7867,-738.9
16.79,-783
16.7933,-751.2
16.7967,-803.4
16.8,-748.8
16.8033,-767.7
16.8067,-776.1
16.81,-746.7
16.8133,-705.3
16.8167,-756.9
16.82,-809.1
16.8233,-746.1
16.8267,-795
16.83,-787.8
16.8333,-779.7
16.8367,-799.8
16.84,-760.2
16.8433,-788.7
16.8467,-766.2
16.85,-779.1
16.8533,-756.3
16.8567,-775.5
16.86,-740.4
16.8633,-697.2
16.8667,-727.5
16.87,-742.5
16.8733,-826.5
16.8767,-808.5
16.88,-765.6
16.8833,-793.5
16.8867,-801.3
16.89,-763.5
16.8933,-777.9
16.8967,-739.8
16.9,-792.9
16.9033,-758.4
16.9067,-804
16.91,-688.5
16.9133,-792
16.9167,-777.6
16.92,-782.4
16.9233,-745.2
16.9267,-690.3
16.93,-842.4
16.9333,-797.4
16.9367,-756.3
16.94,-760.5
16.9433,-758.4
16.9467,-760.5
16.95,-784.8
16.9533,-796.2
16.9567,-735.6
16.96,-729.9
16.9633,-752.4
16.9667,-806.7
16.97,-777.6
16.9733,-801.9
16.9767,-780.3
16.98,-737.4
16.9833,-724.2
16.9867,-756.6
16.99,-771
16.9933,-765
16.9967,-750.3
17,-800.1
17.0033,-785.4
17.0067,-784.5
17.01,-760.5
17.0133,-786
17.0167,-724.8
17.02,-738.3
17.0233,-794.1
17.0267,-754.2
17.03,-753.3
17.0333,-716.1
17.0367,-763.5
17.04,-825.9
17.0433,-785.7
17.0467,-768.9
17.05,-718.8
17.0533,-769.5
17.0567,-756
17.06,-788.1
17.0633,-801
17.0667,-741
17.07,-740.1
17.0733,-802.5
17.0767,-771.6
17.08,-759.3
17.0833,-754.2
17.0867,-760.2
17.09,-780.9
17.0933,-788.1
17.0967,-752.1
17.1,-758.1
17.1033,-759
17.1067,-751.5
17.11,-710.7
17.1133,-793.8
17.1167,-803.1
17.12,-759.6
17.1233,-768.9
17.1267,-760.5
17.13,-763.2
17.1333,-746.7
17.1367,-813.3
17.14,-747.6
17.1433,-775.5
17.1467,-814.5
17.15,-741.3
17.1533,-738.3
17.1567,-798.6
17.16,-750.9
17.1633,-766.8
17.1667,-789.6
17.17,-730.5
17.1733,-828.9
17.1767,-752.4
17.18,-783.6
17.1833,-758.7
17.1867,-719.1
17.19,-795
17.1933,-797.7
17.1967,-747.9
17.2,-787.2
17.2033,-793.5
17.2067,-759.3
17.21,-735.9
17.2133,-780.9
17.2167,-736.5
17.22,-689.1
17.2233,-767.4
17.2267,-810.6
17.23,-725.7
17.2333,-831.9
17.2367,-812.4
17.24,-787.5
17.2433,-779.7
17.2467,-765
17.25,-760.8
17.2533,-746.4
17.2567,-755.7
17.26,-770.4
17.2633,-707.7
17.2667,-748.5
17.27,-814.5
17.2733,-760.8
17.2767,-796.5
17.28,-732.6
17.2833,-706.2
17.2867,-740.4
17.29,-833.7
17.2933,-774
17.2967,-819.6
17.3,-747.3
17.3033,-715.2
17.3067,-750
17.31,-798.6
17.3133,-733.8
17.3167,-765.9
17.32,-789.6
17.3233,-738.9
17.3267,-733.5
17.33,-760.5
17.3333,-668.4
17.3367,-813.3
17.34,-827.1
17.3433,-780.6
17.3467,-768.9
17.35,-740.4
17.3533,-732.6
17.3567,-718.2
17.36,-799.5
17.3633,-791.7
17.3667,-771.9
17.37,-767.1
17.3733,-767.4
17.3767,-745.8
17.38,-749.7
17.3833,-720.3
17.3867,-738.6
17.39,-762.6
17.3933,-628.8
17.3967,-844.5
17.4,-798.3
17.4033,-745.2
17.4067,-742.8
17.41,-804
17.4133,-784.2
17.4167,-737.1
17.42,-713.7
17.4233,-789.3
17.4267,-786.3
17.43,-753.6
17.4333,-773.1
17.4367,-733.8
17.44,-774.6
17.4433,-744
17.4467,-765.9
17.45,-756.3
17.4533,-684.9
17.4567,-785.4
17.46,-757.8
17.4633,-746.4
17.4667,-759.3
17.47,-785.4
17.4733,-793.8
17.4767,-759.9
17.48,-748.2
17.4833,-770.1
17.4867,-698.1
17.49,-717
17.4933,-790.2
17.4967,-818.1
17.5,-699.3
17.5033,-701.4
17.5067,-748.8
17.51,-809.1
17.5133,-761.1
17.5167,-725.7
17.52,-787.8
17.5233,-817.2
17.5267,-754.2
17.53,-723.3
17.5333,-629.1
17.5367,-750
17.54,-771
17.5433,-748.2
17.5467,-774.9
17.55,-837.6
17.5533,-762.9
17.5567,-747.9
17.56,-726
17.5633,-745.5
17.5667,-731.4
17.57,-763.8
17.5733,-771.3
17.5767,-758.7
17.58,-748.2
17.5833,-742.8
17.5867,-744.6
17.59,-739.5
17.5933,-691.8
17.5967,-663
17.6,-711
17.6033,-828
17.6067,-780
17.61,-772.5
17.6133,-719.1
17.6167,-742.5
17.62,-744
17.6233,-716.7
17.6267,-647.1
17.63,-803.1
17.6333,-719.1
17.6367,-776.7
17.64,-742.8
17.6433,-739.5
17.6467,-702.6
17.65,-735.9
17.6533,-685.2
17.6567,-708.9
17.66,-706.5
17.6633,-723
17.6667,-807.6
17.67,-745.8
17.6733,-737.4
17.6767,-714.3
17.68,-687.6
17.6833,-747.3
17.6867,-745.8
17.69,-714.3
17.6933,-711.9
17.6967,-693.9
17.7,-722.7
17.7033,-755.7
17.7067,-736.8
17.71,-666.3
17.7133,-655.8
17.7167,-731.4
17.72,-755.1
17.7233,-714.9
17.7267,-764.1
17.73,-669.9
17.7333,-734.1
17.7367,-706.8
17.74,-710.1
17.7433,-687.3
17.7467,-677.1
17.75,-687.3
17.7533,-715.2
17.7567,-744.9
17.76,-682.5
17.7633,-774.6
17.7667,-708.3
17.77,-716.4
17.7733,-726.9
17.7767,-710.4
17.78,-705.3
17.7833,-714.9
17.7867,-673.5
17.79,-696.3
17.7933,-753
17.7967,-699
17.8,-708.6
17.8033,-648.6
17.8067,-731.4
17.81,-675.6
17.8133,-718.5
17.8167,-731.4
17.82,-669.3
17.8233,-696.9
17.8267,-683.7
17.83,-699.3
17.8333,-762.6
17.8367,-711.6
17.84,-735
17.8433,-720.9
17.8467,-697.2
17.85,-672.9
17.8533,-712.8
17.8567,-724.5
17.86,-691.2
17.8633,-715.2
17.8667,-709.2
17.87,-697.2
17.8733,-687
17.8767,-700.5
17.88,-694.8
17.8833,-672.9
17.8867,-709.5
17.89,-703.8
17.8933,-687.3
17.8967,-727.8
17.9,-652.5
17.9033,-703.8
17.9067,-742.8
17.91,-703.2
17.9133,-690.6
17.9167,-712.5
17.92,-705.3
17.9233,-633.6
17.9267,-658.5
17.93,-774.6
17.9333,-728.1
17.9367,-723.3
17.94,-699.9
17.9433,-640.2
17.9467,-750.9
17.95,-690.6
17.9533,-711.9
17.9567,-726
17.96,-727.2
17.9633,-708.9
17.9667,-742.8
17.97,-706.8
17.9733,-721.2
17.9767,-710.4
17.98,-713.7
17.9833,-699.6
17.9867,-690.6
17.99,-698.1
17.9933,-693
17.9967,-676.2
18,-714.9
18.0033,-692.4
18.0067,-675
18.01,-745.2
18.0133,-675.6
18.0167,-781.2
18.02,-726.3
18.0233,-752.4
18.0267,-695.4
18.03,-681.3
18.0333,-703.5
18.0367,-747.6
18.04,-738
18.0433,-719.1
18.0467,-708.6
18.05,-708.6
18.0533,-705.6
18.0567,-713.7
18.06,-713.7
18.0633,-719.1
18.0667,-718.2
18.07,-724.5
18.0733,-700.2
18.0767,-713.4
18.08,-700.2
18.0833,-672
18.0867,-645.9
18.09,-760.8
18.0933,-689.7
18.0967,-732.9
18.1,-768.6
18.1033,-725.4
18.1067,-732
18.11,-733.2
18.1133,-706.2
18.1167,-756
18.12,-690.9
18.1233,-748.5
18.1267,-727.2
18.13,-723.9
18.1333,-736.2
18.1367,-748.5
18.14,-688.2
18.1433,-748.5
18.1467,-718.2
18.15,-696.6
18.1533,-698.1
18.1567,-667.2
18.16,-702
18.1633,-747.6
18.1667,-800.1
18.17,-750
18.1733,-727.5
18.1767,-717.6
18.18,-710.4
18.1833,-737.4
18.1867,-721.8
18.19,-733.8
18.1933,-773.7
18.1967,-737.1
18.2,-738
18.2033,-737.1
18.2067,-735
18.21,-732.6
18.2133,-718.8
18.2167,-723.9
18.22,-716.7
18.2233,-722.4
18.2267,-742.5
18.23,-741
18.2333,-664.8
18.2367,-702.3
18.24,-781.5
18.2433,-762.3
18.2467,-746.4
18.25,-760.8
18.2533,-693.6
18.2567,-720
18.26,-698.4
18.2633,-771.9
18.2667,-747.3
18.27,-699.6
18.2733,-733.8
18.2767,-735.9
18.28,-789.6
18.2833,-780
18.2867,-758.1
18.29,-751.2
18.2933,-753.6
18.2967,-729.9
18.3,-742.5
18.3033,-738.3
18.3067,-735.3
18.31,-724.8
18.3133,-748.5
18.3167,-730.2
18.32,-771.3
18.3233,-712.5
18.3267,-733.8
18.33,-755.1
18.3333,-756.6
18.3367,-726.3
18.34,-776.4
18.3433,-720.3
18.3467,-748.2
18.35,-734.1
18.3533,-763.8
18.3567,-729.3
18.36,-687.9
18.3633,-766.2
18.3667,-794.4
18.37,-759.6
18.3733,-765.6
18.3767,-758.4
18.38,-753.6
18.3833,-743.1
18.3867,-721.8
18.39,-759.6
18.3933,-768.9
18.3967,-707.7
18.4,-754.8
18.4033,-773.4
18.4067,-761.1
18.41,-755.7
18.4133,-732.6
18.4167,-732.9
18.42,-735.3
18.4233,-745.5
18.4267,-766.8
18.43,-765.6
18.4333,-721.2
18.4367,-720.9
18.44,-760.5
18.4433,-777.6
18.4467,-756
18.45,-776.1
18.4533,-737.1
18.4567,-757.8
18.46,-745.8
18.4633,-721.2
18.4667,-747.6
18.47,-776.1
18.4733,-768
18.4767,-722.7
18.48,-738.3
18.4833,-782.4
18.4867,-770.7
18.49,-777
18.4933,-776.4
18.4967,-771.3
18.5,-778.8
18.5033,-739.5
18.5067,-720.9
18.51,-753.6
18.5133,-786.3
18.5167,-788.4
18.52,-765.3
18.5233,-768.9
18.5267,-764.1
18.53,-760.8
18.5333,-764.1
18.5367,-748.2
18.54,-742.2
18.5433,-744
18.5467,-763.8
18.55,-746.1
18.5533,-750.9
18.5567,-792.3
18.56,-759.3
18.5633,-747
18.5667,-780
18.57,-762.9
18.5733,-802.2
18.5767,-752.1
18.58,-752.4
18.5833,-754.5
18.5867,-764.1
18.59,-798.9
18.5933,-798.3
18.5967,-778.5
18.6,-789
18.6033,-771
18.6067,-787.5
18.61,-757.5
18.6133,-747.3
18.6167,-753.3
18.62,-758.4
18.6233,-733.2
18.6267,-784.8
18.63,-772.2
18.6333,-714
18.6367,-739.8
18.64,-774.3
18.6433,-760.2
18.6467,-824.4
18.65,-795.3
18.6533,-817.8
18.6567,-796.5
18.66,-760.5
18.6633,-773.1
18.6667,-756.9
18.67,-786.3
18.6733,-779.7
18.6767,-786.3
18.68,-796.5
18.6833,-788.4
18.6867,-770.1
18.69,-778.5
18.6933,-752.1
18.6967,-786.6
18.7,-716.7
18.7033,-795.3
18.7067,-820.8
18.71,-801
18.7133,-767.1
18.7167,-766.8
18.72,-781.2
18.7233,-764.1
18.7267,-751.2
18.73,-824.4
18.7333,-785.1
18.7367,-774.3
18.74,-813
18.7433,-807.9
18.7467,-749.1
18.75,-731.7
18.7533,-794.7
18.7567,-802.2
18.76,-780.3
18.7633,-752.7
18.7667,-830.1
18.77,-803.7
18.7733,-771
18.7767,-655.8
18.78,-779.4
18.7833,-728.1
18.7867,-828.9
18.79,-862.8
18.7933,-818.1
18.7967,-776.4
18.8,-770.7
18.8033,-834.9
18.8067,-759.6
18.81,-769.5
18.8133,-829.8
18.8167,-810.3
18.82,-777.9
18.8233,-795
18.8267,-802.5
18.83,-779.7
18.8333,-775.5
18.8367,-789.6
18.84,-814.2
18.8433,-792.3
18.8467,-788.4
18.85,-743.4
18.8533,-677.1
18.8567,-723.9
18.86,-900.6
18.8633,-812.4
18.8667,-817.5
18.87,-768.3
18.8733,-780.9
18.8767,-830.7
18.88,-743.1
18.8833,-759.9
18.8867,-788.7
18.89,-784.2
18.8933,-737.1
18.8967,-871.2
18.9,-810
18.9033,-825.9
18.9067,-808.2
18.91,-790.5
18.9133,-776.4
18.9167,-756.9
18.92,-769.5
18.9233,-796.5
18.9267,-819
18.93,-768.3
18.9333,-842.7
18.9367,-810
18.94,-801.6
18.9433,-771.3
18.9467,-793.8
18.95,-786.6
18.9533,-759
18.9567,-801.6
18.96,-730.8
18.9633,-710.4
18.9667,-764.1
18.97,-851.4
18.9733,-802.5
18.9767,-778.2
18.98,-818.1
18.9833,-729.6
18.9867,-696.3
18.99,-718.5
18.9933,-846.9
18.9967,-834.6
19,-802.8
19.0033,-707.4
19.0067,-600.3
19.01,-611.7
19.0133,-774.9
19.0167,-851.4
19.02,-903.6
19.0233,-871.2
19.0267,-858
19.03,-806.1
19.0333,-759.6
19.0367,-805.5
19.04,-674.7
19.0433,-665.1
19.0467,-720.9
19.05,-683.7
19.0533,-737.7
19.0567,-645.9
19.06,-593.7
19.0633,-474.6
19.0667,-390.9
19.07,-782.4
19.0733,-795.9
19.0767,-494.1
19.08,-686.7
19.0833,-808.2
19.0867,-705.9
19.09,-748.8
19.0933,-1074.3
19.0967,-940.5
19.1,-557.1
19.1033,-814.2
19.1067,-778.5
19.11,-707.7
19.1133,-1064.4
19.1167,-1060.5
19.12,-910.5
19.1233,-749.4
19.1267,-827.1
19.13,-798
19.1333,-906.6
19.1367,-757.2
19.14,-835.5
19.1433,-613.2
19.1467,-377.1
19.15,-735.3
19.1533,-1181.1
19.1567,-977.4
19.16,-841.2
19.1633,-693
19.1667,-705.3
19.17,-975.9
19.1733,-962.7
19.1767,-553.8
19.18,-714.3
19.1833,-877.8
19.1867,-873
19.19,-809.4
19.1933,-882.9
19.1967,-626.7
19.2,-495.6
19.2033,-1007.4
19.2067,-872.1
19.21,-861.3
19.2133,-876
19.2167,-744.3
19.22,-808.2
19.2233,-826.8
19.2267,-697.2
19.23,-519.3
19.2333,-776.7
19.2367,-550.2
19.24,-480.6
19.2433,-558.9
19.2467,-579.3
19.25,-352.5
19.2533,-658.2
19.2567,-967.5
19.26,-882
19.2633,-875.1
19.2667,-147.6
19.27,-283.8
19.2733,-877.8
19.2767,-1152
19.28,-541.5
19.2833,-786.9
19.2867,-755.7
19.29,-431.4
19.2933,-804.9
19.2967,-568.2
19.3,-750.9
19.3033,-412.5
19.3067,-157.5
19.31,-769.5
19.3133,-1061.7
19.3167,-444.3
19.32,-344.4
19.3233,-711.6
19.3267,-336
19.33,-1032.6
19.3333,-922.8
19.3367,-616.8
19.34,-543.9
19.3433,4.5
19.3467,-554.4
19.35,-508.8
19.3533,-965.1
19.3567,-1205.1
19.36,-613.8
19.3633,-437.4
19.3667,-505.2
19.37,140.1
19.3733,-841.8
19.3767,-797.1
19.38,-1202.4
19.3833,-496.2
19.3867,-303
19.39,-885.3
19.3933,-92.4
19.3967,-356.1
19.4,-746.4
19.4033,-885.6
19.4067,-372.3
19.41,-583.5
19.4133,-634.8
19.4167,-805.5
19.42,-147.3
19.4233,-451.5
19.4267,-146.1
19.43,-538.5
19.4333,-844.5
19.4367,-400.8
19.44,-829.2
19.4433,-62.1
19.4467,-787.2
19.45,-551.1
19.4533,-418.5
19.4567,134.4
19.46,-661.5
19.4633,-483.9
19.4667,-408.6
19.47,-779.7
19.4733,-350.1
19.4767,-572.1
19.48,-1320.3
19.4833,-74.7
19.4867,-523.2
19.49,-672.3
19.4933,-475.5
19.4967,-266.7
19.5,-570.6
19.5033,38.7
19.5067,-874.5
19.51,-558
19.5133,-165.9
19.5167,-1047
19.52,-262.2
19.5233,1156.5
19.5267,-193.5
19.53,-1191
19.5333,-687.3
19.5367,-1472.4
19.54,-727.2
19.5433,-664.2
19.5467,341.1
19.55,858.9
19.5533,-1177.2
19.5567,-1462.2
19.56,-736.8
19.5633,-1008.9
19.5667,-470.7
19.57,-272.1
19.5733,114.6
19.5767,-438.6
19.58,-353.1
19.5833,346.8
19.5867,541.5
19.59,-597
19.5933,-1081.8
19.5967,-1854.6
19.6,-569.4
19.6033,-128.1
19.6067,23.1
19.61,-212.4
19.6133,-815.1
19.6167,-622.2
19.62,-1228.8
19.6233,-443.4
19.6267,-505.5
19.63,-280.8
19.6333,-438
19.6367,-265.2
19.64,-599.1
19.6433,-357.6
19.6467,-515.1
19.65,-93.3
19.6533,-1246.8
19.6567,88.2
19.66,-672.3
19.6633,-776.4
19.6667,-878.4
19.67,-463.8
19.6733,0.6
19.6767,-1132.2
19.68,-247.5
19.6833,-179.1
19.6867,-23.4
19.69,-793.5
19.6933,-1266.3
19.6967,-557.4
19.7,-740.4
19.7033,-386.7
19.7067,77.4
19.71,-163.2
19.7133,-1249.2
19.7167,109.2
19.72,-905.1
19.7233,-862.8
19.7267,-556.2
19.73,57.3
19.7333,-707.1
19.7367,-503.4
19.74,-637.8
19.7433,-875.1
19.7467,-277.5
19.75,-369
19.7533,-274.2
19.7567,-140.4
19.76,-729.9
19.7633,-1100.1
19.7667,187.2
19.77,-747.6
19.7733,-572.4
19.7767,-753
19.78,-648.6
19.7833,-545.1
19.7867,-423
19.79,-853.5
19.7933,-398.7
19.7967,-201
19.8,-281.4
19.8033,-1048.8
19.8067,-251.7
19.81,570.9
19.8133,-1015.5
19.8167,-1212
19.82,-545.7
19.8233,-192.3
19.8267,-365.7
19.83,-1326.6
19.8333,-714.3
19.8367,-755.4
19.84,-582
19.8433,-530.1
19.8467,-178.8
19.85,-465.6
19.8533,-675
19.8567,-72
19.86,-918.3
19.8633,-754.8
19.8667,-446.1
19.87,-519.6
19.8733,-867.9
19.8767,-431.7
19.88,95.4
19.8833,-234.9
19.8867,-1135.2
19.89,-518.7
19.8933,-659.4
19.8967,-830.7
19.9,-457.8
19.9033,-570.9
19.9067,-645.9
19.91,-654.3
19.9133,-547.2
19.9167,-483.9
19.92,-618.9
19.9233,-540
19.9267,-422.4
19.93,-495
19.9333,-399
19.9367,-514.2
19.94,-1062
19.9433,-498.3
19.9467,-324.6
19.95,-377.4
19.9533,-1023.3
19.9567,187.5
19.96,-171.6
19.9633,-1539
19.9667,-744.3
19.97,-728.7
19.9733,-393.6
19.9767,-771.9
19.98,-751.2
19.9833,-270.3
19.9867,-457.5
19.99,231.6
19.9933,-922.2
19.9967,-1055.4
20,-570.3
20.0033,-641.1
20.0067,-149.4
20.01,-630.6
20.0133,-907.8
20.0167,-33.3
20.02,-546.3
20.0233,-661.8
20.0267,-659.1
20.03,-991.2
20.0333,-686.7
20.0367,-45.6
20.04,-558.9
20.0433,-1211.7
20.0467,-711.6
20.05,-513.6
20.0533,-550.2
20.0567,-214.8
20.06,-548.4
20.0633,-626.4
20.0667,-148.2
20.07,-933.9
20.0733,-945.3
20.0767,-858.3
20.08,-341.7
20.0833,-303.9
20.0867,-556.2
20.09,-474.3
20.0933,-453.9
20.0967,-732.3
20.1,-690.9
20.1033,-842.7
20.1067,-145.8
20.11,-956.7
20.1133,-358.2
20.1167,-850.8
20.12,-343.8
20.1233,-538.5
20.1267,-283.8
20.13,-1052.7
20.1333,-585.3
20.1367,-894
20.14,-485.7
20.1433,-176.1
20.1467,-560.4
20.15,-653.7
20.1533,-98.4
20.1567,679.8
20.16,-1698.9
20.1633,-946.8
20.1667,-830.1
20.17,-975.3
20.1733,-632.7
20.1767,-379.5
20.18,-472.5
20.1833,-619.8
20.1867,-527.1
20.19,-585.9
20.1933,-689.4
20.1967,-528.9
20.2,-121.5
20.2033,-715.5
20.2067,-510.3
20.21,-823.2
20.2133,-600.3
20.2167,-319.5
20.22,-347.4
20.2233,-471.3
20.2267,-724.5
20.23,-556.5
20.2333,-845.7
20.2367,-842.1
20.24,-824.7
20.2433,-411
20.2467,-597
20.25,-567.3
20.2533,-695.7
20.2567,-575.1
20.26,-250.5
20.2633,-129.3
20.2667,-414
20.27,-400.2
20.2733,-774.3
20.2767,-630.6
20.28,-1203.9
20.2833,-786
20.2867,-564.3
20.29,40.2
20.2933,-279.6
20.2967,669
20.3,-515.7
20.3033,-1363.2
20.3067,-1341.6
20.31,-860.4
20.3133,-503.4
20.3167,-593.4
20.32,-696.9
20.3233,-567.6
20.3267,-328.5
20.33,-536.7
20.3333,-761.1
20.3367,-645
20.34,-157.5
20.3433,-247.2
20.3467,-387.3
20.35,-317.4
20.3533,-954.3
20.3567,-367.2
20.36,-802.2
20.3633,-766.8
20.3667,-705.9
20.37,-665.1
20.3733,-315.6
20.3767,-834.3
20.38,190.2
20.3833,-302.1
20.3867,-1107
20.39,-603.6
20.3933,927.9
20.3967,-648.3
20.4,-1435.5
20.4033,-675.6
20.4067,-84
20.41,-437.4
20.4133,201
20.4167,-1243.8
20.42,-885
20.4233,-577.2
20.4267,-32.7
20.43,-343.5
20.4333,-622.5
20.4367,-843
20.44,-765.6
20.4433,-647.1
20.4467,504.9
20.45,477.9
20.4533,-948.9
20.4567,-1593.6
20.46,-243.9
20.4633,-377.1
20.4667,-547.8
20.47,-1123.8
20.4733,-513.9
20.4767,-498.3
20.48,-123.3
20.4833,676.2
20.4867,-122.4
20.49,-1413.6
20.4933,-889.5
20.4967,-486.9
20.5,-404.4
20.5033,-337.5
20.5067,-606
20.51,-930.3
20.5133,-165
20.5167,-878.1
20.52,-133.2
20.5233,-212.4
20.5267,290.4
20.53,-579.3
20.5333,-955.5
20.5367,-775.5
20.54,-176.7
20.5433,-173.1
20.5467,112.2
20.55,-755.1
20.5533,-1329.6
20.5567,-158.4
20.56,-407.4
20.5633,-705.3
20.5667,-597
20.57,-773.7
20.5733,-483.6
20.5767,-747.6
20.58,-449.4
20.5833,310.2
20.5867,-441
20.59,-1024.2
20.5933,-932.4
20.5967,-630
20.6,196.5
20.6033,-109.2
20.6067,-1086.6
20.61,-215.7
20.6133,-660.6
20.6167,374.4
20.62,0.9
20.6233,-790.8
20.6267,-989.1
20.63,-497.1
20.6333,-621.9
20.6367,-184.5
20.64,-803.4
20.6433,-553.8
20.6467,-532.2
20.65,-14.1
20.6533,-387.9
20.6567,-867
20.66,499.5
20.6633,-254.4
20.6667,-1227.6
20.67,-3.6
20.6733,137.7
20.6767,-255.6
20.68,-1466.1
20.6833,-1073.1
20.6867,267
20.69,91.5
20.6933,-737.4
20.6967,-815.4
20.7,-366.3
20.7033,-407.4
20.7067,-180.3
20.71,-472.2
20.7133,-282.6
20.7167,229.2
20.72,754.5
20.7233,-807.3
20.7267,-1708.8
20.73,-993
20.7333,444
20.7367,-264.9
20.74,-939.9
20.7433,-312.3
20.7467,106.2
20.75,-260.4
20.7533,-309
20.7567,-66.3
20.76,573.3
20.7633,-1170.9
20.7667,-1410.6
20.77,-256.2
20.7733,175.5
20.7767,-992.1
20.78,-589.8
20.7833,-372.3
20.7867,-361.8
20.79,-705.3
20.7933,1088.1
20.7967,-45.6
20.8,-1743.6
20.8033,-489.6
20.8067,-324.3
20.81,-444.6
20.8133,302.1
20.8167,-81.9
20.82,-1341.3
20.8233,-947.1
20.8267,-610.5
20.83,558.9
20.8333,-450
20.8367,84.6
20.84,-600.6
20.8433,-1205.7
20.8467,-675.6
20.85,-288.9
20.8533,1221.9
20.8567,868.5
20.86,-106.5
20.8633,-1479.3
20.8667,-1542.6
20.87,-1082.7
20.8733,-382.2
20.8767,-51.3
20.88,-493.8
20.8833,-938.4
20.8867,-700.8
20.89,-176.7
20.8933,-252.6
20.8967,-207.9
20.9,-633.9
20.9033,-876
20.9067,-432.6
20.91,94.8
20.9133,-611.7
20.9167,51.9
20.92,1827.9
20.9233,-159.3
20.9267,-2568.6
20.93,-1302.3
20.9333,-815.1
20.9367,-230.1
20.94,-555.3
20.9433,-729
20.9467,118.8
20.95,-47.1
20.9533,-406.2
20.9567,-906
20.96,-666.3
20.9633,-879
20.9667,-501.3
20.97,-641.1
20.9733,-357.9
20.9767,-278.4
20.98,-58.5
20.9833,-669
20.9867,-332.4
20.99,186.3
20.9933,-1042.2
20.9967,-1179
21,-713.1
21.0033,-659.4
21.0067,-217.2
21.01,-413.7
21.0133,42
21.0167,-281.7
21.02,-383.4
21.0233,-256.8
21.0267,-954.6
21.03,-886.5
21.0333,-294
21.0367,-833.4
21.04,-894
21.0433,-728.4
21.0467,-315
21.05,-388.8
21.0533,-438.3
21.0567,-520.5
21.06,100.5
21.0633,-704.4
21.0667,-1001.1
21.07,-717.6
21.0733,-736.5
21.0767,146.4
21.08,-789.6
21.0833,-471
21.0867,-170.7
21.09,-382.2
21.0933,-453.6
21.0967,403.8
21.1,-1384.5
21.1033,-1153.2
21.1067,-862.8
21.11,-402.3
21.1133,-390.9
21.1167,-395.4
21.12,-849
21.1233,-65.4
21.1267,-61.5
21.13,-819.3
21.1333,-626.1
21.1367,-783.6
21.14,-510.9
21.1433,-476.7
21.1467,-950.7
21.15,-660.9
21.1533,501.3
21.1567,-240.6
21.16,-1226.1
21.1633,-731.7
21.1667,-912.6
21.17,-369
21.1733,-218.4
21.1767,-914.7
21.18,-638.7
21.1833,-600
21.1867,-549.9
21.19,-690.9
21.1933,-201
21.1967,205.5
21.2,-285.6
21.2033,-570.6
21.2067,-1116.3
21.21,-741.9
21.2133,-690.6
21.2167,-753
21.22,-471.9
21.2233,-564.3
21.2267,-276
21.23,-276.6
21.2333,-233.1
21.2367,-831
21.24,-264
21.2433,-336.9
21.2467,-1027.8
21.25,-756.3
21.2533,-595.2
21.2567,-564.9
21.26,-508.2
21.2633,-459.9
21.2667,-583.8
21.27,-782.7
21.2733,-348.6
21.2767,71.4
21.28,-1068.6
21.2833,-433.5
21.2867,-525
21.29,-558.9
21.2933,-413.1
21.2967,-158.7
21.3,275.7
21.3033,-1252.8
21.3067,-1268.7
21.31,-737.7
21.3133,-633.9
21.3167,-322.5
21.32,-355.8
21.3233,-179.7
21.3267,-766.8
21.33,-775.8
21.3333,-344.7
21.3367,-252.9
21.34,-794.1
21.3433,-658.2
21.3467,-650.7
21.35,-531
21.3533,-104.4
21.3567,-836.1
21.36,-533.4
21.3633,-709.2
21.3667,-170.1
21.37,-447.9
21.3733,-1184.1
21.3767,-467.7
21.38,-341.4
21.3833,304.8
21.3867,-64.5
21.39,-1071.9
21.3933,-957.6
21.3967,-866.4
21.4,-575.1
21.4033,-405.6
21.4067,-377.4
21.41,-596.1
21.4133,-792.9
21.4167,-668.4
21.42,-547.2
21.4233,-527.4
21.4267,-607.8
21.43,-780.6
21.4333,-575.1
21.4367,-599.7
21.44,-239.7
21.4433,-473.4
21.4467,-389.7
21.45,36.6
21.4533,-381
21.4567,-701.1
21.46,-776.1
21.4633,-788.7
21.4667,-627.6
21.47,-544.8
21.4733,-645
21.4767,-602.4
21.48,-742.8
21.4833,-575.1
21.4867,-466.5
21.49,-381
21.4933,-493.2
21.4967,-686.1
21.5,-541.2
21.5033,-209.1
21.5067,-237
21.51,-621.9
21.5133,-518.1
21.5167,-767.1
21.52,-1066.5
21.5233,-465.6
21.5267,-368.4
21.53,-479.4
21.5333,91.8
21.5367,390
21.54,-1523.4
21.5433,-967.8
21.5467,-644.7
21.55,-353.4
21.5533,-341.1
21.5567,-648
21.56,-843.9
21.5633,-647.4
21.5667,-643.5
21.57,-363.9
21.5733,-247.5
21.5767,-488.1
21.58,-673.5
21.5833,-984.6
21.5867,-750.6
21.59,-256.8
21.5933,608.7
21.5967,-145.5
21.6,-1373.7
21.6033,-935.1
21.6067,-716.7
21.61,-723.6
21.6133,-464.7
21.6167,-605.1
21.62,-306.9
21.6233,-611.1
21.6267,-584.7
21.63,-433.2
21.6333,-204
21.6367,-579.6
21.64,-933
21.6433,-693.3
21.6467,-573
21.65,-276.9
21.6533,112.5
21.6567,92.1
21.66,-819.9
21.6633,-1257.9
21.6667,-726.6
21.67,-618.6
21.6733,-308.1
21.6767,131.4
21.68,-618.9
21.6833,-1008.6
21.6867,-723.3
21.69,-810.6
21.6933,-424.2
21.6967,-521.7
21.7,-878.1
21.7033,-414
21.7067,-486.3
21.71,-399.3
21.7133,-742.5
21.7167,-501.3
21.72,-534.6
21.7233,-313.8
21.7267,-219.9
21.73,-256.5
21.7333,-936
21.7367,-477
21.74,-530.4
21.7433,-677.7
21.7467,-534.3
21.75,-351.3
21.7533,-567
21.7567,-622.5
21.76,-613.2
21.7633,-569.1
21.7667,-654.3
21.77,355.8
21.7733,1085.1
21.7767,-1509.3
21.78,-1249.2
21.7833,-1083.3
21.7867,-624
21.79,-505.5
21.7933,-597.6
21.7967,-789.3
21.8,-614.7
21.8033,-578.7
21.8067,-656.7
21.81,-628.8
21.8133,-557.7
21.8167,-383.7
21.82,-32.1
21.8233,-552.3
21.8267,-572.7
21.83,-636.6
21.8333,-776.7
21.8367,-636.9
21.84,-565.5
21.8433,-577.5
21.8467,-523.2
21.85,-241.8
21.8533,-363
21.8567,-841.2
21.86,-482.1
21.8633,-660.9
21.8667,-600.9
21.87,-483
21.8733,-588.3
21.8767,-424.8
21.88,-571.5
21.8833,-563.7
21.8867,-592.8
21.89,-582.9
21.8933,-592.5
21.8967,-554.1
21.9,-530.1
21.9033,-534.9
21.9067,-573.6
21.91,-531.6
21.9133,-532.2
21.9167,-579.9
21.92,-539.4
21.9233,-504
21.9267,-517.2
21.93,-609
21.9333,-436.5
21.9367,-461.4
21.94,-439.5
21.9433,-622.8
21.9467,-500.7
21.95,-571.8
21.9533,-410.4
21.9567,-597.3
21.96,-653.4
21.9633,-662.1
21.9667,-630.9
21.97,-617.1
21.9733,-610.8
21.9767,-608.7
21.98,-609.3
21.9833,-622.5
21.9867,-640.2
21.99,-638.1
21.9933,-650.7
21.9967,-645
22,-654.3
22.0033,-675.6
22.0067,-661.5
22.01,-693.9
22.0133,-693.9
22.0167,-692.4
22.02,-697.2
22.0233,-705.9
22.0267,-722.1
22.03,-675.3
22.0333,-659.4
22.0367,-693
22.04,-678
22.0433,-735.6
22.0467,-815.7
22.05,-802.8
22.0533,-738.9
22.0567,-709.8
22.06,-822.6
22.0633,-818.4
22.0667,-742.8
22.07,-824.7
22.0733,-808.5
22.0767,-788.7
22.08,-795.6
22.0833,-791.1
22.0867,-795.9
22.09,-814.5
22.0933,-801
22.0967,-824.7
22.1,-801.3
22.1033,-822.9
22.1067,-827.7
22.11,-829.8
22.1133,-847.2
22.1167,-842.1
22.12,-835.5
22.1233,-821.1
22.1267,-904.2
22.13,-860.4
22.1333,-859.5
22.1367,-846.3
22.14,-876.3
22.1433,-843.3
22.1467,-875.4
22.15,-841.5
22.1533,-855.9
22.1567,-843.6
22.16,-746.7
22.1633,-789.6
22.1667,-942.9
22.17,-833.4
22.1733,-813.9
22.1767,-799.8
22.18,-873.3
22.1833,-874.5
22.1867,-842.7
22.19,-843
22.1933,-822.6
22.1967,-822
22.2,-816.3
22.2033,-777.6
22.2067,-749.1
22.21,-800.4
22.2133,-855
22.2167,-808.2
22.22,-781.5
22.2233,-758.1
22.2267,-840.9
22.23,-853.5
22.2333,-807.6
22.2367,-779.4
22.24,-765
22.2433,-744.3
22.2467,-824.7
22.25,-820.8
22.2533,-807.3
22.2567,-798.3
22.26,-789.3
22.2633,-783.9
22.2667,-788.4
22.27,-784.5
22.2733,-782.4
22.2767,-775.8
22.28,-771.9
22.2833,-774
22.2867,-771
22.29,-774
22.2933,-772.8
22.2967,-772.8
22.3,-771
22.3033,-754.8
22.3067,-761.1
22.31,-775.5
22.3133,-773.7
22.3167,-766.8
22.32,-768.6
22.3233,-751.8
22.3267,-762.3
22.33,-753.9
22.3333,-732
22.3367,-755.1
22.34,-690.6
22.3433,-782.4
22.3467,-828.9
22.35,-752.1
22.3533,-742.5
22.3567,-772.8
22.36,-720.9
22.3633,-755.1
22.3667,-765.3
22.37,-806.7
22.3733,-777.3
22.3767,-762
22.38,-767.4
22.3833,-759
22.3867,-739.8
22.39,-753.3
22.3933,-765
22.3967,-754.8
22.4,-752.1
22.4033,-737.7
22.4067,-726.6
22.41,-766.5
22.4133,-746.4
22.4167,-717.3
22.42,-761.4
22.4233,-754.8
22.4267,-695.1
22.43,-658.5
22.4333,-770.7
22.4367,-813.6
22.44,-753.9
22.4433,-716.7
22.4467,-757.2
22.45,-743.7
22.4533,-767.4
22.4567,-733.8
22.46,-761.1
22.4633,-746.4
22.4667,-717.6
22.47,-711.6
22.4733,-697.5
22.4767,-774.9
22.48,-736.8
22.4833,-735.6
22.4867,-735.9
22.49,-736.2
22.4933,-737.1
22.4967,-729.6
22.5,-723.3
22.5033,-705.6
22.5067,-690.3
22.51,-744.6
22.5133,-764.7
22.5167,-736.2
22.52,-734.7
22.5233,-720.9
22.5267,-726
22.53,-721.5
22.5333,-708.3
22.5367,-727.5
22.54,-725.1
22.5433,-718.5
22.5467,-708.3
22.55,-690.9
22.5533,-692.7
22.5567,-714.9
22.56,-742.5
22.5633,-718.8
22.5667,-695.1
22.57,-638.7
22.5733,-735.6
22.5767,-744.9
22.58,-673.8
22.5833,-592.2
22.5867,-749.4
22.59,-771.9
22.5933,-756.6
22.5967,-735.9
22.6,-717.9
22.6033,-701.4
22.6067,-727.2
22.61,-710.1
22.6133,-723
22.6167,-709.2
22.62,-707.4
22.6233,-708.9
22.6267,-675.9
22.63,-705.3
22.6333,-701.4
22.6367,-699
22.64,-699.9
22.6433,-702.9
22.6467,-723
22.65,-722.7
22.6533,-710.4
22.6567,-704.1
22.66,-697.5
22.6633,-692.1
22.6667,-627.6
22.67,-622.8
22.6733,-715.5
22.6767,-759.3
22.68,-730.8
22.6833,-711.9
22.6867,-699.3
22.69,-700.5
22.6933,-713.7
22.6967,-686.4
22.7,-665.7
22.7033,-702.9
22.7067,-663
22.71,-705
22.7133,-720.9
22.7167,-689.7
22.72,-693.6
22.7233,-701.4
22.7267,-690
22.73,-666.3
22.7333,-685.8
22.7367,-694.8
22.74,-705.9
22.7433,-692.7
22.7467,-693
22.75,-683.1
22.7533,-683.7
22.7567,-678
22.76,-665.7
22.7633,-687.6
22.7667,-669
22.77,-685.8
22.7733,-690.9
22.7767,-660.6
22.78,-670.2
22.7833,-697.2
22.7867,-678.6
22.79,-687.6
22.7933,-667.8
22.7967,-683.7
22.8,-639
22.8033,-668.4
22.8067,-714.9
22.81,-724.2
22.8133,-707.7
22.8167,-677.7
22.82,-654.6
22.8233,-712.8
22.8267,-690.3
22.83,-675.3
22.8333,-670.2
22.8367,-695.1
22.84,-684
22.8433,-660
22.8467,-665.4
22.85,-660.9
22.8533,-663
22.8567,-680.7
22.86,-627.9
22.8633,-691.5
22.8667,-669.6
22.87,-652.5
22.8733,-660.6
22.8767,-645
22.88,-685.5
22.8833,-707.1
22.8867,-707.7
22.89,-683.4
22.8933,-678
22.8967,-674.7
22.9,-666.3
22.9033,-669.3
22.9067,-663.6
22.91,-657
22.9133,-637.2
22.9167,-672.3
22.92,-662.1
22.9233,-654
22.9267,-632.1
22.93,-675.9
22.9333,-689.1
22.9367,-667.5
22.94,-671.4
22.9433,-659.1
22.9467,-647.1
22.95,-606.3
22.9533,-651.9
22.9567,-679.8
22.96,-659.4
22.9633,-690
22.9667,-675
22.97,-666.6
22.9733,-668.7
22.9767,-654.6
22.98,-647.7
22.9833,-663.9
22.9867,-654
22.99,-643.5
22.9933,-633.6
22.9967,-606.3
23,-632.7
23.0033,-667.2
23.0067,-656.1
23.01,-669.3
23.0133,-666.9
23.0167,-654.9
23.02,-655.8
23.0233,-664.5
23.0267,-668.1
23.03,-662.4
23.0333,-648.9
23.0367,-650.7
23.04,-629.7
23.0433,-602.7
23.0467,-691.8
23.05,-689.7
23.0533,-676.8
23.0567,-654.6
23.06,-657.9
23.0633,-648
23.0667,-643.5
23.07,-655.2
23.0733,-636
23.0767,-630
23.08,-631.8
23.0833,-627
23.0867,-647.1
23.09,-641.1
23.0933,-640.2
23.0967,-708.3
23.1,-695.1
23.1033,-656.7
23.1067,-661.5
23.11,-642.9
23.1133,-654.3
23.1167,-662.7
23.12,-660
23.1233,-654.9
23.1267,-641.4
23.13,-616.5
23.1333,-653.4
23.1367,-643.5
23.14,-683.1
23.1433,-654.6
23.1467,-658.8
23.15,-650.1
23.1533,-634.2
23.1567,-647.4
23.16,-640.5
23.1633,-644.1
23.1667,-612.3
23.17,-618
23.1733,-615.6
23.1767,-669.6
23.18,-605.1
23.1833,-675
23.1867,-678
23.19,-661.8
23.1933,-650.1
23.1967,-625.2
23.2,-644.1
23.2033,-636.9
23.2067,-636.3
23.21,-657.3
23.2133,-664.5
23.2167,-629.7
23.22,-633.3
23.2233,-621.6
23.2267,-606.3
23.23,-666.9
23.2333,-653.1
23.2367,-647.4
23.24,-644.7
23.2433,-635.4
23.2467,-612.3
23.25,-632.1
23.2533,-657
23.2567,-649.2
23.26,-627
23.2633,-621.9
23.2667,-647.7
23.27,-657.3
23.2733,-633.6
23.2767,-630.6
23.28,-595.8
23.2833,-636
23.2867,-642.9
23.29,-653.4
23.2933,-656.4
23.2967,-638.7
23.3,-622.8
23.3033,-637.2
23.3067,-647.1
23.31,-645
23.3133,-627.3
23.3167,-638.7
23.32,-655.2
23.3233,-638.7
23.3267,-620.7
23.33,-602.7
23.3333,-590.1
23.3367,-645.6
23.34,-637.5
23.3433,-641.7
23.3467,-608.4
23.35,-669
23.3533,-657
23.3567,-656.4
23.36,-617.7
23.3633,-646.5
23.3667,-615.6
23.37,-677.7
23.3733,-609.3
23.3767,-638.4
23.38,-644.7
23.3833,-609
23.3867,-649.8
23.39,-655.8
23.3933,-638.7
23.3967,-629.7
23.4,-623.4
23.4033,-623.7
23.4067,-626.7
23.41,-656.7
23.4133,-638.4
23.4167,-639.6
23.42,-632.7
23.4233,-628.5
23.4267,-636.6
23.43,-624.9
23.4333,-597.6
23.4367,-652.5
23.44,-640.2
23.4433,-637.8
23.4467,-618.6
23.45,-602.1
23.4533,-614.1
23.4567,-658.5
23.46,-567.3
23.4633,-604.8
23.4667,-669
23.47,-686.7
23.4733,-661.2
23.4767,-629.4
23.48,-604.5
23.4833,-627.3
23.4867,-668.7
23.49,-617.4
23.4933,-618.3
23.4967,-670.2
23.5,-635.1
23.5033,-638.4
23.5067,-621.6
23.51,-620.1
23.5133,-623.1
23.5167,-602.1
23.52,-650.4
23.5233,-657.3
23.5267,-641.1
23.53,-625.5
23.5333,-641.1
23.5367,-636
23.54,-614.7
23.5433,-600.3
23.5467,-657
23.55,-626.1
23.5533,-621.3
23.5567,-578.4
23.56,-639.3
23.5633,-642.9
23.5667,-617.7
23.57,-665.1
23.5733,-621
23.5767,-631.8
23.58,-632.1
23.5833,-581.1
23.5867,-653.7
23.59,-648.9
23.5933,-616.2
23.5967,-598.8
23.6,-599.4
23.6033,-595.8
23.6067,-686.1
23.61,-646.5
23.6133,-638.7
23.6167,-629.1
23.62,-629.4
23.6233,-614.4
23.6267,-616.8
23.63,-591.3
23.6333,-638.1
23.6367,-628.8
23.64,-593.4
23.6433,-654.9
23.6467,-621.9
23.65,-640.8
23.6533,-623.1
23.6567,-594.9
23.66,-583.5
23.6633,-630.3
23.6667,-605.4
23.67,-644.1
23.6733,-634.5
23.6767,-615
23.68,-626.4
23.6833,-631.2
23.6867,-597.6
23.69,-676.8
23.6933,-645.6
23.6967,-636.6
23.7,-622.2
23.7033,-600.9
23.7067,-615
23.71,-628.2
23.7133,-625.2
23.7167,-630
23.72,-631.2
23.7233,-633.3
23.7267,-634.8
23.73,-616.5
23.7333,-623.7
23.7367,-609.3
23.74,-633
23.7433,-638.1
23.7467,-619.2
23.75,-618.6
23.7533,-630.3
23.7567,-618
23.76,-621.6
23.7633,-621.6
23.7667,-592.5
23.77,-526.8
23.7733,-631.8
23.7767,-646.5
23.78,-642
23.7833,-630.9
23.7867,-632.7
23.79,-634.5
23.7933,-607.8
23.7967,-637.2
23.8,-590.1
23.8033,-580.5
23.8067,-628.8
23.81,-680.4
23.8133,-559.8
23.8167,-661.8
23.82,-660
23.8233,-654
23.8267,-653.7
23.83,-622.5
23.8333,-636.3
23.8367,-621
23.84,-616.2
23.8433,-619.8
23.8467,-620.4
23.85,-620.1
23.8533,-594.6
23.8567,-611.7
23.86,-632.4
23.8633,-618.9
23.8667,-622.8
23.87,-620.4
23.8733,-613.2
23.8767,-607.8
23.88,-594.9
23.8833,-614.1
23.8867,-618.6
23.89,-596.7
23.8933,-618.6
23.8967,-624.6
23.9,-639
23.9033,-597.3
23.9067,-536.4
23.91,-630
23.9133,-624.3
23.9167,-644.4
23.92,-609.6
23.9233,-622.8
23.9267,-644.7
23.93,-658.2
23.9333,-617.4
23.9367,-621.9
23.94,-616.2
23.9433,-622.2
23.9467,-606.6
23.95,-619.2
23.9533,-597.3
23.9567,-664.5
23.96,-629.4
23.9633,-634.5
23.9667,-627.9
23.97,-627
23.9733,-620.1
23.9767,-610.2
23.98,-582.3
23.9833,-548.7
23.9867,-644.1
23.99,-653.1
23.9933,-636.6
23.9967,-624.3
24,-622.2
24.0033,-628.5
24.0067,-624
24.01,-613.2
24.0133,-620.4
24.0167,-619.8
24.02,-616.5
24.0233,-604.8
24.0267,-615.3
24.03,-598.8
24.0333,-600
24.0367,-634.8
24.04,-609
24.0433,-569.1
24.0467,-575.7
24.05,-609.9
24.0533,-655.2
24.0567,-614.1
24.06,-661.2
24.0633,-634.2
24.0667,-623.1
24.07,-628.8
24.0733,-613.8
24.0767,-593.7
24.08,-588.9
24.0833,-618.3
24.0867,-652.8
24.09,-640.2
24.0933,-623.4
24.0967,-624.9
24.1,-620.1
24.1033,-614.4
24.1067,-621
24.11,-615.6
24.1133,-574.5
24.1167,-573.3
24.12,-675.3
24.1233,-645.6
24.1267,-624.9
24.13,-622.2
24.1333,-634.8
24.1367,-621.6
24.14,-604.2
24.1433,-606
24.1467,-590.4
24.15,-621
24.1533,-625.8
24.1567,-630.6
24.16,-595.8
24.1633,-577.8
24.1667,-684.3
24.17,-617.4
24.1733,-640.5
24.1767,-626.1
24.18,-620.7
24.1833,-612.9
24.1867,-614.1
24.19,-590.1
24.1933,-643.5
24.1967,-590.1
24.2,-594
24.2033,-665.4
24.2067,-628.8
24.21,-605.4
24.2133,-607.2
24.2167,-639.9
24.22,-594.6
24.2233,-574.2
24.2267,-615.6
24.23,-591
24.2333,-638.4
24.2367,-609.9
24.24,-676.5
24.2433,-653.7
24.2467,-634.5
24.25,-625.5
24.2533,-623.1
24.2567,-622.5
24.26,-616.8
24.2633,-606
24.2667,-568.8
24.27,-613.5
24.2733,-650.1
24.2767,-631.5
24.28,-647.1
24.2833,-626.1
24.2867,-627.9
24.29,-622.5
24.2933,-616.8
24.2967,-601.5
24.3,-584.7
24.3033,-641.7
24.3067,-626.1
24.31,-634.2
24.3133,-617.7
24.3167,-610.2
24.32,-606
24.3233,-594.6
24.3267,-540.3
24.33,-585.6
24.3333,-655.8
24.3367,-636
24.34,-661.2
24.3433,-629.7
24.3467,-650.4
24.35,-609.9
24.3533,-603
24.3567,-638.7
24.36,-632.4
24.3633,-622.5
24.3667,-570
24.37,-638.4
24.3733,-627.3
24.3767,-632.4
24.38,-608.7
24.3833,-642
24.3867,-625.8
24.39,-628.2
24.3933,-625.2
24.3967,-625.8
24.4,-615.6
24.4033,-582
24.4067,-589.8
24.41,-633.6
24.4133,-608.4
24.4167,-590.7
24.42,-651
24.4233,-632.7
24.4267,-628.8
24.43,-641.1
24.4333,-635.7
24.4367,-627.6
24.44,-627
24.4433,-572.7
24.4467,-617.7
24.45,-632.4
24.4533,-631.8
24.4567,-633
24.46,-586.2
24.4633,-649.5
24.4667,-641.1
24.47,-630
24.4733,-605.4
24.4767,-610.8
24.48,-628.5
24.4833,-612
24.4867,-629.1
24.49,-635.1
24.4933,-629.4
24.4967,-628.8
24.5,-623.7
24.5033,-622.5
24.5067,-609.6
24.51,-610.8
24.5133,-614.1
24.5167,-583.8
24.52,-571.5
24.5233,-650.7
24.5267,-622.2
24.53,-587.7
24.5333,-671.4
24.5367,-632.7
24.54,-620.7
24.5433,-625.8
24.5467,-648.6
24.55,-622.8
24.5533,-632.4
24.5567,-630.3
24.56,-632.1
24.5633,-628.8
24.5667,-644.1
24.57,-627
24.5733,-629.7
24.5767,-627.3
24.58,-627
24.5833,-611.4
24.5867,-608.1
24.59,-618.9
24.5933,-597
24.5967,-600.3
24.6,-586.8
24.6033,-598.8
24.6067,-698.4
24.61,-644.1
24.6133,-654.6
24.6167,-636
24.62,-641.4
24.6233,-621.3
24.6267,-603.3
24.63,-621.6
24.6333,-643.5
24.6367,-634.2
24.64,-631.5
24.6433,-624.6
24.6467,-625.8
24.65,-615.9
24.6533,-611.7
24.6567,-619.5
24.66,-605.4
24.6633,-608.7
24.6667,-626.4
24.67,-630.9
24.6733,-639.9
24.6767,-622.2
24.68,-615.6
24.6833,-622.8
24.6867,-632.4
24.69,-571.2
24.6933,-524.7
24.6967,-615.6
24.7,-695.4
24.7033,-646.8
24.7067,-636.3
24.71,-667.5
24.7133,-636.3
24.7167,-615.9
24.72,-589.2
24.7233,-648.3
24.7267,-649.8
24.73,-601.2
24.7333,-639
24.7367,-648.9
24.74,-634.5
24.7433,-633.6
24.7467,-627.3
24.75,-639
24.7533,-635.4
24.7567,-625.5
24.76,-611.7
24.7633,-616.2
24.7667,-615.9
24.77,-635.7
24.7733,-635.4
24.7767,-604.8
24.78,-616.5
24.7833,-642.6
24.7867,-647.7
24.79,-635.7
24.7933,-627.9
24.7967,-629.1
24.8,-628.2
24.8033,-618.9
24.8067,-615.6
24.81,-590.7
24.8133,-658.8
24.8167,-642.9
24.82,-590.7
24.8233,-558.9
24.8267,-657.9
24.83,-610.8
24.8333,-603.9
24.8367,-663
24.84,-626.7
24.8433,-666
24.8467,-628.8
24.85,-629.4
24.8533,-558.6
24.8567,-708.9
24.86,-661.8
24.8633,-650.7
24.8667,-642.6
24.87,-646.5
24.8733,-634.2
24.8767,-625.5
24.88,-628.5
24.8833,-633
24.8867,-592.8
24.89,-628.5
24.8933,-653.1
24.8967,-634.8
24.9,-624
24.9033,-630
24.9067,-626.1
24.91,-628.5
24.9133,-630
24.9167,-646.2
24.92,-635.4
24.9233,-622.5
24.9267,-633.6
24.93,-611.7
24.9333,-630
24.9367,-661.2
24.94,-633.9
24.9433,-634.5
24.9467,-623.4
24.95,-623.1
24.9533,-617.7
24.9567,-636.3
24.96,-614.4
24.9633,-624.3
24.9667,-636
24.97,-618
24.9733,-630.9
24.9767,-676.2
24.98,-640.5
24.9833,-612.6
24.9867,-639.3
24.99,-609.3
24.9933,-669.3
24.9967,-601.8
25,-642.6
25.0033,-629.1
25.0067,-617.4
25.01,-633.6
25.0133,-684.6
25.0167,-636.6
25.02,-648
25.0233,-627.6
25.0267,-605.1
25.03,-594.9
25.0333,-646.2
25.0367,-633.3
25.04,-634.2
25.0433,-637.5
25.0467,-639
25.05,-632.4
25.0533,-604.5
25.0567,-657
25.06,-631.2
25.0633,-562.5
25.0667,-638.1
25.07,-677.1
25.0733,-659.7
25.0767,-649.2
25.08,-619.2
25.0833,-616.8
25.0867,-645.3
25.09,-644.1
25.0933,-587.1
25.0967,-641.1
25.1,-645
25.1033,-654.9
25.1067,-642
25.11,-642
25.1133,-584.7
25.1167,-559.8
25.12,-624.6
25.1233,-631.5
25.1267,-633
25.13,-648.6
25.1333,-628.5
25.1367,-652.2
25.14,-639.6
25.1433,-642.3
25.1467,-563.7
25.15,-646.2
25.1533,-685.8
25.1567,-639.6
25.16,-634.8
25.1633,-637.8
25.1667,-620.7
25.17,-613.2
25.1733,-578.7
25.1767,-667.2
25.18,-612.9
25.1833,-582
25.1867,-653.4
25.19,-668.1
25.1933,-650.7
25.1967,-640.5
25.2,-636
25.2033,-628.5
25.2067,-610.5
25.21,-622.2
25.2133,-661.8
25.2167,-619.5
25.22,-624.9
25.2233,-617.7
25.2267,-597
25.23,-587.7
25.2333,-639.6
25.2367,-612.9
25.24,-654.3
25.2433,-678.3
25.2467,-597.9
25.25,-610.5
25.2533,-675
25.2567,-633.3
25.26,-612.9
25.2633,-655.2
25.2667,-661.2
25.27,-631.2
25.2733,-607.8
25.2767,-652.5
25.28,-668.4
25.2833,-643.5
25.2867,-611.1
25.29,-639.9
25.2933,-631.8
25.2967,-547.8
25.3,-641.7
25.3033,-679.5
25.3067,-610.2
25.31,-658.8
25.3133,-669
25.3167,-626.4
25.32,-622.2
25.3233,-620.4
25.3267,-638.4
25.33,-667.8
25.3333,-678.3
25.3367,-647.1
25.34,-592.5
25.3433,-649.2
25.3467,-670.8
25.35,-643.8
25.3533,-669.9
25.3567,-638.1
25.36,-614.7
25.3633,-598.8
25.3667,-665.1
25.37,-688.8
25.3733,-644.4
25.3767,-666.9
25.38,-650.7
25.3833,-651.9
25.3867,-638.4
25.39,-641.1
25.3933,-641.7
25.3967,-633.3
25.4,-619.5
25.4033,-648.3
25.4067,-639.9
25.41,-623.7
25.4133,-576
25.4167,-626.4
25.42,-632.7
25.4233,-680.4
25.4267,-627
25.43,-617.4
25.4333,-657.3
25.4367,-623.7
25.44,-693.6
25.4433,-689.1
25.4467,-677.1
25.45,-637.5
25.4533,-621
25.4567,-651.3
25.46,-652.2
25.4633,-603
25.4667,-648.3
25.47,-702.9
25.4733,-640.8
25.4767,-642.9
25.48,-655.5
25.4833,-664.8
25.4867,-649.2
25.49,-653.1
25.4933,-647.1
25.4967,-649.2
25.5,-649.5
25.5033,-644.7
25.5067,-633.3
25.51,-608.7
25.5133,-645.3
25.5167,-656.4
25.52,-600
25.5233,-667.8
25.5267,-671.4
25.53,-669
25.5333,-669.3
25.5367,-649.2
25.54,-629.7
25.5433,-568.8
25.5467,-667.8
25.55,-624.3
25.5533,-626.7
25.5567,-649.8
25.56,-661.5
25.5633,-658.5
25.5667,-674.4
25.57,-668.4
25.5733,-672.3
25.5767,-674.4
25.58,-623.1
25.5833,-625.8
25.5867,-649.8
25.59,-656.7
25.5933,-682.2
25.5967,-573.3
25.6,-595.8
25.6033,-683.4
25.6067,-652.8
25.61,-608.1
25.6133,-684.6
25.6167,-663.6
25.62,-659.7
25.6233,-686.7
25.6267,-678
25.63,-643.8
25.6333,-630.3
25.6367,-679.5
25.64,-585.3
25.6433,-629.1
25.6467,-609.6
25.65,-743.4
25.6533,-660.3
25.6567,-633.3
25.66,-648.3
25.6633,-679.5
25.6667,-696.9
25.67,-664.5
25.6733,-612
25.6767,-615.9
25.68,-727.2
25.6833,-615.9
25.6867,-622.8
25.69,-683.4
25.6933,-653.4
25.6967,-653.4
25.7,-666
25.7033,-669.9
25.7067,-634.8
25.71,-650.4
25.7133,-701.7
25.7167,-639.9
25.72,-646.8
25.7233,-647.4
25.7267,-679.2
25.73,-667.8
25.7333,-675
25.7367,-680.4
25.74,-640.5
25.7433,-645.9
25.7467,-659.7
25.75,-654.6
25.7533,-682.8
25.7567,-676.8
25.76,-658.5
25.7633,-671.1
25.7667,-653.1
25.77,-634.5
25.7733,-606.6
25.7767,-662.7
25.78,-645.6
25.7833,-657.6
25.7867,-694.2
25.79,-661.8
25.7933,-673.8
25.7967,-658.5
25.8,-654.3
25.8033,-647.7
25.8067,-676.5
25.81,-658.5
25.8133,-673.2
25.8167,-645
25.82,-642.9
25.8233,-662.7
25.8267,-633
25.83,-638.4
25.8333,-688.2
25.8367,-652.5
25.84,-650.4
25.8433,-645
25.8467,-668.7
25.85,-666.6
25.8533,-673.8
25.8567,-643.2
25.86,-637.2
25.8633,-645.6
25.8667,-653.1
25.87,-616.2
25.8733,-684
25.8767,-680.7
25.88,-644.7
25.8833,-637.5
25.8867,-688.2
25.89,-667.2
25.8933,-653.4
25.8967,-621
25.9,-653.4
25.9033,-675.3
25.9067,-669.9
25.91,-621.9
25.9133,-638.7
25.9167,-614.7
25.92,-648
25.9233,-656.4
25.9267,-608.7
25.93,-682.5
25.9333,-711.3
25.9367,-657.9
25.94,-695.7
25.9433,-664.8
25.9467,-663.6
25.95,-660.6
25.9533,-644.4
25.9567,-639.6
25.96,-670.2
25.9633,-650.7
25.9667,-666.3
25.97,-671.4
25.9733,-667.2
25.9767,-631.8
25.98,-632.7
25.9833,-667.2
25.9867,-637.8
25.99,-671.7
25.9933,-652.5
25.9967,-683.4
26,-663.6
26.0033,-617.7
26.0067,-639
26.01,-654.3
26.0133,-662.4
26.0167,-642.3
26.02,-639.6
26.0233,-710.7
26.0267,-659.7
26.03,-641.7
26.0333,-669.9
26.0367,-647.4
26.04,-640.2
26.0433,-622.5
26.0467,-677.4
26.05,-661.5
26.0533,-635.4
26.0567,-680.1
26.06,-681.3
26.0633,-653.1
26.0667,-640.5
26.07,-665.1
26.0733,-668.1
26.0767,-663.6
26.08,-653.7
26.0833,-608.4
26.0867,-640.2
26.09,-625.2
26.0933,-647.4
26.0967,-606.3
26.1,-613.8
26.1033,-730.2
26.1067,-673.8
26.11,-669.6
26.1133,-684.3
26.1167,-674.7
26.12,-655.5
26.1233,-579.9
26.1267,-638.1
26.13,-713.7
26.1333,-670.2
26.1367,-594.6
26.14,-672
26.1433,-729.3
26.1467,-671.7
26.15,-693
26.1533,-673.2
26.1567,-666
26.16,-645.6
26.1633,-668.4
26.1667,-658.5
26.17,-663.6
26.1733,-630
26.1767,-645
26.18,-646.2
26.1833,-662.7
26.1867,-653.4
26.19,-612.6
26.1933,-620.7
26.1967,-690.3
26.2,-618.9
26.2033,-630
26.2067,-698.1
26.21,-660.6
26.2133,-642.6
26.2167,-624
26.22,-683.1
26.2233,-678
26.2267,-665.7
26.23,-687.3
26.2333,-662.7
26.2367,-667.2
26.24,-666.3
26.2433,-638.4
26.2467,-648.6
26.25,-642.9
26.2533,-676.5
26.2567,-612.6
26.26,-619.8
26.2633,-677.4
26.2667,-675
26.27,-672.3
26.2733,-647.7
26.2767,-699.3
26.28,-630.9
26.2833,-622.2
26.2867,-620.7
26.29,-727.2
26.2933,-684.6
26.2967,-656.4
26.3,-660
26.3033,-648.9
26.3067,-695.1
26.31,-644.7
26.3133,-661.8
26.3167,-648
26.32,-665.7
26.3233,-653.1
26.3267,-647.1
26.33,-658.8
26.3333,-647.1
26.3367,-656.4
26.34,-682.2
26.3433,-642.6
26.3467,-580.2
26.35,-660.3
26.3533,-687.3
26.3567,-665.1
26.36,-685.8
26.3633,-694.8
26.3667,-657.6
26.37,-662.1
26.3733,-679.8
26.3767,-666.9
26.38,-664.2
26.3833,-622.8
26.3867,-666
26.39,-678.3
26.3933,-663.6
26.3967,-660
26.4,-668.1
26.4033,-657.3
26.4067,-664.5
26.41,-634.8
26.4133,-657.3
26.4167,-657.3
26.42,-635.1
26.4233,-687
26.4267,-655.8
26.43,-625.8
26.4333,-636.6
26.4367,-605.1
26.44,-666.6
26.4433,-739.2
26.4467,-680.4
26.45,-655.5
26.4533,-650.4
26.4567,-714
26.46,-691.8
26.4633,-659.1
26.4667,-693.3
26.47,-647.7
26.4733,-662.4
26.4767,-647.7
26.48,-679.8
26.4833,-678.9
26.4867,-671.1
26.49,-646.5
26.4933,-677.1
26.4967,-660.9
26.5,-646.8
26.5033,-624.6
26.5067,-649.5
26.51,-700.8
26.5133,-698.4
26.5167,-719.7
26.52,-671.7
26.5233,-693.6
26.5267,-667.5
26.53,-674.1
26.5333,-667.2
26.5367,-645.6
26.54,-671.4
26.5433,-684
26.5467,-664.8
26.55,-684.9
26.5533,-671.1
26.5567,-676.5
26.56,-669.3
26.5633,-648.6
26.5667,-629.7
26.57,-692.1
26.5733,-668.1
26.5767,-649.8
26.58,-617.7
26.5833,-714.9
26.5867,-686.4
26.59,-669.9
26.5933,-628.5
26.5967,-713.4
26.6,-703.5
26.6033,-686.4
26.6067,-681.9
26.61,-693.9
26.6133,-652.2
26.6167,-666.3
26.62,-682.5
26.6233,-671.1
26.6267,-671.7
26.63,-693.3
26.6333,-681.6
26.6367,-681.6
26.64,-657
26.6433,-660.3
26.6467,-692.7
26.65,-679.5
26.6533,-702.3
26.6567,-684
26.66,-674.1
26.6633,-671.4
26.6667,-686.1
26.67,-672.6
26.6733,-680.7
26.6767,-681.3
26.68,-671.4
26.6833,-654.9
26.6867,-648
26.69,-690
26.6933,-681.3
26.6967,-729.9
26.7,-695.7
26.7033,-711.9
26.7067,-654.6
26.71,-671.7
26.7133,-721.8
26.7167,-664.8
26.72,-692.7
26.7233,-714.6
26.7267,-689.1
26.73,-695.4
26.7333,-683.1
26.7367,-672.3
26.74,-678.6
26.7433,-696.3
26.7467,-691.2
26.75,-674.4
26.7533,-685.8
26.7567,-689.7
26.76,-725.1
26.7633,-696
26.7667,-683.4
26.77,-698.7
26.7733,-593.1
26.7767,-717
26.78,-723.3
26.7833,-719.4
26.7867,-725.7
26.79,-703.2
26.7933,-702
26.7967,-655.8
26.8,-715.8
26.8033,-712.5
26.8067,-710.4
26.81,-712.2
26.8133,-704.4
26.8167,-688.5
26.82,-691.5
26.8233,-703.5
26.8267,-702.9
26.83,-689.4
26.8333,-701.1
26.8367,-695.4
26.84,-703.2
26.8433,-707.1
26.8467,-701.1
26.85,-687.6
26.8533,-704.7
26.8567,-649.2
26.86,-693.9
26.8633,-715.8
26.8667,-669.9
26.87,-704.1
26.8733,-672.9
26.8767,-727.5
26.88,-711.9
26.8833,-710.7
26.8867,-724.8
26.89,-715.5
26.8933,-662.1
26.8967,-675.3
26.9,-759.3
26.9033,-701.1
26.9067,-691.2
26.91,-660
26.9133,-705.9
26.9167,-708.9
26.92,-714
26.9233,-718.5
26.9267,-693.9
26.93,-709.5
26.9333,-717.9
26.9367,-666.9
26.94,-664.2
26.9433,-654.3
26.9467,-746.4
26.95,-740.4
26.9533,-709.8
26.9567,-705.9
26.96,-708.6
26.9633,-712.8
26.9667,-707.7
26.97,-702
26.9733,-708.9
26.9767,-704.1
26.98,-693.9
26.9833,-702
26.9867,-681
26.99,-694.2
26.9933,-707.4
26.9967,-705.9
27,-703.8
27.0033,-696.6
27.0067,-722.7
27.01,-703.2
27.0133,-706.2
27.0167,-721.5
27.02,-701.4
27.0233,-709.2
27.0267,-662.1
27.03,-715.5
27.0333,-720
27.0367,-686.7
27.04,-697.8
27.0433,-682.5
27.0467,-708.3
27.05,-705.3
27.0533,-723.9
27.0567,-753.3
27.06,-717.9
27.0633,-694.2
27.0667,-726.9
27.07,-689.7
27.0733,-727.5
27.0767,-689.4
27.08,-707.4
27.0833,-725.4
27.0867,-722.4
27.09,-702.6
27.0933,-725.1
27.0967,-720
27.1,-711.9
27.1033,-708
27.1067,-711.6
27.11,-682.5
27.1133,-699.6
27.1167,-691.8
27.12,-696.3
27.1233,-743.7
27.1267,-706.5
27.13,-702.9
27.1333,-752.7
27.1367,-716.7
27.14,-698.1
27.1433,-682.8
27.1467,-722.1
27.15,-746.1
27.1533,-721.8
27.1567,-726
27.16,-662.1
27.1633,-732.6
27.1667,-748.5
27.17,-714.3
27.1733,-703.5
27.1767,-737.1
27.18,-726.6
27.1833,-725.1
27.1867,-717
27.19,-728.1
27.1933,-725.4
27.1967,-720
27.2,-717.9
27.2033,-711
27.2067,-726
27.21,-723.6
27.2133,-705.6
27.2167,-708.3
27.22,-685.2
27.2233,-714.3
27.2267,-724.5
27.23,-681.3
27.2333,-724.5
27.2367,-741.6
27.24,-717.9
27.2433,-732.9
27.2467,-751.5
27.25,-688.8
27.2533,-704.1
27.2567,-754.2
27.26,-735.6
27.2633,-718.8
27.2667,-744.6
27.27,-734.1
27.2733,-681.3
27.2767,-732.3
27.28,-754.5
27.2833,-730.5
27.2867,-726
27.29,-723
27.2933,-723.6
27.2967,-717.3
27.3,-723.3
27.3033,-719.7
27.3067,-699.6
27.31,-734.4
27.3133,-732.9
27.3167,-724.5
27.32,-728.7
27.3233,-723.3
27.3267,-719.4
27.33,-693
27.3333,-691.8
27.3367,-719.7
27.34,-682.2
27.3433,-752.7
27.3467,-744.9
27.35,-736.5
27.3533,-710.1
27.3567,-726.6
27.36,-744
27.3633,-743.4
27.3667,-732
27.37,-720.3
27.3733,-716.1
27.3767,-740.7
27.38,-777.3
27.3833,-725.4
27.3867,-735.3
27.39,-739.2
27.3933,-737.7
27.3967,-714.6
27.4,-718.8
27.4033,-722.7
27.4067,-735.6
27.41,-694.2
27.4133,-750
27.4167,-732.9
27.42,-738.3
27.4233,-716.1
27.4267,-715.5
27.43,-727.8
27.4333,-733.8
27.4367,-759
27.44,-738.6
27.4433,-731.4
27.4467,-725.7
27.45,-717
27.4533,-735.6
27.4567,-747.3
27.46,-726.6
27.4633,-731.7
27.4667,-747.9
27.47,-705.9
27.4733,-680.4
27.4767,-764.1
27.48,-750.9
27.4833,-718.8
27.4867,-714.9
27.49,-757.2
27.4933,-753.3
27.4967,-734.4
27.5,-728.1
27.5033,-730.5
27.5067,-756
27.51,-744
27.5133,-751.2
27.5167,-707.7
27.52,-711.6
27.5233,-702.9
27.5267,-749.1
27.53,-770.1
27.5333,-754.2
27.5367,-750.6
27.54,-749.1
27.5433,-735.3
27.5467,-743.1
27.55,-710.1
27.5533,-678.9
27.5567,-735.6
27.56,-765
27.5633,-721.8
27.5667,-746.1
27.57,-753.9
27.5733,-739.2
27.5767,-758.1
27.58,-732.9
27.5833,-730.8
27.5867,-722.4
27.59,-717.9
27.5933,-670.2
27.5967,-782.1
27.6,-781.2
27.6033,-780
27.6067,-742.8
27.61,-745.2
27.6133,-741
27.6167,-752.7
27.62,-747.6
27.6233,-739.5
27.6267,-735.6
27.63,-733.5
27.6333,-701.1
27.6367,-688.2
27.64,-771.6
27.6433,-756.6
27.6467,-754.5
27.65,-741.9
27.6533,-711.6
27.6567,-708.9
27.66,-705.6
27.6633,-662.4
27.6667,-837.3
27.67,-788.1
27.6733,-754.5
27.6767,-734.7
27.68,-702.9
27.6833,-744.6
27.6867,-812.4
27.69,-759.3
27.6933,-754.8
27.6967,-739.2
27.7,-737.4
27.7033,-729
27.7067,-720.9
27.71,-712.2
27.7133,-741
27.7167,-784.8
27.72,-728.7
27.7233,-744.3
27.7267,-743.1
27.73,-751.5
27.7333,-733.5
27.7367,-727.2
27.74,-749.1
27.7433,-742.8
27.7467,-742.5
27.75,-747
27.7533,-746.4
27.7567,-730.8
27.76,-753.6
27.7633,-735.3
27.7667,-724.5
27.77,-747
27.7733,-728.7
27.7767,-707.7
27.78,-783.3
27.7833,-719.7
27.7867,-729.6
27.79,-780
27.7933,-714.9
27.7967,-738
27.8,-705.3
27.8033,-739.2
27.8067,-765.9
27.81,-752.1
27.8133,-776.1
27.8167,-739.2
27.82,-777
27.8233,-745.2
27.8267,-729
27.83,-726.6
27.8333,-786.3
27.8367,-741.6
27.84,-738.9
27.8433,-755.4
27.8467,-758.7
27.85,-746.7
27.8533,-731.1
27.8567,-741.3
27.86,-724.5
27.8633,-720
27.8667,-764.7
27.87,-743.7
27.8733,-748.5
27.8767,-734.7
27.88,-766.5
27.8833,-747.9
27.8867,-734.4
27.89,-691.8
27.8933,-739.2
27.8967,-756
27.9,-747.9
27.9033,-746.7
27.9067,-731.1
27.91,-693.3
27.9133,-792.9
27.9167,-762.3
27.92,-768.6
27.9233,-754.8
27.9267,-746.1
27.93,-726.6
27.9333,-755.1
27.9367,-749.7
27.94,-703.8
27.9433,-753
27.9467,-783.3
27.95,-752.7
27.9533,-753
27.9567,-749.1
27.96,-744.9
27.9633,-749.4
27.9667,-735.3
27.97,-741.6
27.9733,-745.5
27.9767,-747.9
27.98,-731.7
27.9833,-733.5
27.9867,-676.8
27.99,-744.9
27.9933,-764.1
27.9967,-711.9
28,-707.1
28.0033,-792
28.0067,-748.2
28.01,-732.9
28.0133,-763.8
28.0167,-737.1
28.02,-771.6
28.0233,-754.8
28.0267,-744
28.03,-753.3
28.0333,-746.1
28.0367,-731.4
28.04,-754.8
28.0433,-727.5
28.0467,-735.9
28.05,-740.4
28.0533,-766.8
28.0567,-741.6
28.06,-687.3
28.0633,-675.6
28.0667,-731.1
28.07,-806.1
28.0733,-766.5
28.0767,-759.6
28.08,-766.8
28.0833,-734.7
28.0867,-738.6
28.09,-732.3
28.0933,-769.2
28.0967,-748.5
28.1,-730.8
28.1033,-756.9
28.1067,-751.5
28.11,-753.6
28.1133,-725.7
28.1167,-742.8
28.12,-715.8
28.1233,-724.5
28.1267,-681.6
28.13,-797.7
28.1333,-766.2
28.1367,-737.7
28.14,-685.2
28.1433,-782.1
28.1467,-749.7
28.15,-756
28.1533,-735
28.1567,-777.3
28.16,-754.2
28.1633,-746.1
28.1667,-721.5
28.17,-707.4
28.1733,-761.7
28.1767,-770.1
28.18,-768.3
28.1833,-729
28.1867,-722.4
28.19,-742.5
28.1933,-759
28.1967,-741.9
28.2,-736.2
28.2033,-740.4
28.2067,-727.2
28.21,-720.9
28.2133,-655.8
28.2167,-807.6
28.22,-768
28.2233,-753
28.2267,-787.5
28.23,-742.8
28.2333,-742.2
28.2367,-698.4
28.24,-741
28.2433,-772.8
28.2467,-736.8
28.25,-745.2
28.2533,-768.3
28.2567,-741.9
28.26,-718.5
28.2633,-718.8
28.2667,-754.2
28.27,-770.4
28.2733,-729.6
28.2767,-721.2
28.28,-750
28.2833,-755.4
28.2867,-748.5
28.29,-737.4
28.2933,-712.8
28.2967,-753.3
28.3,-678.6
28.3033,-760.2
28.3067,-724.5
28.31,-777.6
28.3133,-752.4
28.3167,-765
28.32,-737.7
28.3233,-734.1
28.3267,-730.2
28.33,-731.1
28.3333,-757.2
28.3367,-739.8
28.34,-746.4
28.3433,-710.1
28.3467,-760.8
28.35,-739.5
28.3533,-758.4
28.3567,-731.4
28.36,-710.4
28.3633,-713.7
28.3667,-750.3
28.37,-746.1
28.3733,-726.9
28.3767,-724.5
28.38,-747.3
28.3833,-651.9
28.3867,-747.9
28.39,-763.8
28.3933,-755.1
28.3967,-762.9
28.4,-726
28.4033,-732
28.4067,-741.9
28.41,-748.2
28.4133,-751.2
28.4167,-740.7
28.42,-733.2
28.4233,-715.2
28.4267,-742.8
28.43,-750
28.4333,-736.8
28.4367,-732.3
28.44,-750
28.4433,-726.6
28.4467,-737.1
28.45,-742.8
28.4533,-724.2
28.4567,-696.6
28.46,-745.5
28.4633,-746.1
28.4667,-744.3
28.47,-707.7
28.4733,-726
28.4767,-736.2
28.48,-746.7
28.4833,-747.6
28.4867,-746.7
28.49,-732.6
28.4933,-755.1
28.4967,-775.5
28.5,-734.4
28.5033,-725.4
28.5067,-742.2
28.51,-721.5
28.5133,-729.3
28.5167,-726.3
28.52,-724.5
28.5233,-745.5
28.5267,-721.5
28.53,-762.3
28.5333,-720.9
28.5367,-755.7
28.54,-759
28.5433,-755.1
28.5467,-744.6
28.55,-734.7
28.5533,-732
28.5567,-736.5
28.56,-738.6
28.5633,-761.7
28.5667,-725.1
28.57,-737.4
28.5733,-717.6
28.5767,-762.6
28.58,-720.3
28.5833,-725.7
28.5867,-786.3
28.59,-723
28.5933,-684.3
28.5967,-792
28.6,-738.6
28.6033,-732
28.6067,-709.5
28.61,-763.8
28.6133,-758.1
28.6167,-737.7
28.62,-716.4
28.6233,-691.5
28.6267,-712.8
28.63,-723.3
28.6333,-715.2
28.6367,-700.8
28.64,-713.1
28.6433,-707.1
28.6467,-773.1
28.65,-792.9
28.6533,-708.6
28.6567,-771.3
28.66,-764.4
28.6633,-751.2
28.6667,-724.2
28.67,-756.3
28.6733,-760.8
28.6767,-724.8
28.68,-745.8
28.6833,-696
28.6867,-780.9
28.69,-735.6
28.6933,-735.3
28.6967,-757.8
28.7,-743.1
28.7033,-736.5
28.7067,-720.9
28.71,-761.4
28.7133,-748.2
28.7167,-740.4
28.72,-741
28.7233,-738.3
28.7267,-730.5
28.73,-684.3
28.7333,-757.2
28.7367,-745.2
28.74,-754.2
28.7433,-744.9
28.7467,-723.9
28.75,-703.2
28.7533,-746.1
28.7567,-710.1
28.76,-752.4
28.7633,-763.5
28.7667,-726
28.77,-754.5
28.7733,-750.9
28.7767,-720.9
28.78,-734.7
28.7833,-733.5
28.7867,-756
28.79,-724.5
28.7933,-694.8
28.7967,-726.3
28.8,-772.5
28.8033,-744.6
28.8067,-729.3
28.81,-724.8
28.8133,-747
28.8167,-739.2
28.82,-751.2
28.8233,-726.3
28.8267,-721.2
28.83,-776.7
28.8333,-784.2
28.8367,-727.2
28.84,-744
28.8433,-715.8
28.8467,-710.4
28.85,-764.1
28.8533,-728.1
28.8567,-699
28.86,-767.7
28.8633,-725.7
28.8667,-750.9
28.87,-729.6
28.8733,-718.2
28.8767,-676.2
28.88,-708.6
28.8833,-768.3
28.8867,-707.1
28.89,-618.3
28.8933,-661.5
28.8967,-840.3
28.9,-766.2
28.9033,-671.4
28.9067,-712.2
28.91,-690.6
28.9133,-718.8
28.9167,-683.4
28.92,-682.8
28.9233,-643.2
28.9267,-659.7
28.93,-802.2
28.9333,-672.6
28.9367,-648
28.94,-768.3
28.9433,-706.5
28.9467,-567.3
28.95,-709.5
28.9533,-718.5
28.9567,-771.3
28.96,-639.9
28.9633,-527.1
28.9667,-720.6
28.97,-770.7
28.9733,-748.2
28.9767,-675
28.98,-509.1
28.9833,-543.6
28.9867,-795.3
28.99,-929.1
28.9933,-396.6
28.9967,-181.8
29,-333.9
29.0033,-624.3
29.0067,-429.6
29.01,-1012.8
29.0133,-920.1
29.0167,-633
29.02,-754.2
29.0233,-474.6
29.0267,-279.6
29.03,-337.5
29.0333,-381
29.0367,-633.3
29.04,-440.7
29.0433,-489.3
29.0467,-537.3
29.05,-1007.1
29.0533,-336
29.0567,592.8
29.06,139.8
29.0633,-803.7
29.0667,-1041.9
29.07,-804.3
29.0733,-607.2
29.0767,-86.7
29.08,-135.3
29.0833,-200.4
29.0867,-380.1
29.09,-509.7
29.0933,-175.5
29.0967,-370.2
29.1,-705
29.1033,-839.1
29.1067,158.1
29.11,38.4
29.1133,-364.2
29.1167,-954
29.12,-66.6
29.1233,-167.4
29.1267,-597.9
29.13,-114.9
29.1333,147.3
29.1367,139.8
29.14,-746.7
29.1433,393.3
29.1467,520.8
29.15,-746.4
29.1533,-1787.1
29.1567,-293.7
29.16,-84.3
29.1633,-171.6
29.1667,98.7
29.17,-419.7
29.1733,495.3
29.1767,1759.8
29.18,-1940.7
29.1833,-1890.3
29.1867,-442.5
29.19,-51.3
29.1933,-473.1
29.1967,-197.4
29.2,142.5
29.2033,168.6
29.2067,241.5
29.21,-1180.8
29.2133,-108.9
29.2167,-476.7
29.22,-425.1
29.2233,-588.3
29.2267,413.1
29.23,-213.3
29.2333,-241.8
29.2367,-26.7
29.24,27.6
29.2433,-506.7
29.2467,-406.2
29.25,-431.4
29.2533,-165
29.2567,342.3
29.26,44.7
29.2633,-545.1
29.2667,-684
29.27,710.4
29.2733,1217.1
29.2767,-1380.6
29.28,-1543.8
29.2833,-528
29.2867,150.3
29.29,240.3
29.2933,-975.6
29.2967,-515.4
29.3,393.9
29.3033,-543.9
29.3067,-672
29.31,564
29.3133,-736.8
29.3167,-292.2
29.32,-568.5
29.3233,39
29.3267,-195.6
29.33,-183.6
29.3333,-553.2
29.3367,-45
29.34,-816
29.3433,788.7
29.3467,-318.9
29.35,-1040.1
29.3533,141.3
29.3567,-705
29.36,311.4
29.3633,-292.2
29.3667,-756.9
29.37,-816.3
29.3733,-359.1
29.3767,5.1
29.38,389.4
29.3833,-77.4
29.3867,151.8
29.39,211.2
29.3933,-1274.4
29.3967,-980.1
29.4,-137.1
29.4033,213.3
29.4067,-536.7
29.41,-735.3
29.4133,-576
29.4167,48.3
29.42,-73.5
29.4233,-176.1
29.4267,-579.3
29.43,-659.7
29.4333,-80.4
29.4367,66.3
29.44,-607.2
29.4433,-725.4
29.4467,417.9
29.45,-320.1
29.4533,-466.8
29.4567,-470.1
29.46,-295.2
29.4633,-429
29.4667,-673.2
29.47,-215.1
29.4733,-216
29.4767,-803.4
29.48,-474
29.4833,-9.3
29.4867,265.8
29.49,2195.7
29.4933,-1092
29.4967,-2029.5
29.5,-368.7
29.5033,-11.4
29.5067,-919.8
29.51,-357.3
29.5133,-633
29.5167,-337.8
29.52,-261.9
29.5233,-698.1
29.5267,76.2
29.53,-113.4
29.5333,-575.1
29.5367,-416.7
29.54,-557.7
29.5433,93.9
29.5467,-654
29.55,-160.2
29.5533,310.2
29.5567,-930.3
29.56,-893.4
29.5633,-723.3
29.5667,-311.1
29.57,-522.3
29.5733,-198.6
29.5767,241.5
29.58,-370.8
29.5833,-223.5
29.5867,-601.2
29.59,-209.7
29.5933,-1134.6
29.5967,-30.3
29.6,-457.2
29.6033,-219.6
29.6067,-173.1
29.61,-278.1
29.6133,-744.9
29.6167,-615.6
29.62,40.2
29.6233,-173.7
29.6267,-564
29.63,-613.5
29.6333,-806.4
29.6367,-500.7
29.64,-291.3
29.6433,-31.8
29.6467,-489
29.65,-378.3
29.6533,-486.3
29.6567,-484.8
29.66,-294
29.6633,-411.9
29.6667,-150
29.67,408
29.6733,-731.7
29.6767,-1033.8
29.68,-692.1
29.6833,-135.9
29.6867,-808.8
29.69,-268.5
29.6933,-373.8
29.6967,-465.6
29.7,-283.2
29.7033,-668.4
29.7067,-243.6
29.71,-234.9
29.7133,-89.4
29.7167,-984.9
29.72,-312.3
29.7233,546.9
29.7267,-680.4
29.73,-708.9
29.7333,-188.7
29.7367,-887.1
29.74,-831.6
29.7433,-62.1
29.7467,-558.9
29.75,-406.5
29.7533,68.4
29.7567,-1002.3
29.76,-661.2
29.7633,-617.7
29.7667,-198.3
29.77,-61.5
29.7733,-503.7
29.7767,-417.6
29.78,-687.3
29.7833,-201
29.7867,390
29.79,-268.2
29.7933,-1512
29.7967,-427.5
29.8,-338.1
29.8033,-612.6
29.8067,-568.8
29.81,-287.4
29.8133,350.4
29.8167,-300.3
29.82,-630.6
29.8233,-591.3
29.8267,-410.7
29.83,-654.3
29.8333,-594
29.8367,-176.4
29.84,-369
29.8433,-635.1
29.8467,-497.1
29.85,-195.6
29.8533,-490.5
29.8567,-702.6
29.86,-605.1
29.8633,-41.4
29.8667,-333
29.87,-343.8
29.8733,-753.9
29.8767,-471.9
29.88,-283.5
29.8833,-475.5
29.8867,-508.5
29.89,-144.9
29.8933,-473.7
29.8967,-451.2
29.9,-160.8
29.9033,-278.4
29.9067,-664.2
29.91,-427.2
29.9133,-168.9
29.9167,-798
29.92,-621.6
29.9233,-498
29.9267,-468.6
29.93,-707.4
29.9333,61.8
29.9367,-226.2
29.94,-3.9
29.9433,-798.6
29.9467,-492.9
29.95,-768.6
29.9533,-149.1
29.9567,-250.5
29.96,418.5
29.9633,-1145.1
29.9667,-864
29.97,-656.7
29.9733,-83.4
29.9767,-422.4
29.98,-443.4
29.9833,69
29.9867,-429.9
29.99,-594
29.9933,-784.8
29.9967,-251.7
30,141.9
30.0033,-1033.2
30.0067,-318
30.01,-943.2
30.0133,-364.8
30.0167,-128.7
30.02,-527.4
30.0233,-423.9
30.0267,-107.7
30.03,-537
30.0333,-561.3
30.0367,-340.8
30.04,-312.3
30.0433,-334.2
30.0467,-387.6
30.05,-268.8
30.0533,-191.7
30.0567,-891.6
30.06,-332.7
30.0633,-786
30.0667,-616.8
30.07,-270.9
30.0733,-765.3
30.0767,-507
30.08,-424.2
30.0833,-291.6
30.0867,-257.7
30.09,132.3
30.0933,202.8
30.0967,-817.2
30.1,-880.8
30.1033,-540
30.1067,-252.3
30.11,-396
30.1133,-582.9
30.1167,-511.2
30.12,-410.1
30.1233,-661.2
30.1267,-280.2
30.13,-270.6
30.1333,-495.6
30.1367,-402.6
30.14,-253.5
30.1433,240.9
30.1467,-325.2
30.15,-1036.2
30.1533,-400.2
30.1567,-389.4
30.16,-463.5
30.1633,-668.7
30.1667,196.8
30.17,-544.5
30.1733,-674.7
30.1767,-797.4
30.18,-297.3
30.1833,-605.7
30.1867,63.6
30.19,-291.3
30.1933,-677.1
30.1967,-456.6
30.2,-659.1
30.2033,-230.1
30.2067,-126.6
30.21,-258.3
30.2133,-502.8
30.2167,-517.2
30.22,-900.9
30.2233,-269.4
30.2267,-156.9
30.23,-299.4
30.2333,-673.5
30.2367,-770.4
30.24,-539.7
30.2433,-452.7
30.2467,-131.4
30.25,-163.8
30.2533,9.6
30.2567,-348.3
30.26,-961.2
30.2633,-520.5
30.2667,-365.7
30.27,-381.6
30.2733,-78.6
30.2767,-873.9
30.28,-388.5
30.2833,-463.8
30.2867,-710.4
30.29,-563.7
30.2933,-327
30.2967,-368.7
30.3,-219
30.3033,-508.8
30.3067,-678.3
30.31,-395.7
30.3133,-510.6
30.3167,-228.9
30.32,34.8
30.3233,-69.9
30.3267,-749.7
30.33,-942.3
30.3333,-693.9
30.3367,-471.3
30.34,-549.6
30.3433,-297.6
30.3467,-318.6
30.35,-334.8
30.3533,-366.9
30.3567,-12.9
30.36,5.1
30.3633,-1050
30.3667,-836.7
30.37,-312.6
30.3733,-244.2
30.3767,-525.3
30.38,-326.1
30.3833,-939.3
30.3867,-372.9
30.39,-547.5
30.3933,-271.5
30.3967,-282.3
30.4,-178.2
30.4033,71.1
30.4067,-517.5
30.41,-300.3
30.4133,-849.6
30.4167,-587.7
30.42,-509.1
30.4233,-225
30.4267,-712.2
30.43,-298.2
30.4333,-306.3
30.4367,65.4
30.44,-865.2
30.4433,-723.9
30.4467,-474.9
30.45,-92.1
30.4533,-182.4
30.4567,-266.7
30.46,-699
30.4633,-482.7
30.4667,-489
30.47,-103.2
30.4733,-685.2
30.4767,-632.7
30.48,172.8
30.4833,-48.9
30.4867,-298.8
30.49,-999.6
30.4933,-521.4
30.4967,-729
30.5,-304.5
30.5033,-299.7
30.5067,-400.5
30.51,-172.8
30.5133,-47.7
30.5167,-765.6
30.52,-602.7
30.5233,-396.9
30.5267,-90.3
30.53,-639.9
30.5333,-285.6
30.5367,-270
30.54,-329.1
30.5433,-443.1
30.5467,-284.1
30.55,-567
30.5533,-657.9
30.5567,-313.5
30.56,-460.2
30.5633,-379.2
30.5667,-585.6
30.57,-77.7
30.5733,-151.5
30.5767,226.2
30.58,-467.7
30.5833,-952.8
30.5867,-540.6
30.59,-468
30.5933,420.3
30.5967,-171.6
30.6,-920.4
30.6033,-563.1
30.6067,-637.5
30.61,-415.2
30.6133,-468.6
30.6167,107.4
30.62,138
30.6233,-532.8
30.6267,-911.4
30.63,-423.9
30.6333,-674.1
30.6367,-297
30.64,-299.7
30.6433,-402.6
30.6467,-424.8
30.65,-278.4
30.6533,-480.6
30.6567,-169.2
30.66,-59.1
30.6633,-422.7
30.6667,-821.1
30.67,-432
30.6733,-318
30.6767,-265.8
30.68,-240.6
30.6833,-646.5
30.6867,-177.6
30.69,-146.1
30.6933,-417.3
30.6967,-247.8
30.7,-73.2
30.7033,-82.8
30.7067,-998.7
30.71,-366.9
30.7133,-694.8
30.7167,-502.8
30.72,-410.4
30.7233,372.6
30.7267,-632.1
30.73,-856.2
30.7333,-344.4
30.7367,-413.1
30.74,-540.3
30.7433,-330.9
30.7467,-394.2
30.75,-376.8
30.7533,-395.1
30.7567,-511.8
30.76,-450.3
30.7633,57.9
30.7667,-256.8
30.77,-362.1
30.7733,-626.4
30.7767,-520.5
30.78,-400.5
30.7833,-505.2
30.7867,-411.3
30.79,-325.2
30.7933,-427.8
30.7967,-176.4
30.8,-159.6
30.8033,-258.6
30.8067,148.5
30.81,-833.7
30.8133,-689.4
30.8167,-389.4
30.82,38.4
30.8233,-506.7
30.8267,-528.9
30.83,-252.9
30.8333,-140.4
30.8367,-429.6
30.84,-604.2
30.8433,-413.7
30.8467,-275.1
30.85,-457.8
30.8533,-421.8
30.8567,-606.9
30.86,-393.9
30.8633,-123.3
30.8667,-467.7
30.87,-549.9
30.8733,-378.3
30.8767,-237.6
30.88,-376.8
30.8833,-39.6
30.8867,-670.2
30.89,-402.3
30.8933,-468.9
30.8967,-373.2
30.9,-237.9
30.9033,-427.5
30.9067,-499.5
30.91,-311.7
30.9133,-301.8
30.9167,-228.9
30.92,-51
30.9233,-269.4
30.9267,152.7
30.93,-333.6
30.9333,-378.3
30.9367,-879.6
30.94,-577.2
30.9433,-578.4
30.9467,-476.4
30.95,-370.2
30.9533,-241.2
30.9567,-517.5
30.96,-568.8
30.9633,-405.6
30.9667,-297.6
30.97,-420.9
30.9733,-462
30.9767,-265.5
30.98,-174.3
30.9833,-400.2
30.9867,-321
30.99,-451.2
30.9933,132.3
30.9967,-369.6
31,-420
31.0033,-588.3
31.0067,-597.9
31.01,-479.1
31.0133,-463.5
31.0167,-521.1
31.02,-353.4
31.0233,-286.8
31.0267,-394.8
31.03,-283.8
31.0333,-394.2
31.0367,-473.1
31.04,-396.3
31.0433,-597.6
31.0467,-164.7
31.05,-145.8
31.0533,-613.5
31.0567,-426.3
31.06,-488.4
31.0633,-438.9
31.0667,-167.1
31.07,-147.9
31.0733,-353.7
31.0767,-681.6
31.08,-549.6
31.0833,-553.2
31.0867,-267.6
31.09,-282.9
31.0933,-287.4
31.0967,-430.2
31.1,-531.3
31.1033,-585
31.1067,-447.9
31.11,-291.9
31.1133,10.5
31.1167,-110.1
31.12,-702.9
31.1233,-565.2
31.1267,-448.2
31.13,-200.1
31.1333,-634.8
31.1367,-363
31.14,-417.6
31.1433,-603
31.1467,-261.3
31.15,-221.7
31.1533,215.1
31.1567,-410.4
31.16,-775.5
31.1633,-411.3
31.1667,-363.3
31.17,-623.1
31.1733,-594
31.1767,-400.2
31.18,-213.6
31.1833,24.6
31.1867,-666.3
31.19,-161.1
31.1933,-564
31.1967,-624
31.2,-504.3
31.2033,-527.7
31.2067,-429.6
31.21,-401.4
31.2133,-274.5
31.2167,-458.1
31.22,-415.5
31.2233,-448.5
31.2267,-416.4
31.23,-183.3
31.2333,-387.9
31.2367,-371.4
31.24,-440.4
31.2433,-345
31.2467,-380.1
31.25,-383.7
31.2533,-487.2
31.2567,-314.1
31.26,-295.5
31.2633,-181.5
31.2667,-223.5
31.27,-690
31.2733,-680.4
31.2767,-323.4
31.28,-296.4
31.2833,-709.2
31.2867,-494.1
31.29,-594.6
31.2933,-460.2
31.2967,-471.3
31.3,-426
31.3033,-434.4
31.3067,-384.9
31.31,-312.9
31.3133,-445.8
31.3167,-468.9
31.32,-453.3
31.3233,-460.8
31.3267,-459.3
31.33,-451.2
31.3333,-436.8
31.3367,-439.2
31.34,-415.2
31.3433,-430.5
31.3467,-395.7
31.35,-384.9
31.3533,-413.7
31.3567,-459
31.36,-429
31.3633,-403.8
31.3667,-371.1
31.37,-363.3
31.3733,-393.3
31.3767,-526.5
31.38,-411.9
31.3833,-457.8
31.3867,-416.7
31.39,-522
31.3933,-537.3
31.3967,-501.3
31.4,-508.8
31.4033,-487.2
31.4067,-475.5
31.41,-477
31.4133,-481.2
31.4167,-481.5
31.42,-483.6
31.4233,-493.5
31.4267,-495.9
31.43,-501.9
31.4333,-504.6
31.4367,-508.5
31.44,-508.8
31.4433,-512.4
31.4467,-516.6
31.45,-521.1
31.4533,-522
31.4567,-524.1
31.46,-525.3
31.4633,-525.9
31.4667,-531.3
31.47,-533.7
31.4733,-537.9
31.4767,-534.9
31.48,-537.9
31.4833,-538.5
31.4867,-540.6
31.49,-541.2
31.4933,-551.7
31.4967,-558.6
31.5,-567.3
31.5033,-569.7
31.5067,-573.9
31.51,-573.6
31.5133,-565.2
31.5167,-578.4
31.52,-580.2
31.5233,-571.8
31.5267,-574.2
31.53,-591.9
31.5333,-594.9
31.5367,-600.3
31.54,-589.2
31.5433,-587.7
31.5467,-577.8
31.55,-580.2
31.5533,-533.4
31.5567,-600.6
31.56,-616.2
31.5633,-563.1
31.5667,-581.4
31.57,-586.5
31.5733,-621.3
31.5767,-604.5
31.58,-520.5
31.5833,-579.3
31.5867,-630.9
31.59,-600.3
31.5933,-586.8
31.5967,-537.9
31.6,-609
31.6033,-633.3
31.6067,-640.8
31.61,-615.3
31.6133,-607.8
31.6167,-608.1
31.62,-604.2
31.6233,-587.4
31.6267,-591.3
31.63,-577.8
31.6333,-493.2
31.6367,-554.4
31.64,-704.1
31.6433,-637.2
31.6467,-616.2
31.65,-602.4
31.6533,-600.3
31.6567,-591.3
31.66,-536.1
31.6633,-561
31.6667,-640.8
31.67,-630.9
31.6733,-604.8
31.6767,-597.3
31.68,-577.2
31.6833,-574.2
31.6867,-576.6
31.69,-620.4
31.6933,-603.3
31.6967,-603.9
31.7,-590.7
31.7033,-592.5
31.7067,-594.9
31.71,-586.5
31.7133,-586.2
31.7167,-588.3
31.72,-577.8
31.7233,-586.2
31.7267,-575.4
31.73,-552.3
31.7333,-543.3
31.7367,-512.1
31.74,-615
31.7433,-632.7
31.7467,-600
31.75,-587.7
31.7533,-603.3
31.7567,-606.3
31.76,-568.2
31.7633,-561.9
31.7667,-547.5
31.77,-626.7
31.7733,-585
31.7767,-567
31.78,-578.7
31.7833,-569.1
31.7867,-588.9
31.79,-589.2
31.7933,-595.5
31.7967,-593.4
31.8,-575.7
31.8033,-570.3
31.8067,-565.5
31.81,-590.4
31.8133,-585.9
31.8167,-567.6
31.82,-591.3
31.8233,-590.4
31.8267,-552.6
31.83,-525
31.8333,-553.2
31.8367,-542.7
31.84,-545.1
31.8433,-604.5
31.8467,-587.7
31.85,-602.4
31.8533,-602.4
31.8567,-592.5
31.86,-559.8
31.8633,-598.8
31.8667,-559.5
31.87,-547.5
31.8733,-604.5
31.8767,-582.9
31.88,-572.7
31.8833,-569.4
31.8867,-551.4
31.89,-584.4
31.8933,-578.1
31.8967,-529.8
31.9,-591.6
31.9033,-558.3
31.9067,-560.7
31.91,-534.9
31.9133,-576
31.9167,-562.5
31.92,-533.7
31.9233,-514.2
31.9267,-549.9
31.93,-621.6
31.9333,-591.3
31.9367,-543
31.94,-561.9
31.9433,-490.5
31.9467,-510.9
31.95,-603
31.9533,-618.3
31.9567,-616.8
31.96,-585.6
31.9633,-496.8
31.9667,-543.3
31.97,-640.5
31.9733,-586.5
31.9767,-596.4
31.98,-527.1
31.9833,-556.2
31.9867,-546.3
31.99,-518.4
31.9933,-540.6
31.9967,-610.2
32,-585.3
32.0033,-580.5
32.0067,-550.8
32.01,-551.7
32.0133,-561.3
32.0167,-535.5
32.02,-497.4
32.0233,-601.8
32.0267,-621
32.03,-566.1
32.0333,-586.8
32.0367,-512.1
32.04,-449.4
32.0433,-662.7
32.0467,-569.7
32.05,-479.1
32.0533,-564
32.0567,-615.9
32.06,-597
32.0633,-598.5
32.0667,-591.6
32.07,-562.2
32.0733,-609.9
32.0767,-575.7
32.08,-561.6
32.0833,-551.4
32.0867,-577.2
32.09,-561.3
32.0933,-550.2
32.0967,-591.6
32.1,-590.1
32.1033,-584.7
32.1067,-573
32.11,-548.7
32.1133,-528
32.1167,-617.7
32.12,-562.2
32.1233,-577.8
32.1267,-607.2
32.13,-589.5
32.1333,-579.9
32.1367,-581.7
32.14,-567.9
32.1433,-556.2
32.1467,-579
32.15,-586.8
32.1533,-578.4
32.1567,-571.5
32.16,-548.7
32.1633,-574.5
32.1667,-592.5
32.17,-582.6
32.1733,-582
32.1767,-565.8
32.18,-560.7
32.1833,-552.9
32.1867,-548.1
32.19,-618.6
32.1933,-544.8
32.1967,-491.7
32.2,-520.2
32.2033,-682.2
32.2067,-632.7
32.21,-607.5
32.2133,-594
32.2167,-590.7
32.22,-583.5
32.2233,-576
32.2267,-580.2
32.23,-579.3
32.2333,-577.5
32.2367,-573.3
32.24,-575.7
32.2433,-568.2
32.2467,-564.3
32.25,-567
32.2533,-560.1
32.2567,-571.5
32.26,-605.7
32.2633,-562.8
32.2667,-529.5
32.27,-586.2
32.2733,-606
32.2767,-609.3
32.28,-583.2
32.2833,-560.4
32.2867,-563.7
32.29,-574.2
32.2933,-563.7
32.2967,-600.3
32.3,-539.1
32.3033,-579.6
32.3067,-601.5
32.31,-598.8
32.3133,-591
32.3167,-546.9
32.32,-518.1
32.3233,-545.7
32.3267,-601.2
32.33,-613.5
32.3333,-604.8
32.3367,-600.6
32.34,-590.4
32.3433,-583.5
32.3467,-574.2
32.35,-552
32.3533,-559.2
32.3567,-579.9
32.36,-565.8
32.3633,-564
32.3667,-571.8
32.37,-597.3
32.3733,-592.2
32.3767,-583.8
32.38,-581.1
32.3833,-579.3
32.3867,-567.9
32.39,-568.5
32.3933,-539.4
32.3967,-576.9
32.4,-572.7
32.4033,-533.4
32.4067,-588.9
32.41,-567.9
32.4133,-565.2
32.4167,-606.6
32.42,-590.4
32.4233,-553.5
32.4267,-553.5
32.43,-593.4
32.4333,-599.1
32.4367,-529.8
32.44,-548.7
32.4433,-611.7
32.4467,-609
32.45,-581.4
32.4533,-578.1
32.4567,-580.5
32.46,-577.5
32.4633,-576.6
32.4667,-567.6
32.47,-565.2
32.4733,-567.3
32.4767,-565.2
32.48,-550.5
32.4833,-582
32.4867,-573.9
32.49,-564.3
32.4933,-534
32.4967,-582.3
32.5,-525.9
32.5033,-555.3
32.5067,-605.1
32.51,-531.3
32.5133,-544.8
32.5167,-573
32.52,-557.1
32.5233,-572.7
32.5267,-603.3
32.53,-562.8
32.5333,-607.8
32.5367,-580.2
32.54,-582
32.5433,-557.1
32.5467,-553.2
32.55,-582.3
32.5533,-579.3
32.5567,-578.7
32.56,-564.6
32.5633,-567
32.5667,-537
32.57,-561.3
32.5733,-581.1
32.5767,-567.6
32.58,-561.3
32.5833,-556.5
32.5867,-535.2
32.59,-546.9
32.5933,-527.7
32.5967,-516.6
32.6,-560.7
32.6033,-561.9
32.6067,-586.2
32.61,-587.4
32.6133,-555
32.6167,-528
32.62,-542.4
32.6233,-475.5
32.6267,-526.2
32.63,-645.6
32.6333,-568.8
32.6367,-513.3
32.64,-624.3
32.6433,-597.6
32.6467,-581.1
32.65,-579.6
32.6533,-566.1
32.6567,-559.5
32.66,-555.6
32.6633,-554.7
32.6667,-538.2
32.67,-549.6
32.6733,-555.3
32.6767,-545.1
32.68,-553.5
32.6833,-545.7
32.6867,-547.8
32.69,-554.4
32.6933,-565.2
32.6967,-546.9
32.7,-531.9
32.7033,-515.7
32.7067,-559.8
32.71,-582.6
32.7133,-544.8
32.7167,-503.7
32.72,-537.6
32.7233,-537.3
32.7267,-598.5
32.73,-582.3
32.7333,-567.3
32.7367,-563.7
32.74,-546
32.7433,-517.5
32.7467,-506.4
32.75,-569.1
32.7533,-544.2
32.7567,-556.5
32.76,-535.2
32.7633,-609
32.7667,-563.4
32.77,-567.3
32.7733,-572.4
32.7767,-574.8
32.78,-561.3
32.7833,-555.6
32.7867,-541.5
32.79,-541.2
32.7933,-539.7
32.7967,-556.8
32.8,-555.6
32.8033,-551.4
32.8067,-555
32.81,-546.9
32.8133,-560.4
32.8167,-564.6
32.82,-547.5
32.8233,-530.4
32.8267,-521.4
32.83,-503.1
32.8333,-459.3
32.8367,-563.1
32.84,-602.7
32.8433,-573.6
32.8467,-579.9
32.85,-599.7
32.8533,-601.5
32.8567,-572.1
32.86,-562.8
32.8633,-551.7
32.8667,-540.6
32.87,-549.3
32.8733,-558
32.8767,-562.2
32.88,-548.1
32.8833,-556.2
32.8867,-555.3
32.89,-543.3
32.8933,-544.8
32.8967,-563.1
32.9,-553.5
32.9033,-554.1
32.9067,-516
32.91,-492.6
32.9133,-498.9
32.9167,-588.3
32.92,-552
32.9233,-607.5
32.9267,-595.2
32.93,-577.5
32.9333,-559.8
32.9367,-579.9
32.94,-546.9
32.9433,-545.4
32.9467,-550.8
32.95,-563.1
32.9533,-550.2
32.9567,-539.4
32.96,-559.8
32.9633,-577.5
32.9667,-563.4
32.97,-559.2
32.9733,-559.8
32.9767,-556.5
32.98,-540.6
32.9833,-487.8
32.9867,-553.5
32.99,-517.5
32.9933,-570.3
32.9967,-611.4
33,-576
33.0033,-544.2
33.0067,-560.1
33.01,-554.7
33.0133,-546.9
33.0167,-560.7
33.02,-532.8
33.0233,-522.9
33.0267,-539.4
33.03,-579
33.0333,-558.9
33.0367,-590.1
33.04,-574.8
33.0433,-570
33.0467,-557.1
33.05,-553.8
33.0533,-567.3
33.0567,-535.5
33.06,-537.3
33.0633,-551.1
33.0667,-535.5
33.07,-552.3
33.0733,-577.5
33.0767,-548.4
33.08,-549.3
33.0833,-578.7
33.0867,-567.6
33.09,-538.2
33.0933,-540.9
33.0967,-542.4
33.1,-546.6
33.1033,-550.2
33.1067,-541.2
33.11,-586.8
33.1133,-561.6
33.1167,-554.4
33.12,-546.9
33.1233,-528
33.1267,-514.2
33.13,-587.4
33.1333,-601.8
33.1367,-563.4
33.14,-517.5
33.1433,-511.2
33.1467,-588.6
33.15,-582.3
33.1533,-585
33.1567,-564.9
33.16,-553.8
33.1633,-524.7
33.1667,-548.7
33.17,-583.8
33.1733,-534
33.1767,-582.9
33.18,-565.8
33.1833,-564.3
33.1867,-558.3
33.19,-559.8
33.1933,-555
33.1967,-543.9
33.2,-462.6
33.2033,-514.2
33.2067,-571.5
33.21,-589.5
33.2133,-605.1
33.2167,-576.9
33.22,-537.3
33.2233,-554.1
33.2267,-542.1
33.23,-570.6
33.2333,-541.5
33.2367,-563.4
33.24,-570.6
33.2433,-564.3
33.2467,-548.7
33.25,-566.1
33.2533,-556.8
33.2567,-539.7
33.26,-514.2
33.2633,-561.6
33.2667,-555
33.27,-534.9
33.2733,-563.4
33.2767,-576.9
33.28,-581.7
33.2833,-578.1
33.2867,-513
33.29,-498.9
33.2933,-559.2
33.2967,-585.9
33.3,-556.5
33.3033,-580.5
33.3067,-570.9
33.31,-565.2
33.3133,-534
33.3167,-556.8
33.32,-581.4
33.3233,-558.6
33.3267,-529.8
33.33,-550.8
33.3333,-564
33.3367,-566.7
33.34,-528.3
33.3433,-557.4
33.3467,-577.8
33.35,-565.2
33.3533,-506.1
33.3567,-543.6
33.36,-595.8
33.3633,-547.8
33.3667,-553.2
33.37,-566.1
33.3733,-558
33.3767,-546.9
33.38,-564
33.3833,-567.3
33.3867,-556.8
33.39,-526.5
33.3933,-532.2
33.3967,-562.5
33.4,-568.8
33.4033,-561.3
33.4067,-547.2
33.41,-545.7
33.4133,-565.2
33.4167,-536.4
33.42,-531.3
33.4233,-569.1
33.4267,-565.5
33.43,-537.3
33.4333,-588
33.4367,-591.6
33.44,-587.7
33.4433,-572.7
33.4467,-562.2
33.45,-559.2
33.4533,-542.7
33.4567,-580.2
33.46,-551.1
33.4633,-557.7
33.4667,-562.5
33.47,-564
33.4733,-549
33.4767,-550.8
33.48,-572.1
33.4833,-563.7
33.4867,-554.4
33.49,-553.8
33.4933,-542.7
33.4967,-545.1
33.5,-574.8
33.5033,-581.1
33.5067,-584.4
33.51,-559.8
33.5133,-570.6
33.5167,-556.8
33.52,-586.2
33.5233,-522.9
33.5267,-529.2
33.53,-592.5
33.5333,-552.3
33.5367,-578.1
33.54,-566.7
33.5433,-577.8
33.5467,-575.4
33.55,-578.1
33.5533,-545.4
33.5567,-537.3
33.56,-565.2
33.5633,-585
33.5667,-576.9
33.57,-579
33.5733,-557.7
33.5767,-501
33.58,-492.6
33.5833,-642.9
33.5867,-591.3
33.59,-593.4
33.5933,-590.7
33.5967,-584.4
33.6,-572.4
33.6033,-559.2
33.6067,-553.8
33.61,-576.3
33.6133,-562.2
33.6167,-540.9
33.62,-570
33.6233,-578.4
33.6267,-557.4
33.63,-564
33.6333,-565.5
33.6367,-541.8
33.64,-567.3
33.6433,-560.1
33.6467,-587.7
33.65,-571.5
33.6533,-552.3
33.6567,-513.3
33.66,-600.6
33.6633,-502.5
33.6667,-551.7
33.67,-605.4
33.6733,-619.5
33.6767,-599.4
33.68,-587.4
33.6833,-587.7
33.6867,-567
33.69,-556.5
33.6933,-563.1
33.6967,-565.2
33.7,-542.7
33.7033,-607.8
33.7067,-589.5
33.71,-561.3
33.7133,-562.8
33.7167,-588.3
33.72,-600.3
33.7233,-572.7
33.7267,-578.4
33.73,-575.7
33.7333,-567.9
33.7367,-572.4
33.74,-578.4
33.7433,-559.2
33.7467,-569.4
33.75,-512.7
33.7533,-497.1
33.7567,-592.2
33.76,-623.1
33.7633,-605.1
33.7667,-570
33.77,-556.2
33.7733,-571.8
33.7767,-608.4
33.78,-592.2
33.7833,-565.5
33.7867,-569.1
33.79,-587.4
33.7933,-570.9
33.7967,-584.1
33.8,-559.8
33.8033,-571.2
33.8067,-550.2
33.81,-505.5
33.8133,-555
33.8167,-597.6
33.82,-573.9
33.8233,-610.2
33.8267,-587.4
33.83,-556.5
33.8333,-570.6
33.8367,-576
33.84,-571.8
33.8433,-563.7
33.8467,-575.1
33.85,-522.6
33.8533,-562.2
33.8567,-583.5
33.86,-598.8
33.8633,-603.6
33.8667,-572.7
33.87,-560.7
33.8733,-573.9
33.8767,-566.4
33.88,-540
33.8833,-559.2
33.8867,-533.4
33.89,-587.4
33.8933,-618.9
33.8967,-602.4
33.9,-572.4
33.9033,-560.4
33.9067,-562.2
33.91,-591
33.9133,-549.9
33.9167,-596.7
33.92,-590.1
33.9233,-560.1
33.9267,-542.1
33.93,-612.6
33.9333,-581.1
33.9367,-561.3
33.94,-552.3
33.9433,-561.3
33.9467,-580.8
33.95,-548.4
33.9533,-529.5
33.9567,-555.3
33.96,-620.1
33.9633,-618.6
33.9667,-591.9
33.97,-572.7
33.9733,-552.3
33.9767,-569.1
33.98,-548.1
33.9833,-612.6
33.9867,-589.8
33.99,-573
33.9933,-574.8
33.9967,-574.8
34,-578.7
34.0033,-582.6
34.0067,-572.4
34.01,-562.8
34.0133,-553.5
34.0167,-580.5
34.02,-577.5
34.0233,-555.6
34.0267,-536.7
34.03,-577.8
34.0333,-578.4
34.0367,-565.2
34.04,-594
34.0433,-585
34.0467,-572.4
34.05,-574.2
34.0533,-564.3
34.0567,-542.7
34.06,-551.7
34.0633,-607.2
34.0667,-590.7
34.07,-516.9
34.0733,-559.2
34.0767,-619.2
34.08,-606.6
34.0833,-580.5
34.0867,-570
34.09,-584.4
34.0933,-583.2
34.0967,-581.4
34.1,-554.4
34.1033,-606
34.1067,-554.4
34.11,-562.2
34.1133,-591.9
34.1167,-585
34.12,-596.4
34.1233,-573.3
34.1267,-543.3
34.13,-579.3
34.1333,-600.9
34.1367,-573
34.14,-583.2
34.1433,-550.5
34.1467,-532.2
34.15,-598.2
34.1533,-598.8
34.1567,-574.5
34.16,-600
34.1633,-594.3
34.1667,-590.4
34.17,-586.8
34.1733,-575.4
34.1767,-554.4
34.18,-546
34.1833,-582.3
34.1867,-585.6
34.19,-586.5
34.1933,-573
34.1967,-536.1
34.2,-568.5
34.2033,-588
34.2067,-576
34.21,-498.6
34.2133,-587.4
34.2167,-657
34.22,-596.4
34.2233,-579.6
34.2267,-568.5
34.23,-591
34.2333,-594.6
34.2367,-576.9
34.24,-580.8
34.2433,-570
34.2467,-547.8
34.25,-529.5
34.2533,-549.9
34.2567,-605.7
34.26,-619.2
34.2633,-593.4
34.2667,-585.3
34.27,-580.2
34.2733,-576
34.2767,-555
34.28,-553.5
34.2833,-534.9
34.2867,-552
34.29,-638.7
34.2933,-600
34.2967,-569.1
34.3,-606.3
34.3033,-583.8
34.3067,-583.2
34.31,-556.5
34.3133,-551.4
34.3167,-596.1
34.32,-593.1
34.3233,-581.1
34.3267,-579.9
34.33,-569.4
34.3333,-568.8
34.3367,-587.1
34.34,-591.6
34.3433,-570.6
34.3467,-560.4
34.35,-581.4
34.3533,-569.7
34.3567,-571.8
34.36,-592.5
34.3633,-588.9
34.3667,-562.5
34.37,-569.1
34.3733,-579
34.3767,-563.7
34.38,-599.1
34.3833,-588
34.3867,-568.5
34.39,-507.6
34.3933,-577.2
34.3967,-620.4
34.4,-587.1
34.4033,-594.6
34.4067,-587.4
34.41,-568.5
34.4133,-553.5
34.4167,-562.8
34.42,-575.7
34.4233,-584.7
34.4267,-570
34.43,-580.5
34.4333,-585.9
34.4367,-587.1
34.44,-617.4
34.4433,-573.3
34.4467,-560.4
34.45,-569.4
34.4533,-542.4
34.4567,-527.7
34.46,-608.7
34.4633,-635.1
34.4667,-597.3
34.47,-592.8
34.4733,-572.1
34.4767,-576.6
34.48,-592.8
34.4833,-584.1
34.4867,-583.2
34.49,-589.2
34.4933,-567.3
34.4967,-603.3
34.5,-587.7
34.5033,-556.2
34.5067,-603
34.51,-586.2
34.5133,-594.6
34.5167,-566.7
34.52,-582.9
34.5233,-583.5
34.5267,-585.6
34.53,-569.7
34.5333,-573.3
34.5367,-565.5
34.54,-600.6
34.5433,-551.1
34.5467,-563.4
34.55,-592.5
34.5533,-560.4
34.5567,-621.9
34.56,-577.5
34.5633,-590.7
34.5667,-594.6
34.57,-554.1
34.5733,-581.7
34.5767,-563.7
34.58,-572.4
34.5833,-605.7
34.5867,-590.7
34.59,-604.2
34.5933,-589.2
34.5967,-593.1
34.6,-601.5
34.6033,-586.5
34.6067,-565.5
34.61,-568.5
34.6133,-586.2
34.6167,-608.7
34.62,-584.1
34.6233,-585.9
34.6267,-586.8
34.63,-588.6
34.6333,-584.7
34.6367,-582
34.64,-564.9
34.6433,-560.1
34.6467,-579.6
34.65,-567
34.6533,-594.9
34.6567,-583.2
34.66,-586.5
34.6633,-585.3
34.6667,-581.7
34.67,-575.7
34.6733,-551.4
34.6767,-558.3
34.68,-590.1
34.6833,-592.5
34.6867,-565.5
34.69,-569.1
34.6933,-597
34.6967,-525.3
34.7,-570
34.7033,-558.9
34.7067,-621
34.71,-593.7
34.7133,-571.8
34.7167,-594.3
34.72,-604.8
34.7233,-605.1
34.7267,-597
34.73,-601.5
34.7333,-577.8
34.7367,-504.6
34.74,-624.6
34.7433,-618.3
34.7467,-584.1
34.75,-595.8
34.7533,-588.9
34.7567,-587.7
34.76,-555.3
34.7633,-514.5
34.7667,-618.9
34.77,-628.5
34.7733,-594.3
34.7767,-585.9
34.78,-573
34.7833,-580.8
34.7867,-596.4
34.79,-567.9
34.7933,-577.8
34.7967,-596.7
34.8,-590.1
34.8033,-581.4
34.8067,-582
34.81,-565.5
34.8133,-589.2
34.8167,-547.5
34.82,-579
34.8233,-614.7
34.8267,-569.4
34.83,-525.3
34.8333,-603.3
34.8367,-621
34.84,-571.2
34.8433,-599.7
34.8467,-599.4
34.85,-597.6
34.8533,-587.1
34.8567,-606.3
34.86,-576.9
34.8633,-549.3
34.8667,-597.6
34.87,-591.9
34.8733,-597.3
34.8767,-623.1
34.88,-602.1
34.8833,-597
34.8867,-583.8
34.89,-598.2
34.8933,-586.8
34.8967,-597
34.9,-592.2
34.9033,-586.8
34.9067,-581.7
34.91,-585.3
34.9133,-580.8
34.9167,-570.9
34.92,-569.1
34.9233,-606.6
34.9267,-594.3
34.93,-552.3
34.9333,-590.1
34.9367,-618
34.94,-592.2
34.9433,-593.1
34.9467,-569.1
34.95,-548.1
34.9533,-546.3
34.9567,-559.2
34.96,-633.9
34.9633,-640.5
34.9667,-598.2
34.97,-595.2
34.9733,-598.5
34.9767,-547.2
34.98,-553.8
34.9833,-639.3
34.9867,-586.5
34.99,-616.8
34.9933,-600.9
34.9967,-592.5
35,-587.4
35.0033,-572.4
35.0067,-585
35.01,-613.5
35.0133,-598.5
35.0167,-588.9
35.02,-585.3
35.0233,-589.8
35.0267,-549.9
35.03,-565.8
35.0333,-632.1
35.0367,-610.2
35.04,-576.6
35.0433,-597.3
35.0467,-587.1
35.05,-593.4
35.0533,-595.2
35.0567,-594.6
35.06,-589.8
35.0633,-567.6
35.0667,-486
35.07,-607.2
35.0733,-691.5
35.0767,-593.4
35.08,-579.9
35.0833,-608.4
35.0867,-614.1
35.09,-606.6
35.0933,-604.2
35.0967,-602.7
35.1,-580.5
35.1033,-579
35.1067,-585.9
35.11,-594.6
35.1133,-603
35.1167,-587.1
35.12,-590.1
35.1233,-571.8
35.1267,-545.1
35.13,-614.4
35.1333,-587.1
35.1367,-566.4
35.14,-618.3
35.1433,-576.6
35.1467,-531.3
35.15,-610.2
35.1533,-612.6
35.1567,-582.9
35.16,-610.8
35.1633,-567.6
35.1667,-590.7
35.17,-535.5
35.1733,-658.8
35.1767,-617.1
35.18,-566.4
35.1833,-603.9
35.1867,-614.7
35.19,-582.6
35.1933,-582
35.1967,-593.7
35.2,-625.2
35.2033,-602.7
35.2067,-603.6
35.21,-593.4
35.2133,-607.2
35.2167,-596.4
35.22,-576
35.2233,-586.8
35.2267,-593.1
35.23,-574.5
35.2333,-608.4
35.2367,-595.5
35.24,-606
35.2433,-606
35.2467,-588
35.25,-567.3
35.2533,-578.7
35.2567,-577.2
35.26,-545.1
35.2633,-585.9
35.2667,-572.4
35.27,-657.9
35.2733,-588.6
35.2767,-598.5
35.28,-578.4
35.2833,-636.9
35.2867,-585.9
35.29,-573
35.2933,-643.8
35.2967,-601.5
35.3,-579
35.3033,-588.3
35.3067,-614.1
35.31,-583.5
35.3133,-600
35.3167,-605.4
35.32,-592.8
35.3233,-602.7
35.3267,-589.2
35.33,-594.9
35.3333,-599.1
35.3367,-571.8
35.34,-574.2
35.3433,-575.1
35.3467,-606.6
35.35,-624
35.3533,-587.4
35.3567,-581.7
35.36,-587.1
35.3633,-610.5
35.3667,-606.9
35.37,-574.2
35.3733,-570.3
35.3767,-589.5
35.38,-597.6
35.3833,-638.1
35.3867,-592.8
35.39,-558.3
35.3933,-575.1
35.3967,-636.3
35.4,-578.7
35.4033,-627.3
35.4067,-606.9
35.41,-577.2
35.4133,-568.8
35.4167,-609.6
35.42,-583.8
35.4233,-629.4
35.4267,-596.4
35.43,-628.8
35.4333,-606.9
35.4367,-572.4
35.44,-579.3
35.4433,-627.9
35.4467,-611.4
35.45,-598.8
35.4533,-586.8
35.4567,-578.7
35.46,-602.1
35.4633,-581.4
35.4667,-572.7
35.47,-612.3
35.4733,-607.8
35.4767,-596.7
35.48,-576.9
35.4833,-579.9
35.4867,-609.6
35.49,-578.1
35.4933,-535.8
35.4967,-564
35.5,-570.9
35.5033,-639.6
35.5067,-609.3
35.51,-595.8
35.5133,-605.1
35.5167,-608.7
35.52,-622.2
35.5233,-588
35.5267,-570
35.53,-602.1
35.5333,-610.8
35.5367,-615.6
35.54,-575.4
35.5433,-563.4
35.5467,-578.4
35.55,-614.1
35.5533,-606.9
35.5567,-600.3
35.56,-594.9
35.5633,-592.2
35.5667,-582
35.57,-585
35.5733,-573.3
35.5767,-589.5
35.58,-556.8
35.5833,-574.2
35.5867,-602.7
35.59,-567.6
35.5933,-578.1
35.5967,-602.4
35.6,-549
35.6033,-567.6
35.6067,-640.8
35.61,-599.1
35.6133,-584.1
35.6167,-613.2
35.62,-599.4
35.6233,-592.8
35.6267,-580.2
35.63,-591.9
35.6333,-603.3
35.6367,-585.3
35.64,-579
35.6433,-597
35.6467,-556.8
35.65,-612.6
35.6533,-605.4
35.6567,-586.2
35.66,-576
35.6633,-604.2
35.6667,-589.8
35.67,-585.3
35.6733,-585.3
35.6767,-578.7
35.68,-526.5
35.6833,-618.9
35.6867,-577.8
35.69,-589.5
35.6933,-644.4
35.6967,-539.7
35.7,-598.8
35.7033,-666
35.7067,-609.3
35.71,-611.4
35.7133,-585.6
35.7167,-572.7
35.72,-637.2
35.7233,-601.2
35.7267,-600.3
35.73,-566.4
35.7333,-575.1
35.7367,-599.7
35.74,-583.5
35.7433,-588.9
35.7467,-636.3
35.75,-605.7
35.7533,-600
35.7567,-598.2
35.76,-598.5
35.7633,-595.5
35.7667,-570.9
35.77,-600
35.7733,-612.9
35.7767,-563.4
35.78,-590.1
35.7833,-594.9
35.7867,-616.5
35.79,-595.2
35.7933,-547.8
35.7967,-600.3
35.8,-603.3
35.8033,-602.4
35.8067,-622.5
35.81,-592.5
35.8133,-610.8
35.8167,-594
35.82,-596.7
35.8233,-575.4
35.8267,-576.9
35.83,-593.4
35.8333,-602.4
35.8367,-624
35.84,-607.8
35.8433,-611.7
35.8467,-574.2
35.85,-602.4
35.8533,-589.8
35.8567,-599.7
35.86,-629.7
35.8633,-617.1
35.8667,-608.4
35.87,-598.2
35.8733,-593.4
35.8767,-590.4
35.88,-582.3
35.8833,-580.2
35.8867,-604.8
35.89,-626.7
35.8933,-592.2
35.8967,-587.1
35.9,-610.8
35.9033,-623.1
35.9067,-599.7
35.91,-581.4
35.9133,-600.6
35.9167,-621.3
35.92,-599.1
35.9233,-616.5
35.9267,-579.6
35.93,-565.2
35.9333,-604.2
35.9367,-613.8
35.94,-595.5
35.9433,-628.2
35.9467,-605.7
35.95,-595.8
35.9533,-580.8
35.9567,-629.4
35.96,-618
35.9633,-608.7
35.9667,-606
35.97,-579
35.9733,-575.1
35.9767,-568.8
35.98,-562.2
35.9833,-576.6
35.9867,-612.6
35.99,-678
35.9933,-612
35.9967,-585.6
36,-609.6
36.0033,-598.8
36.0067,-615.6
36.01,-616.2
36.0133,-600.9
36.0167,-595.8
36.02,-632.7
36.0233,-598.2
36.0267,-616.8
36.03,-604.5
36.0333,-612.3
36.0367,-599.1
36.04,-611.7
36.0433,-570.3
36.0467,-580.5
36.05,-601.8
36.0533,-594
36.0567,-608.4
36.06,-613.8
36.0633,-600.6
36.0667,-610.5
36.07,-604.2
36.0733,-600.3
36.0767,-596.4
36.08,-579.3
36.0833,-579
36.0867,-619.8
36.09,-603.9
36.0933,-591.9
36.0967,-603.6
36.1,-577.5
36.1033,-594.3
36.1067,-548.1
36.11,-600.6
36.1133,-654.9
36.1167,-627
36.12,-622.5
36.1233,-630
36.1267,-603.6
36.13,-594.3
36.1333,-586.8
36.1367,-597
36.14,-565.2
36.1433,-600.9
36.1467,-576.9
36.15,-618.6
36.1533,-649.5
36.1567,-614.7
36.16,-597.9
36.1633,-631.5
36.1667,-604.2
36.17,-605.7
36.1733,-532.2
36.1767,-550.8
36.18,-663.9
36.1833,-633.3
36.1867,-626.7
36.19,-616.5
36.1933,-608.1
36.1967,-609.3
36.2,-617.7
36.2033,-607.8
36.2067,-585.9
36.21,-567
36.2133,-585
36.2167,-605.4
36.22,-635.1
36.2233,-616.2
36.2267,-580.5
36.23,-570.3
36.2333,-620.7
36.2367,-637.2
36.24,-592.2
36.2433,-609.3
36.2467,-613.8
36.25,-591.9
36.2533,-618
36.2567,-611.1
36.26,-600.9
36.2633,-603.3
36.2667,-600.3
36.27,-554.7
36.2733,-568.8
36.2767,-629.7
36.28,-623.4
36.2833,-611.7
36.2867,-581.7
36.29,-606.9
36.2933,-624
36.2967,-630
36.3,-577.8
36.3033,-558.9
36.3067,-624.9
36.31,-605.7
36.3133,-612.9
36.3167,-615.9
36.32,-612.3
36.3233,-614.4
36.3267,-608.1
36.33,-595.5
36.3333,-600.3
36.3367,-586.5
36.34,-570.6
36.3433,-607.8
36.3467,-631.8
36.35,-599.4
36.3533,-615.9
36.3567,-609.9
36.36,-605.7
36.3633,-591.9
36.3667,-591.6
36.37,-587.1
36.3733,-584.1
36.3767,-617.7
36.38,-591
36.3833,-589.5
36.3867,-605.4
36.39,-521.1
36.3933,-644.7
36.3967,-620.4
36.4,-618.6
36.4033,-609.3
36.4067,-622.2
36.41,-603
36.4133,-568.5
36.4167,-590.7
36.42,-617.4
36.4233,-599.1
36.4267,-560.4
36.43,-592.5
36.4333,-642
36.4367,-623.4
36.44,-596.4
36.4433,-621.6
36.4467,-616.8
36.45,-603.9
36.4533,-582.3
36.4567,-611.1
36.46,-595.5
36.4633,-608.7
36.4667,-610.5
36.47,-562.2
36.4733,-603
36.4767,-628.5
36.48,-609.3
36.4833,-549.6
36.4867,-571.8
36.49,-651
36.4933,-640.2
36.4967,-602.4
36.5,-575.1
36.5033,-585.9
36.5067,-618.3
36.51,-598.2
36.5133,-595.8
36.5167,-621.9
36.52,-636.6
36.5233,-610.5
36.5267,-606
36.53,-608.4
36.5333,-593.4
36.5367,-612
36.54,-589.2
36.5433,-581.1
36.5467,-569.1
36.55,-608.7
36.5533,-618.6
36.5567,-596.4
36.56,-604.8
36.5633,-617.7
36.5667,-588.9
36.57,-620.4
36.5733,-579.3
36.5767,-551.1
36.58,-552.6
36.5833,-613.8
36.5867,-644.1
36.59,-561.3
36.5933,-620.7
36.5967,-648.3
36.6,-599.7
36.6033,-645.3
36.6067,-621.9
36.61,-609.3
36.6133,-608.4
36.6167,-591.6
36.62,-618.6
36.6233,-610.5
36.6267,-596.7
36.63,-554.7
36.6333,-584.7
36.6367,-630.6
36.64,-616.2
36.6433,-605.7
36.6467,-587.4
36.65,-574.8
36.6533,-616.2
36.6567,-564.6
36.66,-554.4
36.6633,-635.7
36.6667,-590.1
36.67,-627
36.6733,-616.8
36.6767,-647.1
36.68,-621.6
36.6833,-631.8
36.6867,-609.6
36.69,-590.7
36.6933,-602.7
36.6967,-619.5
36.7,-606
36.7033,-580.8
36.7067,-592.2
36.71,-606.9
36.7133,-602.7
36.7167,-621.6
36.72,-606.3
36.7233,-603.3
36.7267,-595.8
36.73,-597
36.7333,-584.4
36.7367,-592.2
36.74,-563.1
36.7433,-579.3
36.7467,-597
36.75,-620.7
36.7533,-642.3
36.7567,-605.7
36.76,-603
36.7633,-599.7
36.7667,-597.6
36.77,-614.7
36.7733,-606.6
36.7767,-604.8
36.78,-514.5
36.7833,-595.5
36.7867,-622.5
36.79,-567.3
36.7933,-601.5
36.7967,-632.7
36.8,-623.7
36.8033,-604.8
36.8067,-615.6
36.81,-624
36.8133,-611.4
36.8167,-601.8
36.82,-570.9
36.8233,-616.2
36.8267,-583.5
36.83,-630.6
36.8333,-623.4
36.8367,-594.3
36.84,-609.3
36.8433,-640.2
36.8467,-609.6
36.85,-610.2
36.8533,-598.5
36.8567,-591
36.86,-591
36.8633,-620.7
36.8667,-572.1
36.87,-612.6
36.8733,-615.9
36.8767,-592.8
36.88,-614.1
36.8833,-585.9
36.8867,-552.6
36.89,-591.6
36.8933,-617.4
36.8967,-588.3
36.9,-578.1
36.9033,-624.6
36.9067,-622.5
36.91,-617.4
36.9133,-589.5
36.9167,-576
36.92,-616.8
36.9233,-600.6
36.9267,-584.4
36.93,-609.6
36.9333,-531.3
36.9367,-642.3
36.94,-660.9
36.9433,-585.9
36.9467,-584.4
36.95,-547.2
36.9533,-611.4
36.9567,-602.1
36.96,-602.4
36.9633,-639.9
36.9667,-606.3
36.97,-633.3
36.9733,-598.5
36.9767,-606.3
36.98,-610.8
36.9833,-564.9
36.9867,-608.7
36.99,-604.8
36.9933,-627.3
36.9967,-620.7
37,-603.3
37.0033,-585.9
37.0067,-606.9
37.01,-576.3
37.0133,-594.3
37.0167,-619.5
37.02,-582.9
37.0233,-606.6
37.0267,-583.5
37.03,-586.5
37.0333,-572.1
37.0367,-618
37.04,-601.2
37.0433,-585.6
37.0467,-555.3
37.05,-640.5
37.0533,-611.1
37.0567,-599.4
37.06,-622.2
37.0633,-578.1
37.0667,-541.2
37.07,-612.6
37.0733,-612
37.0767,-634.5
37.08,-609.3
37.0833,-598.5
37.0867,-598.2
37.09,-608.7
37.0933,-561.3
37.0967,-615
37.1,-600.9
37.1033,-567.9
37.1067,-532.8
37.11,-596.7
37.1133,-625.2
37.1167,-624.9
37.12,-612.6
37.1233,-596.4
37.1267,-617.1
37.13,-559.5
37.1333,-595.5
37.1367,-618
37.14,-610.8
37.1433,-582.3
37.1467,-600.3
37.15,-591.3
37.1533,-583.8
37.1567,-581.7
37.16,-614.7
37.1633,-592.2
37.1667,-586.5
37.17,-579.9
37.1733,-568.2
37.1767,-610.2
37.18,-614.7
37.1833,-586.2
37.1867,-554.4
37.19,-585.3
37.1933,-580.8
37.1967,-591.3
37.2,-623.4
37.2033,-619.8
37.2067,-585.3
37.21,-607.8
37.2133,-578.1
37.2167,-566.1
37.22,-584.1
37.2233,-603.9
37.2267,-567.6
37.23,-558.9
37.2333,-623.4
37.2367,-604.8
37.24,-598.5
37.2433,-618.3
37.2467,-590.7
37.25,-576.6
37.2533,-564.3
37.2567,-570.3
37.26,-639.9
37.2633,-598.5
37.2667,-579.6
37.27,-581.1
37.2733,-553.2
37.2767,-576.6
37.28,-610.5
37.2833,-574.8
37.2867,-532.8
37.29,-658.8
37.2933,-605.7
37.2967,-621.9
37.3,-606
37.3033,-582
37.3067,-618.9
37.31,-601.8
37.3133,-596.4
37.3167,-600.3
37.32,-581.1
37.3233,-573.3
37.3267,-583.8
37.33,-579.3
37.3333,-582.6
37.3367,-592.5
37.34,-566.1
37.3433,-584.7
37.3467,-595.2
37.35,-604.2
37.3533,-594.6
37.3567,-592.5
37.36,-564.3
37.3633,-544.5
37.3667,-547.2
37.37,-570.6
37.3733,-613.8
37.3767,-622.8
37.38,-582.3
37.3833,-568.8
37.3867,-574.2
37.39,-553.2
37.3933,-613.2
37.3967,-579.6
37.4,-591.3
37.4033,-582
37.4067,-584.1
37.41,-551.4
37.4133,-561.9
37.4167,-617.4
37.42,-593.4
37.4233,-584.4
37.4267,-577.8
37.43,-569.1
37.4333,-564
37.4367,-560.1
37.44,-538.2
37.4433,-614.1
37.4467,-600
37.45,-569.1
37.4533,-582.9
37.4567,-588.3
37.46,-592.5
37.4633,-537
37.4667,-516.6
37.47,-625.2
37.4733,-609.6
37.4767,-587.4
37.48,-571.2
37.4833,-559.2
37.4867,-590.4
37.49,-570.9
37.4933,-554.4
37.4967,-572.4
37.5,-592.8
37.5033,-556.8
37.5067,-561
37.51,-588.9
37.5133,-537.9
37.5167,-543.9
37.52,-579
37.5233,-590.4
37.5267,-549
37.53,-594.6
37.5333,-614.4
37.5367,-576.9
37.54,-568.2
37.5433,-527.4
37.5467,-588.9
37.55,-582.6
37.5533,-600.6
37.5567,-576.6
37.56,-584.1
37.5633,-579
37.5667,-577.2
37.57,-577.5
37.5733,-590.4
37.5767,-556.8
37.58,-531.3
37.5833,-604.5
37.5867,-571.2
37.59,-511.2
37.5933,-587.7
37.5967,-605.4
37.6,-559.5
37.6033,-578.7
37.6067,-587.7
37.61,-561.6
37.6133,-594.6
37.6167,-582.3
37.62,-567.3
37.6233,-570.6
37.6267,-574.5
37.63,-607.2
37.6333,-573.6
37.6367,-577.8
37.64,-570
37.6433,-563.1
37.6467,-518.4
37.65,-595.2
37.6533,-608.7
37.6567,-602.1
37.66,-578.4
37.6633,-592.5
37.6667,-571.5
37.67,-572.4
37.6733,-580.5
37.6767,-610.2
37.68,-565.8
37.6833,-580.8
37.6867,-573.9
37.69,-584.1
37.6933,-567.3
37.6967,-488.7
37.7,-544.5
37.7033,-603.3
37.7067,-611.4
37.71,-576.3
37.7133,-605.7
37.7167,-591
37.72,-559.5
37.7233,-540.9
37.7267,-545.7
37.73,-585.9
37.7333,-598.5
37.7367,-564.9
37.74,-582.3
37.7433,-528
37.7467,-586.5
37.75,-558.6
37.7533,-594.9
37.7567,-574.2
37.76,-562.8
37.7633,-573
37.7667,-522.3
37.77,-542.7
37.7733,-589.5
37.7767,-494.1
37.78,-606.6
37.7833,-585.6
37.7867,-607.2
37.79,-591.6
37.7933,-589.8
37.7967,-544.5
37.8,-587.1
37.8033,-601.5
37.8067,-570.3
37.81,-586.5
37.8133,-569.7
37.8167,-540
37.82,-538.2
37.8233,-536.4
37.8267,-571.2
37.83,-572.7
37.8333,-595.5
37.8367,-575.4
37.84,-558
37.8433,-545.1
37.8467,-545.7
37.85,-603
37.8533,-623.1
37.8567,-583.8
37.86,-570.6
37.8633,-570.9
37.8667,-534.9
37.87,-583.5
37.8733,-530.4
37.8767,-556.5
37.88,-567.6
37.8833,-459.6
37.8867,-571.2
37.89,-638.4
37.8933,-523.8
37.8967,-555.3
37.9,-540.3
37.9033,-636.3
37.9067,-559.5
37.91,-510
37.9133,-592.5
37.9167,-569.1
37.92,-574.2
37.9233,-556.5
37.9267,-553.5
37.93,-608.7
37.9333,-588.9
37.9367,-553.8
37.94,-558.9
37.9433,-531.3
37.9467,-541.5
37.95,-553.5
37.9533,-573.3
37.9567,-588.9
37.96,-557.1
37.9633,-570.3
37.9667,-508.5
37.97,-568.8
37.9733,-605.4
37.9767,-529.5
37.98,-533.7
37.9833,-507.6
37.9867,-621.9
37.99,-596.1
37.9933,-595.8
37.9967,-559.5
38,-551.4
38.0033,-543
38.0067,-501.9
38.01,-555
38.0133,-527.1
38.0167,-581.1
38.02,-600.9
38.0233,-581.4
38.0267,-578.4
38.03,-585.3
38.0333,-579.9
38.0367,-500.4
38.04,-541.2
38.0433,-585.9
38.0467,-588.9
38.05,-540.9
38.0533,-598.8
38.0567,-549
38.06,-529.2
38.0633,-576.6
38.0667,-540.9
38.07,-537.9
38.0733,-592.8
38.0767,-561.9
38.08,-568.8
38.0833,-559.8
38.0867,-522.9
38.09,-554.1
38.0933,-594
38.0967,-568.5
38.1,-542.4
38.1033,-550.2
38.1067,-556.8
38.11,-565.2
38.1133,-582.9
38.1167,-552.3
38.12,-522.9
38.1233,-529.5
38.1267,-498.3
38.13,-532.2
38.1333,-602.1
38.1367,-579.9
38.14,-597.6
38.1433,-571.5
38.1467,-560.1
38.15,-562.2
38.1533,-535.5
38.1567,-495.9
38.16,-480.3
38.1633,-540.9
38.1667,-549
38.17,-565.5
38.1733,-594.9
38.1767,-552
38.18,-550.8
38.1833,-501
38.1867,-577.2
38.19,-525.6
38.1933,-535.2
38.1967,-553.2
38.2,-613.8
38.2033,-550.2
38.2067,-519.6
38.21,-425.4
38.2133,-628.2
38.2167,-565.2
38.22,-578.1
38.2233,-629.7
38.2267,-534
38.23,-504.9
38.2333,-586.2
38.2367,-591.9
38.24,-558.9
38.2433,-575.4
38.2467,-544.2
38.25,-545.7
38.2533,-567
38.2567,-509.4
38.26,-522.3
38.2633,-549.6
38.2667,-566.4
38.27,-515.4
38.2733,-555
38.2767,-551.1
38.28,-581.7
38.2833,-520.2
38.2867,-566.4
38.29,-519.6
38.2933,-572.7
38.2967,-622.5
38.3,-439.8
38.3033,-473.7
38.3067,-542.1
38.31,-465.3
38.3133,-522
38.3167,-565.2
38.32,-575.7
38.3233,-509.7
38.3267,-466.2
38.33,-630
38.3333,-660
38.3367,-556.5
38.34,-566.7
38.3433,-633
38.3467,-572.7
38.35,-513.6
38.3533,-389.7
38.3567,-489.9
38.36,-597.9
38.3633,-572.4
38.3667,-537.9
38.37,-493.5
38.3733,-547.2
38.3767,-552.6
38.38,-621.6
38.3833,-624.9
38.3867,-583.2
38.39,-418.5
38.3933,-572.4
38.3967,-501.9
38.4,-354.9
38.4033,-688.2
38.4067,-661.5
38.41,-621.6
38.4133,-561
38.4167,-513.9
38.42,-438.9
38.4233,-550.2
38.4267,-296.4
38.43,-287.7
38.4333,-282.9
38.4367,-504
38.44,-558
38.4433,-828.3
38.4467,-630
38.45,-251.1
38.4533,183
38.4567,-461.4
38.46,-777
38.4633,-37.5
38.4667,-170.1
38.47,-420
38.4733,-83.7
38.4767,-899.7
38.48,-778.8
38.4833,-457.5
38.4867,-86.1
38.49,-8.7
38.4933,-774.3
38.4967,-467.1
38.5,-157.8
38.5033,-228
38.5067,-653.4
38.51,-276.3
38.5133,9.9
38.5167,-471
38.52,-652.2
38.5233,-184.8
38.5267,-316.8
38.53,-789
38.5333,-378.3
38.5367,-21.3
38.54,642.3
38.5433,462.6
38.5467,-554.1
38.55,-470.4
38.5533,-1001.1
38.5567,-242.1
38.56,-495
38.5633,-1021.2
38.5667,-583.2
38.57,-383.7
38.5733,-250.8
38.5767,191.7
38.58,419.1
38.5833,-375
38.5867,-511.8
38.59,-400.2
38.5933,-54.3
38.5967,546.9
38.6,924.9
38.6033,-1346.7
38.6067,-846.6
38.61,301.5
38.6133,972
38.6167,-688.5
38.62,-1278.9
38.6233,-448.8
38.6267,96.9
38.63,612.9
38.6333,-163.8
38.6367,-840
38.64,-728.1
38.6433,-476.1
38.6467,-305.7
38.65,-268.5
38.6533,-134.4
38.6567,36
38.66,-180.9
38.6633,444.3
38.6667,672.6
38.67,-1262.7
38.6733,-1033.2
38.6767,540
38.68,1046.1
38.6833,81.3
38.6867,-967.5
38.69,-1304.4
38.6933,-776.4
38.6967,-0.9
38.7,383.4
38.7033,322.8
38.7067,-702.9
38.71,-668.4
38.7133,-452.7
38.7167,-528.6
38.72,-279.3
38.7233,-220.2
38.7267,5.4
38.73,-375.6
38.7333,-230.7
38.7367,-625.2
38.74,10.8
38.7433,-328.8
38.7467,-570.3
38.75,-268.2
38.7533,-298.5
38.7567,-343.5
38.76,-85.5
38.7633,-250.5
38.7667,-387.9
38.77,-243
38.7733,-219
38.7767,-144.3
38.78,-456.6
38.7833,-391.2
38.7867,-399.9
38.79,-297.9
38.7933,-304.8
38.7967,-227.1
38.8,-259.5
38.8033,-325.8
38.8067,-388.5
38.81,-313.2
38.8133,-214.2
38.8167,-256.5
38.82,-241.8
38.8233,-175.8
38.8267,-138.3
38.83,-252.6
38.8333,-368.1
38.8367,-265.2
38.84,-130.8
38.8433,-403.5
38.8467,-213
38.85,-408
38.8533,-369.9
38.8567,-411.3
38.86,-417
38.8633,-501.3
38.8667,-420.3
38.87,-334.8
38.8733,-512.7
38.8767,-414.3
38.88,-468.6
38.8833,-225.6
38.8867,-430.8
38.89,-568.5
38.8933,-461.4
38.8967,-583.8
38.9,-497.1
38.9033,-266.7
38.9067,-372
38.91,-578.4
38.9133,-448.2
38.9167,-691.5
38.92,-571.5
38.9233,-579
38.9267,-449.4
38.93,-596.7
38.9333,-659.4
38.9367,-648.6
38.94,-551.1
38.9433,-581.7
38.9467,-547.8
38.95,-514.2
38.9533,-547.2
38.9567,-510.6
38.96,-640.5
38.9633,-583.2
38.9667,-559.5
38.97,-589.8
38.9733,-326.4
38.9767,-510.3
38.98,-696.3
38.9833,-640.5
38.9867,-572.7
38.99,-603.3
38.9933,-647.1
38.9967,-575.1
39,-524.4
39.0033,-525.3
39.0067,-538.5
39.01,-466.2
39.0133,-546
39.0167,-710.4
39.02,-624
39.0233,-548.1
39.0267,-587.4
39.03,-596.7
39.0333,-604.5
39.0367,-552.6
39.04,-519
39.0433,-563.7
39.0467,-565.2
39.05,-502.2
39.0533,-562.8
39.0567,-622.8
39.06,-558
39.0633,-595.8
39.0667,-538.2
39.07,-566.7
39.0733,-584.4
39.0767,-557.1
39.08,-573.6
39.0833,-585.9
39.0867,-540.3
39.09,-582.3
39.0933,-561.6
39.0967,-500.4
39.1,-569.7
39.1033,-585.9
39.1067,-537.3
39.11,-559.5
39.1133,-548.7
39.1167,-555.6
39.12,-540.9
39.1233,-579.6
39.1267,-546.9
39.13,-586.5
39.1333,-572.7
39.1367,-584.7
39.14,-584.4
39.1433,-573.6
39.1467,-544.8
39.15,-574.5
39.1533,-564.6
39.1567,-534.6
39.16,-544.5
39.1633,-607.5
39.1667,-525
39.17,-511.5
39.1733,-581.1
39.1767,-595.8
39.18,-589.8
39.1833,-563.4
39.1867,-513.3
39.19,-546.9
39.1933,-571.8
39.1967,-535.2
39.2,-548.4
39.2033,-551.4
39.2067,-557.1
39.21,-497.7
39.2133,-519.3
39.2167,-483.6
39.22,-593.4
39.2233,-544.2
39.2267,-453.9
39.23,-408.3
39.2333,-606
39.2367,-563.4
39.24,-329.1
39.2433,-420.3
39.2467,-795.9
39.25,-755.1
39.2533,-661.5
39.2567,-478.5
39.26,-645.9
39.2633,-605.1
39.2667,-556.2
39.27,-510.3
39.2733,-513.9
39.2767,-618.3
39.28,-577.5
39.2833,-495
39.2867,-518.7
39.29,-425.4
39.2933,-323.1
39.2967,-209.7
39.3,-765.9
39.3033,-627.9
39.3067,-610.8
39.31,-611.1
39.3133,-454.8
39.3167,-315
39.32,-409.2
39.3233,-618.6
39.3267,-640.2
39.33,-538.8
39.3333,-193.8
39.3367,-677.7
39.34,-873.6
39.3433,-806.7
39.3467,-460.8
39.35,-414
39.3533,-546.6
39.3567,-319.2
39.36,-622.5
39.3633,-502.8
39.3667,-488.4
39.37,-186.9
39.3733,228.3
39.3767,28.5
39.38,-471.3
39.3833,-915
39.3867,-958.2
39.39,-498.3
39.3933,-320.4
39.3967,-290.1
39.4,-511.5
39.4033,-150
39.4067,-512.4
39.41,-726.3
39.4133,-709.8
39.4167,-191.7
39.42,-384
39.4233,-921.9
39.4267,421.8
39.43,-177.3
39.4333,-219.6
39.4367,-801.3
39.44,-80.7
39.4433,-89.7
39.4467,-515.4
39.45,-508.2
39.4533,520.2
39.4567,789
39.46,-711
39.4633,-1320.6
39.4667,-709.2
39.47,-98.1
39.4733,-282
39.4767,801.3
39.48,316.5
39.4833,202.2
39.4867,459
39.49,-1310.7
39.4933,-1250.1
39.4967,-956.1
39.5,-76.8
39.5033,240.3
39.5067,-38.1
39.51,-449.1
39.5133,116.7
39.5167,1164
39.52,1042.8
39.5233,-83.1
39.5267,-1962.9
39.53,-1491.3
39.5333,-628.2
39.5367,358.5
39.54,438.6
39.5433,769.5
39.5467,655.8
39.55,-663
39.5533,-487.2
39.5567,202.2
39.56,-240.9
39.5633,662.7
39.5667,-995.4
39.57,-796.2
39.5733,268.2
39.5767,251.4
39.58,216
39.5833,-241.8
39.5867,-928.5
39.59,-415.2
39.5933,-922.2
39.5967,509.4
39.6,608.4
39.6033,151.5
39.6067,-561
39.61,-903
39.6133,-99.3
39.6167,1236.6
39.62,232.2
39.6233,-539.1
39.6267,-403.2
39.63,-797.1
39.6333,-492
39.6367,-166.8
39.64,-705.6
39.6433,91.2
39.6467,-513
39.65,-407.4
39.6533,-275.4
39.6567,-214.5
39.66,-289.5
39.6633,-177.6
39.6667,23.1
39.67,-15.6
39.6733,-174.6
39.6767,-399.6
39.68,-385.5
39.6833,-346.5
39.6867,-246.9
39.69,-228.3
39.6933,-328.5
39.6967,-340.5
39.7,-258.3
39.7033,-233.4
39.7067,-60.6
39.71,-144.3
39.7133,-371.1
39.7167,-317.4
39.72,-294.3
39.7233,-301.5
39.7267,-28.2
39.73,-41.4
39.7333,-319.2
39.7367,-247.2
39.74,-249.9
39.7433,-297.6
39.7467,-204.9
39.75,-142.2
39.7533,-357
39.7567,154.5
39.76,-90.9
39.7633,-508.5
39.7667,-54.9
39.77,-183.3
39.7733,-357.3
39.7767,-360.6
39.78,-418.5
39.7833,-338.4
39.7867,-369
39.79,-234
39.7933,-425.1
39.7967,-389.4
39.8,-465.9
39.8033,-375.9
39.8067,-220.8
39.81,-171.3
39.8133,-419.7
39.8167,-364.5
39.82,-447.6
39.8233,-21.9
39.8267,-381
39.83,-394.5
39.8333,-280.8
39.8367,-484.5
39.84,-531.3
39.8433,-565.2
39.8467,-326.1
39.85,-738.3
39.8533,-569.1
39.8567,-641.1
39.86,-432.6
39.8633,-457.5
39.8667,-592.8
39.87,-526.5
39.8733,-587.4
39.8767,-464.1
39.88,-512.1
39.8833,-449.1
39.8867,-494.1
39.89,-524.7
39.8933,-606
39.8967,-468.3
39.9,-324.3
39.9033,-531
39.9067,-533.1
39.91,-614.1
39.9133,-573
39.9167,-538.2
39.92,-528
39.9233,-504.6
39.9267,-530.4
39.93,-456.9
39.9333,-585.3
39.9367,-620.4
39.94,-520.8
39.9433,-481.2
39.9467,-540.3
39.95,-507.6
39.9533,-598.8
39.9567,-555
39.96,-554.4
39.9633,-555.6
39.9667,-512.4
39.97,-545.1
39.9733,-574.5
39.9767,-488.1
39.98,-519.9
39.9833,-551.4
39.9867,-486
39.99,-539.4
39.9933,-446.4
39.9967,-408
40,-562.5
40.0033,-595.8
40.0067,-463.2
40.01,-559.8
40.0133,-501
40.0167,-578.7
40.02,-626.4
40.0233,-569.7
40.0267,-536.4
40.03,-537.3
40.0333,-519.3
40.0367,-516.3
40.04,-587.4
40.0433,-534.6
40.0467,-565.8
40.05,-546.3
40.0533,-573.9
40.0567,-493.5
40.06,-538.5
40.0633,-549.6
40.0667,-501
40.07,-498.3
40.0733,-557.7
40.0767,-485.1
40.08,-485.7
40.0833,-449.7
40.0867,-503.1
40.09,-515.4
40.0933,-492.3
40.0967,-595.8
40.1,-580.2
40.1033,-605.7
40.1067,-652.8
40.11,-534
40.1133,-645.9
40.1167,-561.9
40.12,-572.7
40.1233,-538.8
40.1267,-587.1
40.13,-585.6
40.1333,-546
40.1367,-543.6
40.14,-540
40.1433,-509.7
40.1467,-402.6
40.15,-276.6
40.1533,-197.7
40.1567,-126.9
40.16,-498.3
40.1633,-448.5
40.1667,-481.2
40.17,-188.1
40.1733,-498.3
40.1767,-369
40.18,68.1
40.1833,-18.9
40.1867,-441.6
40.19,-947.7
40.1933,-1055.7
40.1967,-978.9
40.2,-500.4
40.2033,-503.7
40.2067,-816.3
40.21,-1192.2
40.2133,-713.1
40.2167,-406.5
40.22,-747.9
40.2233,-733.2
40.2267,-281.4
40.23,-314.4
40.2333,-610.5
40.2367,-309.9
40.24,-470.7
40.2433,-492.9
40.2467,-232.8
40.25,-5.4
40.2533,-512.1
40.2567,566.4
40.26,306.9
40.2633,-1362
40.2667,-1250.1
40.27,-648.3
40.2733,274.5
40.2767,6.9
40.28,-190.5
40.2833,-1107.3
40.2867,-870
40.29,-431.7
40.2933,-530.4
40.2967,-861
40.3,-490.5
40.3033,-171.6
40.3067,-522.3
40.31,-267.3
40.3133,-333.3
40.3167,-329.1
40.32,263.1
40.3233,1374.6
40.3267,560.4
40.33,-950.7
40.3333,-1152.3
40.3367,-907.2
40.34,-82.2
40.3433,54.6
40.3467,-204.3
40.35,-186
40.3533,415.8
40.3567,-80.1
40.36,-420
40.3633,-769.8
40.3667,655.2
40.37,616.2
40.3733,1003.5
40.3767,24.3
40.38,-1487.1
40.3833,-44.1
40.3867,-266.1
40.39,-1057.8
40.3933,-817.8
40.3967,-227.1
40.4,774
40.4033,258.6
40.4067,-957.3
40.41,-250.2
40.4133,447.6
40.4167,-518.7
40.42,195
40.4233,-70.8
40.4267,-111.6
40.43,-250.2
40.4333,229.2
40.4367,-503.4
40.44,-11.1
40.4433,-330.3
40.4467,-588.6
40.45,954
40.4533,619.8
40.4567,2140.2
40.46,-1483.2
40.4633,-1981.8
40.4667,-791.1
40.47,192.6
40.4733,620.1
40.4767,-373.5
40.48,393.6
40.4833,-585.9
40.4867,734.1
40.49,525
40.4933,-945.6
40.4967,-470.1
40.5,-292.5
40.5033,699
40.5067,193.5
40.51,-1246.8
40.5133,-687.3
40.5167,1801.8
40.52,-604.2
40.5233,-1511.1
40.5267,-49.5
40.53,-265.5
40.5333,-875.1
40.5367,36.9
40.54,35.1
40.5433,756
40.5467,-675.3
40.55,-619.5
40.5533,-225
40.5567,68.4
40.56,-125.1
40.5633,-409.8
40.5667,-180.6
40.57,-333.6
40.5733,-430.2
40.5767,-80.7
40.58,-211.5
40.5833,-376.8
40.5867,-40.2
40.59,-86.4
40.5933,-494.1
40.5967,-264.6
40.6,-305.7
40.6033,-227.1
40.6067,-77.1
40.61,137.7
40.6133,-113.4
40.6167,-108.9
40.62,-105
40.6233,-28.2
40.6267,-332.4
40.63,-205.8
40.6333,-308.4
40.6367,-288.3
40.64,-12.6
40.6433,-36.3
40.6467,-83.7
40.65,-69.6
40.6533,-520.8
40.6567,-529.2
40.66,-419.1
40.6633,-186.3
40.6667,-326.1
40.67,-179.7
40.6733,44.1
40.6767,-74.1
40.68,-33.6
40.6833,-509.1
40.6867,-536.1
40.69,-59.7
40.6933,-158.7
40.6967,-499.8
40.7,-245.7
40.7033,71.7
40.7067,-459.6
40.71,-618.9
40.7133,-233.7
40.7167,-371.7
40.72,-563.7
40.7233,-465.3
40.7267,-474
40.73,-333
40.7333,-383.1
40.7367,-449.1
40.74,-399
40.7433,-361.5
40.7467,-449.4
40.75,-592.2
40.7533,-370.8
40.7567,-564.6
40.76,-511.2
40.7633,-508.2
40.7667,-558.3
40.77,-601.2
40.7733,-413.1
40.7767,-452.1
40.78,-537.3
40.7833,-564
40.7867,-474
40.79,-555.3
40.7933,-605.4
40.7967,-496.5
40.8,-543.6
40.8033,-362.4
40.8067,-430.5
40.81,-618.3
40.8133,-492.3
40.8167,-595.2
40.82,-474.3
40.8233,-550.8
40.8267,-557.4
40.83,-495.6
40.8333,-608.1
40.8367,-492.3
40.84,-555.6
40.8433,-581.4
40.8467,-479.7
40.85,-562.8
40.8533,-523.2
40.8567,-539.7
40.86,-518.1
40.8633,-561.9
40.8667,-523.2
40.87,-520.2
40.8733,-524.4
40.8767,-356.1
40.88,-444
40.8833,-618.9
40.8867,-583.5
40.89,-508.5
40.8933,-489
40.8967,-542.4
40.9,-619.2
40.9033,-519
40.9067,-424.5
40.91,-411
40.9133,-722.1
40.9167,-661.2
40.92,-574.2
40.9233,-591
40.9267,-559.5
40.93,-456.9
40.9333,-471
40.9367,-462.3
40.94,-524.1
40.9433,-497.1
40.9467,-570.6
40.95,-579.6
40.9533,-519.3
40.9567,-583.2
40.96,-592.2
40.9633,-515.1
40.9667,-677.4
40.97,-633.3
40.9733,-569.1
40.9767,-413.1
40.98,-404.1
40.9833,-474.3
40.9867,-426.3
40.99,-491.4
40.9933,-622.2
40.9967,-643.2
41,-498
41.0033,-639.3
41.0067,-671.1
41.01,-231.3
41.0133,-7.5
41.0167,-356.4
41.02,-939.3
41.0233,-958.5
41.0267,-600.9
41.03,-460.5
41.0333,-483.9
41.0367,-273.3
41.04,-684.9
41.0433,-352.5
41.0467,-647.1
41.05,-535.2
41.0533,-681
41.0567,-477
41.06,-446.4
41.0633,-464.1
41.0667,-485.7
41.07,-646.8
41.0733,-752.4
41.0767,-391.5
41.08,-485.1
41.0833,-935.1
41.0867,-627.3
41.09,-366.9
41.0933,-430.5
41.0967,-416.1
41.1,-761.7
41.1033,-582
41.1067,-542.1
41.11,-866.4
41.1133,-511.2
41.1167,74.4
41.12,-136.5
41.1233,-348.6
41.1267,-675.6
41.13,-755.7
41.1333,-616.8
41.1367,-532.5
41.14,-589.8
41.1433,-287.4
41.1467,-330.3
41.15,-735.3
41.1533,9.9
41.1567,-147.9
41.16,-327.6
41.1633,-118.8
41.1667,-523.8
41.17,-772.5
41.1733,-6
41.1767,583.8
41.18,-356.4
41.1833,560.4
41.1867,-10.8
41.19,-1042.8
41.1933,-1358.7
41.1967,-348
41.2,-361.8
41.2033,69
41.2067,478.8
41.21,1430.7
41.2133,-636
41.2167,-754.8
41.22,-746.7
41.2233,185.1
41.2267,-186
41.23,849.9
41.2333,-98.1
41.2367,-1181.7
41.24,-269.1
41.2433,282
41.2467,-759.3
41.25,533.4
41.2533,-565.2
41.2567,-1108.5
41.26,-162.3
41.2633,-564.3
41.2667,615.9
41.27,179.1
41.2733,139.5
41.2767,-644.7
41.28,874.5
41.2833,1328.7
41.2867,-1571.1
41.29,-1653.6
41.2933,-55.5
41.2967,1089.6
41.3,200.1
41.3033,-1017.9
41.3067,-923.4
41.31,537.6
41.3133,1442.1
41.3167,-670.2
41.32,-156.6
41.3233,-11.1
41.3267,-207.3
41.33,348.3
41.3333,-518.4
41.3367,190.8
41.34,543.3
41.3433,-1241.7
41.3467,-180.9
41.35,-355.5
41.3533,-26.4
41.3567,273
41.36,-312.3
41.3633,1148.1
41.3667,-450.6
41.37,-643.2
41.3733,-293.1
41.3767,-459.6
41.38,-400.5
41.3833,765.9
41.3867,-305.1
41.39,-78
41.3933,-250.5
41.3967,-69.3
41.4,34.2
41.4033,946.8
41.4067,703.5
41.41,-1978.2
41.4133,-301.2
41.4167,-290.7
41.42,-474.6
41.4233,-640.2
41.4267,-66.9
41.43,-37.2
41.4333,-51.3
41.4367,-142.2
41.44,-210
41.4433,-233.7
41.4467,-376.2
41.45,-165.6
41.4533,-259.2
41.4567,-55.5
41.46,-277.8
41.4633,-394.2
41.4667,-217.5
41.47,-224.1
41.4733,-177.6
41.4767,102
41.48,-233.4
41.4833,-217.8
41.4867,267.9
41.49,-425.4
41.4933,-585.9
41.4967,-324
41.5,-225.9
41.5033,193.5
41.5067,105.6
41.51,-445.2
41.5133,-355.5
41.5167,-378.6
41.52,-277.5
41.5233,-275.7
41.5267,-244.5
41.53,-163.5
41.5333,-33.9
41.5367,7.8
41.54,-476.1
41.5433,44.1
41.5467,78
41.55,-510
41.5533,-339
41.5567,-219.9
41.56,-459
41.5633,-218.1
41.5667,-133.2
41.57,-492
41.5733,-455.7
41.5767,-463.8
41.58,-408
41.5833,-456.6
41.5867,-171.9
41.59,-270.3
41.5933,-304.8
41.5967,-344.4
41.6,-141
41.6033,-390.9
41.6067,-750.9
41.61,-582.9
41.6133,-609.3
41.6167,-353.7
41.62,-531
41.6233,-601.5
41.6267,-520.5
41.63,-418.8
41.6333,-298.5
41.6367,-480.3
41.64,-681
41.6433,-655.8
41.6467,-625.8
41.65,-565.5
41.6533,-556.8
41.6567,-672.9
41.66,-561
41.6633,-583.8
41.6667,-717.9
41.67,-727.5
41.6733,-551.1
41.6767,-602.7
41.68,-585.3
41.6833,-552
41.6867,-484.5
41.69,-471
41.6933,-699.3
41.6967,-610.8
41.7,-664.2
41.7033,-604.8
41.7067,-611.7
41.71,-603.3
41.7133,-610.5
41.7167,-603.6
41.72,-502.8
41.7233,-646.8
41.7267,-630.3
41.73,-619.8
41.7333,-589.8
41.7367,-571.5
41.74,-602.4
41.7433,-611.4
41.7467,-518.4
41.75,-537
41.7533,-608.7
41.7567,-629.4
41.76,-619.2
41.7633,-494.4
41.7667,-567.6
41.77,-624.3
41.7733,-547.5
41.7767,-593.4
41.78,-703.8
41.7833,-629.7
41.7867,-633
41.79,-599.1
41.7933,-611.7
41.7967,-604.8
41.8,-587.7
41.8033,-608.4
41.8067,-586.5
41.81,-584.4
41.8133,-616.8
41.8167,-591
41.82,-617.7
41.8233,-589.8
41.8267,-583.2
41.83,-600
41.8333,-559.2
41.8367,-607.2
41.84,-607.8
41.8433,-476.7
41.8467,-582.3
41.85,-566.1
41.8533,-621.3
41.8567,-658.8
41.86,-609.6
41.8633,-605.1
41.8667,-599.7
41.87,-623.1
41.8733,-583.5
41.8767,-557.7
41.88,-546
41.8833,-565.8
41.8867,-576
41.89,-594
41.8933,-651
41.8967,-594.3
41.9,-498.6
41.9033,-416.4
41.9067,-294
41.91,-378
41.9133,-741
41.9167,-660.9
41.92,-507.9
41.9233,-332.7
41.9267,-497.1
41.93,-708.3
41.9333,-367.5
41.9367,-435.3
41.94,-480
41.9433,-738.3
41.9467,-685.8
41.95,-613.2
41.9533,-970.5
41.9567,-680.4
41.96,-626.1
41.9633,-289.5
41.9667,-249
41.97,-606.3
41.9733,-918.3
41.9767,-712.5
41.98,-733.8
41.9833,-754.5
41.9867,-449.4
41.99,-732.9
41.9933,-811.2
41.9967,-769.2
42,-511.2
42.0033,-566.1
42.0067,-475.5
42.01,-460.5
42.0133,-490.2
42.0167,-105
42.02,-511.8
42.0233,-715.2
42.0267,-739.2
42.03,-620.7
42.0333,-231.9
42.0367,-585.6
42.04,-95.1
42.0433,-129.3
42.0467,-540
42.05,-994.2
42.0533,-646.5
42.0567,-785.4
42.06,-279
42.0633,-629.1
42.0667,-792.6
42.07,-473.7
42.0733,-309
42.0767,-69.6
42.08,-368.7
42.0833,-232.8
42.0867,287.7
42.09,-635.7
42.0933,-1072.8
42.0967,-183
42.1,-390.3
42.1033,-375
42.1067,471.6
42.11,608.4
42.1133,-167.1
42.1167,-624.6
42.12,-190.8
42.1233,-942.3
42.1267,-250.8
42.13,549.6
42.1333,443.7
42.1367,-706.8
42.14,223.2
42.1433,262.2
42.1467,-942.3
42.15,25.5
42.1533,-174.3
42.1567,-21.6
42.16,-347.1
42.1633,132.3
42.1667,-152.1
42.17,870
42.1733,-968.7
42.1767,-113.7
42.18,300.6
42.1833,-1578.6
42.1867,-532.8
42.19,-792.9
42.1933,435.6
42.1967,568.5
42.2,482.1
42.2033,-536.7
42.2067,-1401
42.21,330.6
42.2133,590.7
42.2167,-676.2
42.22,620.1
42.2233,-1511.7
42.2267,666.9
42.23,1640.1
42.2333,-327.9
42.2367,-1159.8
42.24,-227.1
42.2433,-927.6
42.2467,820.2
42.25,-327.9
42.2533,-982.5
42.2567,-50.7
42.26,1512
42.2633,244.8
42.2667,-837.3
42.27,-1470
42.2733,-712.5
42.2767,239.7
42.28,-332.1
42.2833,255.9
42.2867,-612.6
42.29,869.7
42.2933,54.9
42.2967,-939.3
42.3,65.1
42.3033,80.1
42.3067,-772.8
42.31,-487.2
42.3133,-577.2
42.3167,-183.6
42.32,-125.4
42.3233,-106.2
42.3267,-300.3
42.33,-395.4
42.3333,-98.7
42.3367,-32.1
42.34,-314.1
42.3433,-233.7
42.3467,-206.4
42.35,-137.7
42.3533,-111.6
42.3567,-134.1
42.36,-414.6
42.3633,-325.5
42.3667,-174
42.37,-83.1
42.3733,-350.4
42.3767,-299.1
42.38,-219
42.3833,-83.1
42.3867,-75.3
42.39,-216.9
42.3933,-272.1
42.3967,-87.3
42.4,-259.5
42.4033,-235.8
42.4067,-298.2
42.41,-153.9
42.4133,-351.9
42.4167,-375.6
42.42,-259.5
42.4233,-360.9
42.4267,-252
42.43,-256.2
42.4333,-47.4
42.4367,-45
42.44,-384.9
42.4433,-560.4
42.4467,-508.8
42.45,-372.9
42.4533,-352.2
42.4567,-306.9
42.46,-355.8
42.4633,-349.5
42.4667,-345.6
42.47,-372.3
42.4733,-510
42.4767,-415.8
42.48,-473.1
42.4833,-435.9
42.4867,-386.7
42.49,-386.1
42.4933,-86.7
42.4967,-439.8
42.5,-547.5
42.5033,-468
42.5067,-407.1
42.51,-615
42.5133,-452.4
42.5167,-492.9
42.52,-683.4
42.5233,-448.8
42.5267,-426.6
42.53,-705.3
42.5333,-441.6
42.5367,-544.8
42.54,-778.2
42.5433,-561.3
42.5467,-705.6
42.55,-447.6
42.5533,-715.8
42.5567,-692.1
42.56,-615.3
42.5633,-575.7
42.5667,-609.6
42.57,-550.8
42.5733,-680.1
42.5767,-644.1
42.58,-660
42.5833,-676.2
42.5867,-722.4
42.59,-579.9
42.5933,-559.2
42.5967,-621.9
42.6,-580.5
42.6033,-503.7
42.6067,-647.7
42.61,-622.5
42.6133,-642.9
42.6167,-708.6
42.62,-749.7
42.6233,-654.6
42.6267,-630.6
42.63,-668.7
42.6333,-659.7
42.6367,-642
42.64,-714.6
42.6433,-659.7
42.6467,-645
42.65,-688.8
42.6533,-657.6
42.6567,-613.2
42.66,-652.8
42.6633,-635.4
42.6667,-570
42.67,-661.5
42.6733,-587.1
42.6767,-669.6
42.68,-652.5
42.6833,-684.6
42.6867,-604.2
42.69,-614.1
42.6933,-664.5
42.6967,-554.1
42.7,-674.1
42.7033,-668.7
42.7067,-638.1
42.71,-638.1
42.7133,-651.6
42.7167,-681
42.72,-675.9
42.7233,-643.2
42.7267,-648.3
42.73,-678.9
42.7333,-612.3
42.7367,-627.6
42.74,-673.8
42.7433,-663.9
42.7467,-632.1
42.75,-667.2
42.7533,-638.1
42.7567,-657.6
42.76,-639.6
42.7633,-630.6
42.7667,-611.4
42.77,-482.1
42.7733,-441.3
42.7767,-778.8
42.78,-700.2
42.7833,-668.1
42.7867,-585
42.79,-661.2
42.7933,-660.6
42.7967,-701.7
42.8,-670.5
42.8033,-629.4
42.8067,-655.5
42.81,-569.7
42.8133,-457.8
42.8167,-517.5
42.82,-663
42.8233,-774.6
42.8267,-698.7
42.83,-638.4
42.8333,-550.2
42.8367,-458.1
42.84,-555.9
42.8433,-775.8
42.8467,-731.7
42.85,-730.8
42.8533,-648.6
42.8567,-640.2
42.86,-535.2
42.8633,-351
42.8667,-630.3
42.87,-633.9
42.8733,-691.8
42.8767,-557.1
42.88,-615
42.8833,-618.3
42.8867,-615
42.89,-348
42.8933,-181.2
42.8967,-425.1
42.9,-721.5
42.9033,-504
42.9067,-660.9
42.91,-795.3
42.9133,-822
42.9167,-724.2
42.92,-483.9
42.9233,-487.2
42.9267,-633.9
42.93,-529.8
42.9333,-581.7
42.9367,-835.8
42.94,-676.8
42.9433,-297
42.9467,-527.7
42.95,-641.1
42.9533,-439.2
42.9567,-451.2
42.96,-536.4
42.9633,-86.1
42.9667,-592.2
42.97,-784.8
42.9733,-816.6
42.9767,-564.3
42.98,-809.1
42.9833,-584.4
42.9867,-292.2
42.99,-381.6
42.9933,135.6
42.9967,697.2
43,-1283.7
43.0033,-1054.5
43.0067,-0.9
43.01,-360
43.0133,140.4
43.0167,-80.4
43.02,-626.7
43.0233,-383.4
43.0267,329.4
43.03,-1080.3
43.0333,105.6
43.0367,1044.3
43.04,399.3
43.0433,-1375.2
43.0467,31.5
43.05,-360.3
43.0533,-1039.5
43.0567,-507.6
43.06,156.3
43.0633,759.6
43.0667,923.1
43.07,-1188.6
43.0733,278.1
43.0767,-1419.6
43.08,-234.9
43.0833,1360.8
43.0867,-366
43.09,-847.8
43.0933,-200.1
43.0967,-456.9
43.1,-655.8
43.1033,-811.8
43.1067,1404.9
43.11,-82.2
43.1133,-437.7
43.1167,-282
43.12,43.5
43.1233,-437.7
43.1267,642.3
43.13,-1329.6
43.1333,544.2
43.1367,-184.5
43.14,-628.5
43.1433,-937.2
43.1467,118.8
43.15,1198.8
43.1533,-826.5
43.1567,1291.8
43.16,802.5
43.1633,-1289.7
43.1667,-1757.4
43.17,-609
43.1733,132.3
43.1767,2.4
43.18,396.6
43.1833,921.6
43.1867,-306.9
43.19,-448.8
43.1933,-171.3
43.1967,105.9
43.2,-444
43.2033,109.2
43.2067,143.4
43.21,1311.3
43.2133,-1649.4
43.2167,412.8
43.22,-339.6
43.2233,149.4
43.2267,216.6
43.23,-1168.8
43.2333,-559.5
43.2367,-361.5
43.24,-627.6
43.2433,-7.2
43.2467,140.4
43.25,134.7
43.2533,-252.9
43.2567,-88.8
43.26,-600.6
43.2633,-623.7
43.2667,-374.4
43.27,116.7
43.2733,-186
43.2767,-63.6
43.28,-413.4
43.2833,-424.5
43.2867,-212.7
43.29,-143.7
43.2933,-270.6
43.2967,-327.3
43.3,-268.2
43.3033,-108
43.3067,-88.5
43.31,-506.7
43.3133,-272.7
43.3167,-219.6
43.32,-272.1
43.3233,137.7
43.3267,31.2
43.33,-167.4
43.3333,-484.8
43.3367,-340.5
43.34,-417.9
43.3433,-252
43.3467,-185.1
43.35,186.3
43.3533,421.8
43.3567,-181.8
43.36,-160.8
43.3633,-744
43.3667,-574.8
43.37,-493.5
43.3733,-462
43.3767,-333.9
43.38,-313.5
43.3833,-237.3
43.3867,21.9
43.39,-78.9
43.3933,-602.7
43.3967,-408.9
43.4,-367.2
43.4033,-336
43.4067,-363.6
43.41,-364.8
43.4133,-257.4
43.4167,-77.7
43.42,-396
43.4233,-529.8
43.4267,-360.6
43.43,-269.7
43.4333,-708.6
43.4367,-555.9
43.44,-216.9
43.4433,-58.5
43.4467,-596.1
43.45,-754.2
43.4533,-525.3
43.4567,-644.1
43.46,-327.6
43.4633,-392.7
43.4667,-589.5
43.47,-566.4
43.4733,-569.1
43.4767,-543.3
43.48,-826.8
43.4833,-691.8
43.4867,-680.4
43.49,-704.7
43.4933,-710.7
43.4967,-630
43.5,-584.1
43.5033,-802.8
43.5067,-618.6
43.51,-748.8
43.5133,-710.1
43.5167,-814.8
43.52,-695.1
43.5233,-746.4
43.5267,-651.3
43.53,-577.8
43.5333,-812.4
43.5367,-781.2
43.54,-648.6
43.5433,-654.9
43.5467,-848.1
43.55,-715.2
43.5533,-672.9
43.5567,-782.1
43.56,-732.3
43.5633,-759.6
43.5667,-752.1
43.57,-706.2
43.5733,-731.4
43.5767,-744
43.58,-671.7
43.5833,-722.7
43.5867,-727.2
43.59,-708
43.5933,-739.2
43.5967,-737.7
43.6,-717.6
43.6033,-665.4
43.6067,-674.7
43.61,-722.7
43.6133,-767.4
43.6167,-638.4
43.62,-640.5
43.6233,-717.9
43.6267,-618.6
43.63,-765.3
43.6333,-693
43.6367,-687.3
43.64,-703.5
43.6433,-656.1
43.6467,-816
43.65,-749.4
43.6533,-723.6
43.6567,-728.4
43.66,-733.5
43.6633,-680.7
43.6667,-675
43.67,-718.8
43.6733,-666.9
43.6767,-626.1
43.68,-477
43.6833,-590.4
43.6867,-849.3
43.69,-802.8
43.6933,-707.7
43.6967,-816.9
43.7,-773.7
43.7033,-675.6
43.7067,-708
43.71,-633.3
43.7133,-711.6
43.7167,-558.9
43.72,-623.1
43.7233,-591.9
43.7267,-606.3
43.73,-507.9
43.7333,-627.3
43.7367,-728.7
43.74,-570.3
43.7433,-302.4
43.7467,-512.7
43.75,-591
43.7533,-767.4
43.7567,-527.1
43.76,-908.1
43.7633,-882
43.7667,-385.5
43.77,-525.6
43.7733,-1161
43.7767,-968.4
43.78,-748.5
43.7833,-411.3
43.7867,-435.3
43.79,-662.7
43.7933,-612
43.7967,-979.5
43.8,-636
43.8033,-186.6
43.8067,-794.1
43.81,-976.5
43.8133,-574.2
43.8167,-283.5
43.82,-641.4
43.8233,-888.6
43.8267,-752.4
43.83,-924.9
43.8333,-498.9
43.8367,-492.3
43.84,-285.6
43.8433,-951.9
43.8467,-603.6
43.85,-512.7
43.8533,-479.1
43.8567,-592.2
43.86,-319.2
43.8633,-263.1
43.8667,-767.7
43.87,-627.9
43.8733,-299.1
43.8767,-704.4
43.88,-285.9
43.8833,-432.3
43.8867,-853.2
43.89,-661.2
43.8933,-649.2
43.8967,-589.5
43.9,-571.5
43.9033,-471.6
43.9067,-265.2
43.91,-55.2
43.9133,-301.5
43.9167,-217.8
43.92,-70.2
43.9233,-621
43.9267,-700.5
43.93,-761.1
43.9333,-390.9
43.9367,171
43.94,164.1
43.9433,-1086.3
43.9467,-877.5
43.95,-547.5
43.9533,-404.7
43.9567,-157.2
43.96,28.8
43.9633,-527.1
43.9667,-682.5
43.97,-85.5
43.9733,-297.3
43.9767,-1150.2
43.98,-452.4
43.9833,0.6
43.9867,-208.8
43.99,-675.9
43.9933,-61.5
43.9967,-437.4
44,-402
44.0033,15
44.0067,406.2
44.01,-800.1
44.0133,-995.1
44.0167,-584.1
44.02,-117.6
44.0233,161.7
44.0267,-535.8
44.03,-107.7
44.0333,700.5
44.0367,847.2
44.04,-96
44.0433,-1085.7
44.0467,37.5
44.05,-1206
44.0533,-205.2
44.0567,1206.6
44.06,-86.4
44.0633,-432.3
44.0667,-72
44.07,157.2
44.0733,-810.6
44.0767,-882.9
44.08,-280.2
44.0833,-756.3
44.0867,924
44.09,900.6
44.0933,-1072.5
44.0967,-1422.9
44.1,21
44.1033,-267.3
44.1067,-1044.9
44.11,630
44.1133,897.3
44.1167,351.9
44.12,-316.5
44.1233,474.3
44.1267,-1501.5
44.13,598.5
44.1333,-1297.2
44.1367,-835.2
44.14,17.4
44.1433,-338.4
44.1467,277.8
44.15,1627.5
44.1533,-922.8
44.1567,-1013.1
44.16,-487.2
44.1633,120
44.1667,-736.8
44.17,-532.2
44.1733,735.3
44.1767,-310.5
44.18,-682.5
44.1833,-483.6
44.1867,-597.6
44.19,-534
44.1933,914.7
44.1967,823.8
44.2,-482.1
44.2033,-1050.3
44.2067,-323.7
44.21,-295.5
44.2133,52.8
44.2167,-108.3
44.22,208.8
44.2233,-999
44.2267,-887.7
44.23,-270
44.2333,-141.3
44.2367,-403.5
44.24,-253.2
44.2433,42.3
44.2467,-670.5
44.25,-610.2
44.2533,-389.4
44.2567,-343.8
44.26,-291.3
44.2633,-477.6
44.2667,-380.1
44.27,-443.7
44.2733,-323.1
44.2767,-279
44.28,-304.2
44.2833,-390.6
44.2867,-406.2
44.29,-231.9
44.2933,-459.9
44.2967,-241.8
44.3,-202.8
44.3033,15
44.3067,-13.8
44.31,-505.5
44.3133,-594
44.3167,-506.4
44.32,-591
44.3233,-563.1
44.3267,-400.8
44.33,-335.7
44.3333,-501
44.3367,-324.3
44.34,-269.7
44.3433,-208.2
44.3467,-199.2
44.35,-234.3
44.3533,-452.1
44.3567,-430.5
44.36,-685.2
44.3633,-556.5
44.3667,-553.2
44.37,-334.8
44.3733,-555.6
44.3767,-548.7
44.38,-547.5
44.3833,-408.6
44.3867,-454.5
44.39,-542.7
44.3933,-494.1
44.3967,-568.8
44.4,-521.1
44.4033,-290.7
44.4067,-347.1
44.41,-417.9
44.4133,-342.6
44.4167,-667.2
44.42,-594.6
44.4233,-545.4
44.4267,-584.4
44.43,-598.8
44.4333,-715.2
44.4367,-557.4
44.44,-639.3
44.4433,-708.3
44.4467,-557.4
44.45,-536.1
44.4533,-714.6
44.4567,-697.2
44.46,-708.9
44.4633,-668.1
44.4667,-543
44.47,-589.5
44.4733,-580.2
44.4767,-539.4
44.48,-468.3
44.4833,-908.1
44.4867,-618.6
44.49,-695.1
44.4933,-844.8
44.4967,-717.3
44.5,-686.1
44.5033,-718.2
44.5067,-690.6
44.51,-712.5
44.5133,-705
44.5167,-727.8
44.52,-637.5
44.5233,-635.1
44.5267,-774
44.53,-679.5
44.5333,-655.5
44.5367,-693
44.54,-647.7
44.5433,-666.9
44.5467,-745.2
44.55,-689.1
44.5533,-563.4
44.5567,-761.4
44.56,-802.5
44.5633,-754.8
44.5667,-707.1
44.57,-677.7
44.5733,-730.8
44.5767,-734.7
44.58,-726.3
44.5833,-738.6
44.5867,-702.6
44.59,-721.5
44.5933,-734.7
44.5967,-735.9
44.6,-711.9
44.6033,-692.4
44.6067,-725.4
44.61,-671.4
44.6133,-721.2
44.6167,-725.1
44.62,-741
44.6233,-692.1
44.6267,-739.5
44.63,-710.1
44.6333,-689.1
44.6367,-585
44.64,-737.7
44.6433,-784.8
44.6467,-747.3
44.65,-693
44.6533,-719.7
44.6567,-718.2
44.66,-643.5
44.6633,-513.3
44.6667,-552.9
44.67,-433.2
44.6733,-577.8
44.6767,-1061.1
44.68,-903
44.6833,-552.9
44.6867,-587.4
44.69,-772.2
44.6933,-529.2
44.6967,-405.3
44.7,-613.2
44.7033,-778.2
44.7067,-649.5
44.71,-612.6
44.7133,-722.7
44.7167,-838.2
44.72,-516
44.7233,-416.7
44.7267,-531.6
44.73,-270
44.7333,122.1
44.7367,-648.3
44.74,-750.6
44.7433,-784.2
44.7467,-863.4
44.75,-1174.5
44.7533,-922.5
44.7567,-1048.5
44.76,-1227.3
44.7633,-782.4
44.7667,-267.3
44.77,-519.3
44.7733,-938.1
44.7767,-1100.4
44.78,-898.8
44.7833,-864.9
44.7867,-793.5
44.79,-386.1
44.7933,-443.7
44.7967,-721.2
44.8,-265.5
44.8033,-240.6
44.8067,-919.5
44.81,-848.4
44.8133,-656.7
44.8167,-311.7
44.82,-354.9
44.8233,-502.5
44.8267,-663.3
44.83,-449.4
44.8333,-477.6
44.8367,-623.7
44.84,-776.1
44.8433,-604.8
44.8467,-123.3
44.85,-48
44.8533,-767.1
44.8567,-1236.9
44.86,-380.1
44.8633,-688.5
44.8667,-613.2
44.87,-242.7
44.8733,-236.7
44.8767,-194.4
44.88,-459.9
44.8833,-552.9
44.8867,-57.3
44.89,206.1
44.8933,-405.6
44.8967,-655.2
44.9,259.5
44.9033,-654.9
44.9067,-1127.1
44.91,110.7
44.9133,14.4
44.9167,-600
44.92,-814.2
44.9233,-447.3
44.9267,-372.3
44.93,278.1
44.9333,-976.2
44.9367,156.3
44.94,-200.7
44.9433,358.8
44.9467,125.1
44.95,1669.5
44.9533,-1944.9
44.9567,-1410.3
44.96,-258.3
44.9633,-848.7
44.9667,-1025.4
44.97,137.7
44.9733,155.1
44.9767,1227.6
44.98,-1227.6
44.9833,-255
44.9867,159.6
44.99,-584.1
44.9933,1279.5
44.9967,-771.9
45,-1209.3
45.0033,-1133.1
45.0067,1219.2
45.01,366.6
45.0133,-942.6
45.0167,-428.7
45.02,783.6
45.0233,-230.7
45.0267,-293.7
45.03,-1125.6
45.0333,111.9
45.0367,-994.5
45.04,697.2
45.0433,1087.2
45.0467,-1068.6
45.05,-1325.1
45.0533,-460.2
45.0567,331.2
45.06,62.4
45.0633,-1122.9
45.0667,-460.8
45.07,215.7
45.0733,-805.8
45.0767,-631.2
45.08,-471.9
45.0833,-489.6
45.0867,-372.3
45.09,-190.2
45.0933,-183.3
45.0967,-467.7
45.1,-288.9
45.1033,-249
45.1067,-333.6
45.11,-250.2
45.1133,-229.2
45.1167,-417.6
45.12,-345.9
45.1233,-528.6
45.1267,-371.4
45.13,-126.3
45.1333,-326.4
45.1367,-378.6
45.14,-346.2
45.1433,-393.3
45.1467,-497.1
45.15,-385.8
45.1533,-415.5
45.1567,-388.2
45.16,-425.7
45.1633,-441
45.1667,-306.3
45.17,-252.6
45.1733,-294.6
45.1767,-83.4
45.18,-540.3
45.1833,-360.6
45.1867,-412.8
45.19,-358.8
45.1933,-240.9
45.1967,-152.4
45.2,-386.4
45.2033,-229.5
45.2067,-153
45.21,-312.3
45.2133,-463.5
45.2167,-607.8
45.22,-588
45.2233,-703.8
45.2267,-569.7
45.23,-541.8
45.2333,-461.7
45.2367,-533.4
45.24,-506.4
45.2433,-384.9
45.2467,-550.8
45.25,-360.3
45.2533,-507.9
45.2567,-597.3
45.26,-606.9
45.2633,-544.8
45.2667,-426.3
45.27,-452.7
45.2733,-437.7
45.2767,-392.7
45.28,-573.3
45.2833,-437.4
45.2867,-717.6
45.29,-789.6
45.2933,-824.4
45.2967,-643.8
45.3,-594
45.3033,-666.9
45.3067,-773.4
45.31,-624.9
45.3133,-671.1
45.3167,-640.8
45.32,-581.4
45.3233,-723.3
45.3267,-629.1
45.33,-747
45.3333,-791.4
45.3367,-686.7
45.34,-672.9
45.3433,-507
45.3467,-820.2
45.35,-737.1
45.3533,-780.6
45.3567,-719.1
45.36,-719.4
45.3633,-737.4
45.3667,-742.2
45.37,-660.6
45.3733,-593.4
45.3767,-733.5
45.38,-772.5
45.3833,-855.9
45.3867,-784.5
45.39,-702
45.3933,-762
45.3967,-786.9
45.4,-737.1
45.4033,-774.3
45.4067,-768.3
45.41,-666
45.4133,-696.3
45.4167,-798.6
45.42,-743.7
45.4233,-749.4
45.4267,-765.3
45.43,-747
45.4333,-693.9
45.4367,-756.9
45.44,-806.7
45.4433,-766.5
45.4467,-693.9
45.45,-636.9
45.4533,-627
45.4567,-841.8
45.46,-755.1
45.4633,-769.5
45.4667,-612.3
45.47,-833.4
45.4733,-811.2
45.4767,-831.6
45.48,-734.4
45.4833,-759.6
45.4867,-667.2
45.49,-782.7
45.4933,-758.4
45.4967,-797.4
45.5,-770.4
45.5033,-754.8
45.5067,-763.5
45.51,-759.3
45.5133,-762.3
45.5167,-752.7
45.52,-746.1
45.5233,-750.6
45.5267,-699
45.53,-705.6
45.5333,-658.8
45.5367,-638.1
45.54,-685.5
45.5433,-816.6
45.5467,-723.6
45.55,-890.4
45.5533,-802.2
45.5567,-617.4
45.56,-674.4
45.5633,-838.8
45.5667,-671.7
45.57,-663.9
45.5733,-742.2
45.5767,-888
45.58,-945
45.5833,-677.4
45.5867,-546.9
45.59,-398.4
45.5933,-513.3
45.5967,-1142.1
45.6,-955.5
45.6033,-561.3
45.6067,-68.1
45.61,159.6
45.6133,-818.1
45.6167,-1225.2
45.62,-632.1
45.6233,-756
45.6267,-879
45.63,-956.7
45.6333,-321.6
45.6367,-20.4
45.64,-386.4
45.6433,-1074.9
45.6467,-1093.2
45.65,-984.6
45.6533,-1355.4
45.6567,-954.3
45.66,-418.8
45.6633,-657
45.6667,-489
45.67,-28.2
45.6733,-618.3
45.6767,-1056.9
45.68,-639.3
45.6833,-235.5
45.6867,-72.9
45.69,-27.3
45.6933,-1258.8
45.6967,-1493.7
45.7,-848.1
45.7033,-343.5
45.7067,-163.2
45.71,-144
45.7133,-4.8
45.7167,-1104.9
45.72,-813.6
45.7233,-869.4
45.7267,-119.1
45.73,276.6
45.7333,-338.1
45.7367,-571.8
45.74,-497.7
45.7433,307.2
45.7467,-1134.9
45.75,-83.4
45.7533,-370.5
45.7567,-1109.7
45.76,-653.1
45.7633,-92.4
45.7667,-445.5
45.77,1110
45.7733,-255.9
45.7767,-293.1
45.78,-1335.3
45.7833,-536.7
45.7867,208.5
45.79,354.6
45.7933,-1101.3
45.7967,-998.7
45.8,-332.7
45.8033,-260.4
45.8067,9
45.81,755.1
45.8133,533.1
45.8167,-1166.4
45.82,-1719.3
45.8233,-392.1
45.8267,-26.7
45.83,361.5
45.8333,627.6
45.8367,-651.9
45.84,-593.1
45.8433,-1032.9
45.8467,-799.8
45.85,-622.2
45.8533,-74.4
45.8567,12.3
45.86,1281.6
45.8633,-815.4
45.8667,-1101.9
45.87,-208.8
45.8733,-1309.8
45.8767,217.2
45.88,52.5
45.8833,1362.6
45.8867,-1649.7
45.89,-552.6
45.8933,360.9
45.8967,81.9
45.9,-1202.4
45.9033,-153.6
45.9067,6.9
45.91,57
45.9133,-118.5
45.9167,-1306.8
45.92,-874.2
45.9233,-306.3
45.9267,-485.4
45.93,-206.4
45.9333,-59.4
45.9367,1451.7
45.94,524.1
45.9433,-791.4
45.9467,-1902.3
45.95,-389.1
45.9533,1007.1
45.9567,-669
45.96,-1162.8
45.9633,-545.1
45.9667,-633.9
45.97,-150.3
45.9733,-594.3
45.9767,800.7
45.98,101.4
45.9833,-1331.4
45.9867,-342.6
45.99,-465.3
45.9933,-642.3
45.9967,-406.8
46,-454.8
46.0033,-347.1
46.0067,-376.8
46.01,-188.1
46.0133,-257.4
46.0167,-608.1
46.02,-441.6
46.0233,-522.9
46.0267,-380.7
46.03,-56.7
46.0333,-265.8
46.0367,-386.4
46.04,-139.2
46.0433,-444.3
46.0467,-729.9
46.05,-483
46.0533,-446.1
46.0567,-427.5
46.06,-407.7
46.0633,-225.6
46.0667,-218.4
46.07,-69
46.0733,-108.9
46.0767,88.5
46.08,-618
46.0833,-842.7
46.0867,236.4
46.09,-343.5
46.0933,-426.9
46.0967,-404.1
46.1,-365.1
46.1033,-487.8
46.1067,-241.2
46.11,123
46.1133,54.9
46.1167,-941.7
46.12,-761.7
46.1233,-766.2
46.1267,-469.2
46.13,-653.1
46.1333,-404.4
46.1367,-407.4
46.14,37.5
46.1433,-725.1
46.1467,-658.5
46.15,-708.9
46.1533,-502.2
46.1567,-658.5
46.16,-501.6
46.1633,-599.4
46.1667,-171
46.17,-357.9
46.1733,-575.1
46.1767,-834.9
46.18,-567.3
46.1833,-806.1
46.1867,-806.1
46.19,-699.9
46.1933,-765.9
46.1967,-571.5
46.2,-783.9
46.2033,-776.7
46.2067,-775.5
46.21,-592.5
46.2133,-791.1
46.2167,-753.9
46.22,-666.9
46.2233,-812.7
46.2267,-754.8
46.23,-600.9
46.2333,-692.4
46.2367,-732
46.24,-806.1
46.2433,-804.6
46.2467,-887.7
46.25,-627.9
46.2533,-764.4
46.2567,-836.7
46.26,-732
46.2633,-762.3
46.2667,-837
46.27,-805.8
46.2733,-806.4
46.2767,-827.7
46.28,-813.3
46.2833,-729.3
46.2867,-745.8
46.29,-754.2
46.2933,-818.7
46.2967,-832.8
46.3,-803.7
46.3033,-788.7
46.3067,-731.7
46.31,-793.5
46.3133,-838.8
46.3167,-691.2
46.32,-767.4
46.3233,-831
46.3267,-765.3
46.33,-761.7
46.3333,-803.7
46.3367,-835.5
46.34,-845.1
46.3433,-792.9
46.3467,-821.1
46.35,-812.1
46.3533,-761.7
46.3567,-800.7
46.36,-807.9
46.3633,-808.8
46.3667,-811.5
46.37,-777.9
46.3733,-826.5
46.3767,-813
46.38,-788.4
46.3833,-799.8
46.3867,-762.6
46.39,-759.6
46.3933,-781.8
46.3967,-812.4
46.4,-834.6
46.4033,-824.1
46.4067,-812.4
46.41,-822.3
46.4133,-801
46.4167,-762.3
46.42,-829.8
46.4233,-820.8
46.4267,-838.8
46.43,-796.8
46.4333,-791.4
46.4367,-811.5
46.44,-825.9
46.4433,-797.4
46.4467,-807
46.45,-812.1
46.4533,-799.8
46.4567,-780.9
46.46,-750.3
46.4633,-737.1
46.4667,-728.1
46.47,-670.5
46.4733,-647.4
46.4767,-787.2
46.48,-800.4
46.4833,-794.4
46.4867,-618
46.49,-542.7
46.4933,-682.8
46.4967,-790.5
46.5,-505.5
46.5033,-589.5
46.5067,-846
46.51,-1022.4
46.5133,-986.7
46.5167,-576
46.52,-611.4
46.5233,-622.2
46.5267,-504.9
46.53,-838.8
46.5333,-1210.5
46.5367,-1016.4
46.54,-678.6
46.5433,-674.1
46.5467,-687
46.55,-1052.7
46.5533,-573.3
46.5567,-794.4
46.56,-911.4
46.5633,-932.1
46.5667,-1216.8
46.57,-692.1
46.5733,-195.9
46.5767,-660
46.58,-635.4
46.5833,-288.3
46.5867,-907.8
46.59,-1149.3
46.5933,-932.1
46.5967,-736.2
46.6,-646.8
46.6033,-381.6
46.6067,-1071
46.61,-770.7
46.6133,-651.3
46.6167,-375.3
46.62,-912.3
46.6233,-648.3
46.6267,-308.1
46.63,-168.9
46.6333,-329.4
46.6367,-994.8
46.64,-708.6
46.6433,-762.6
46.6467,-1020
46.65,69.9
46.6533,749.1
46.6567,-537.9
46.66,-459
46.6633,-459.6
46.6667,-1281.3
46.67,-1275
46.6733,-756.3
46.6767,90.3
46.68,-0.3
46.6833,-455.4
46.6867,-685.8
46.69,162
46.6933,570
46.6967,214.2
46.7,-1762.2
46.7033,-1349.4
46.7067,-864
46.71,-63
46.7133,1277.1
46.7167,961.2
46.72,-1575
46.7233,-1816.2
46.7267,-506.7
46.73,981.3
46.7333,-1447.2
46.7367,-236.7
46.74,24.3
46.7433,155.4
46.7467,-399.6
46.75,921
46.7533,166.2
46.7567,-1505.7
46.76,-1695.6
46.7633,-226.5
46.7667,-313.5
46.77,1568.4
46.7733,-1729.5
46.7767,-910.2
46.78,-800.4
46.7833,100.8
46.7867,-227.4
46.79,1114.8
46.7933,-312.6
46.7967,-1855.2
46.8,404.4
46.8033,1534.2
46.8067,-1724.7
46.81,-292.2
46.8133,666.9
46.8167,-887.4
46.82,-581.1
46.8233,-1213.5
46.8267,-45.3
46.83,576
46.8333,139.8
46.8367,-1357.2
46.84,608.1
46.8433,-486
46.8467,187.8
46.85,-879
46.8533,335.4
46.8567,-1113
46.86,-487.2
46.8633,-1259.1
46.8667,120.9
46.87,-45.6
46.8733,463.5
46.8767,-24.6
46.88,-771
46.8833,259.8
46.8867,-346.5
46.89,-1147.8
46.8933,-771.3
46.8967,-614.1
46.9,-25.2
46.9033,-647.1
46.9067,-227.4
46.91,-63.3
46.9133,-387.3
46.9167,-480.3
46.92,-728.1
46.9233,-366.9
46.9267,-516.3
46.93,-381.6
46.9333,92.4
46.9367,-422.7
46.94,-240
46.9433,-675.6
46.9467,-270.6
46.95,-586.8
46.9533,-441.6
46.9567,-503.7
46.96,-447
46.9633,-331.2
46.9667,-462.9
46.97,-301.8
46.9733,-444.9
46.9767,-523.2
46.98,-460.8
46.9833,-435.9
46.9867,-405
46.99,-101.7
46.9933,-184.5
46.9967,-561.3
47,-154.5
47.0033,-297.6
47.0067,-281.7
47.01,-237
47.0133,-200.1
47.0167,-539.7
47.02,-348
47.0233,-609.9
47.0267,-749.4
47.03,-711.9
47.0333,-467.7
47.0367,-490.8
47.04,-580.5
47.0433,-448.8
47.0467,-340.5
47.05,-603.9
47.0533,-437.1
47.0567,-515.1
47.06,-510.3
47.0633,-546
47.0667,-318
47.07,-287.7
47.0733,-390.3
47.0767,-756.9
47.08,-670.8
47.0833,-643.5
47.0867,-552.9
47.09,-492.9
47.0933,-519
47.0967,-490.8
47.1,-297.9
47.1033,-128.7
47.1067,-628.2
47.11,-1018.2
47.1133,-786.3
47.1167,-670.8
47.12,-939.3
47.1233,-880.2
47.1267,-683.4
47.13,-906.6
47.1333,-884.7
47.1367,-791.7
47.14,-903.3
47.1433,-722.7
47.1467,-704.1
47.15,-863.4
47.1533,-684.6
47.1567,-997.5
47.16,-842.4
47.1633,-962.1
47.1667,-794.1
47.17,-942.3
47.1733,-909.3
47.1767,-888.6
47.18,-760.2
47.1833,-863.4
47.1867,-924.9
47.19,-845.7
47.1933,-821.7
47.1967,-994.5
47.2,-987
47.2033,-896.4
47.2067,-925.5
47.21,-807.6
47.2133,-784.2
47.2167,-932.1
47.22,-894.6
47.2233,-884.7
47.2267,-925.8
47.23,-879.3
47.2333,-818.4
47.2367,-913.8
47.24,-889.5
47.2433,-843.6
47.2467,-937.2
47.25,-818.7
47.2533,-914.4
47.2567,-900.9
47.26,-869.4
47.2633,-897.6
47.2667,-894.6
47.27,-864
47.2733,-924.3
47.2767,-856.2
47.28,-672
47.2833,-769.8
47.2867,-992.1
47.29,-953.4
47.2933,-916.5
47.2967,-842.7
47.3,-964.2
47.3033,-742.2
47.3067,-812.7
47.31,-919.5
47.3133,-915.6
47.3167,-924
47.32,-844.2
47.3233,-861.9
47.3267,-880.5
47.33,-900.9
47.3333,-878.4
47.3367,-894.6
47.34,-862.5
47.3433,-814.8
47.3467,-860.1
47.35,-815.4
47.3533,-872.4
47.3567,-870.3
47.36,-855
47.3633,-847.8
47.3667,-844.5
47.37,-829.2
47.3733,-825.3
47.3767,-936.3
47.38,-900.6
47.3833,-751.8
47.3867,-651
47.39,-883.2
47.3933,-896.4
47.3967,-1004.1
47.4,-796.2
47.4033,-678.3
47.4067,-904.2
47.41,-1132.2
47.4133,-863.4
47.4167,-906.3
47.42,-838.8
47.4233,-738.9
47.4267,-623.1
47.43,-658.8
47.4333,-572.4
47.4367,-696
47.44,-705.9
47.4433,-828.6
47.4467,-924.6
47.45,-809.4
47.4533,-672.3
47.4567,-970.5
47.46,-842.7
47.4633,-427.8
47.4667,-351.3
47.47,-834.3
47.4733,-1427.4
47.4767,-1422
47.48,-1034.1
47.4833,-598.2
47.4867,-581.4
47.49,-1120.5
47.4933,-1307.7
47.4967,-922.5
47.5,-914.7
47.5033,-633.9
47.5067,-547.8
47.51,-807.6
47.5133,-612.3
47.5167,-706.8
47.52,-524.1
47.5233,-236.4
47.5267,-1178.1
47.53,-1227.9
47.5333,-821.7
47.5367,-506.7
47.54,-808.2
47.5433,-809.1
47.5467,-237.3
47.55,-645
47.5533,-903.3
47.5567,-888.3
47.56,-1148.1
47.5633,-599.7
47.5667,-862.5
47.57,-422.7
47.5733,18.3
47.5767,-380.4
47.58,-612.6
47.5833,-936
47.5867,-767.4
47.59,-565.5
47.5933,-262.5
47.5967,-969
47.6,-340.5
47.6033,-211.2
47.6067,83.1
47.61,646.2
47.6133,-607.8
47.6167,-1125
47.62,-883.5
47.6233,-911.4
47.6267,-48.6
47.63,171.3
47.6333,-794.4
47.6367,-855
47.64,-610.2
47.6433,-254.4
47.6467,1051.8
47.65,-886.8
47.6533,-457.2
47.6567,406.2
47.66,-1745.7
47.6633,-718.5
47.6667,-270.9
47.67,-1037.1
47.6733,33.6
47.6767,-487.5
47.68,-78
47.6833,-399.6
47.6867,227.4
47.69,-722.7
47.6933,-1550.7
47.6967,-798
47.7,275.7
47.7033,1464.3
47.7067,-574.5
47.71,-1680.6
47.7133,-23.7
47.7167,-1008
47.72,-534
47.7233,297
47.7267,57.3
47.73,-414.9
47.7333,-1021.8
47.7367,-320.7
47.74,613.5
47.7433,-377.4
47.7467,-38.1
47.75,-481.5
47.7533,-913.5
47.7567,-911.7
47.76,561.9
47.7633,-163.8
47.7667,242.7
47.77,-1213.2
47.7733,56.4
47.7767,-1141.8
47.78,-805.5
47.7833,915
47.7867,-1074.3
47.79,-738.9
47.7933,-117
47.7967,1069.2
47.8,-812.1
47.8033,-946.8
47.8067,-533.1
47.81,-307.8
47.8133,-610.5
47.8167,-304.2
47.82,797.1
47.8233,-979.8
47.8267,-789.3
47.83,-372.6
47.8333,9.6
47.8367,20.7
47.84,-433.8
47.8433,-573.9
47.8467,-231.6
47.85,-412.5
47.8533,-949.8
47.8567,-58.5
47.86,-463.2
47.8633,-953.4
47.8667,-594.6
47.87,-540.6
47.8733,-127.5
47.8767,-238.5
47.88,-595.2
47.8833,-116.7
47.8867,-654.6
47.89,-204
47.8933,35.7
47.8967,-109.2
47.9,-933
47.9033,-516
47.9067,-430.2
47.91,-592.8
47.9133,-494.7
47.9167,-617.7
47.92,-612.3
47.9233,-333
47.9267,-275.1
47.93,-240.3
47.9333,-374.4
47.9367,-755.7
47.94,-554.7
47.9433,-410.1
47.9467,-192.6
47.95,-20.7
47.9533,-426.3
47.9567,-382.2
47.96,-573.9
47.9633,-603.9
47.9667,-145.8
47.97,-144
47.9733,-197.4
47.9767,-753.6
47.98,-714.6
47.9833,-822.6
47.9867,-713.7
47.99,-428.4
47.9933,-438.3
47.9967,-649.8
48,-460.5
48.0033,-310.8
48.0067,-776.1
48.01,-424.8
48.0133,-431.1
48.0167,-683.1
48.02,-342.3
48.0233,-460.5
48.0267,-1023.6
48.03,-282
48.0333,-661.2
48.0367,-878.7
48.04,-833.1
48.0433,-590.1
48.0467,-226.8
48.05,-589.5
48.0533,-1196.7
48.0567,-1057.2
48.06,-1019.4
48.0633,-760.5
48.0667,-895.8
48.07,-851.1
48.0733,-870.9
48.0767,-848.1
48.08,-584.7
48.0833,-790.2
48.0867,-972.6
48.09,-941.4
48.0933,-783
48.0967,-915.6
48.1,-1023.3
48.1033,-969.6
48.1067,-829.8
48.11,-900
48.1133,-852
48.1167,-816.6
48.12,-1011.3
48.1233,-1020
48.1267,-777.9
48.13,-872.4
48.1333,-870
48.1367,-993.9
48.14,-947.1
48.1433,-903
48.1467,-929.1
48.15,-767.7
48.1533,-838.5
48.1567,-876.9
48.16,-885.9
48.1633,-788.1
48.1667,-874.2
48.17,-786
48.1733,-1037.1
48.1767,-877.2
48.18,-959.4
48.1833,-869.1
48.1867,-764.7
48.19,-729.9
48.1933,-976.2
48.1967,-976.5
48.2,-906.6
48.2033,-898.8
48.2067,-897.3
48.21,-874.8
48.2133,-882.3
48.2167,-869.4
48.22,-855
48.2233,-902.4
48.2267,-826.8
48.23,-758.7
48.2333,-848.1
48.2367,-879.9
48.24,-861.9
48.2433,-896.1
48.2467,-873.3
48.25,-911.4
48.2533,-866.7
48.2567,-811.8
48.26,-827.1
48.2633,-1006.8
48.2667,-912.6
48.27,-860.4
48.2733,-889.8
48.2767,-878.7
48.28,-838.5
48.2833,-966.9
48.2867,-812.4
48.29,-904.5
48.2933,-905.1
48.2967,-852.9
48.3,-834
48.3033,-912
48.3067,-895.2
48.31,-897.6
48.3133,-894.9
48.3167,-832.8
48.32,-879.9
48.3233,-882.9
48.3267,-900.3
48.33,-866.7
48.3333,-839.4
48.3367,-832.8
48.34,-873.3
48.3433,-780.9
48.3467,-774.9
48.35,-797.4
48.3533,-760.5
48.3567,-777.9
48.36,-852.6
48.3633,-904.2
48.3667,-1018.8
48.37,-832.8
48.3733,-673.2
48.3767,-760.5
48.38,-855.9
48.3833,-1053
48.3867,-811.2
48.39,-736.2
48.3933,-877.2
48.3967,-746.4
48.4,-974.7
48.4033,-855.9
48.4067,-725.7
48.41,-780.6
48.4133,-840.3
48.4167,-905.7
48.42,-1186.8
48.4233,-1188.3
48.4267,-837.9
48.43,-569.7
48.4333,-540.3
48.4367,-375.3
48.44,-894.3
48.4433,-1230.3
48.4467,-767.4
48.45,-1066.2
48.4533,-832.2
48.4567,-1096.2
48.46,-1055.7
48.4633,-728.1
48.4667,-769.5
48.47,-903
48.4733,-663
48.4767,-1081.8
48.48,-609.3
48.4833,-914.1
48.4867,-735.3
48.49,-960.6
48.4933,-514.8
48.4967,-222.3
48.5,-436.8
48.5033,-601.8
48.5067,-652.5
48.51,-1287.9
48.5133,-1350.6
48.5167,-732.6
48.52,-390.9
48.5233,18
48.5267,-922.8
48.53,-885.6
48.5333,-1168.2
48.5367,-877.2
48.54,-638.1
48.5433,-829.2
48.5467,-414
48.55,360.9
48.5533,-271.5
48.5567,-1105.2
48.56,-920.4
48.5633,-727.2
48.5667,-742.8
48.57,-18
48.5733,528.3
48.5767,121.8
48.58,-666.6
48.5833,-1211.1
48.5867,-1370.1
48.59,-736.8
48.5933,-262.8
48.5967,-76.5
48.6,-136.5
48.6033,738.6
48.6067,-547.5
48.61,-948.6
48.6133,-1171.2
48.6167,-1167.6
48.62,-740.7
48.6233,819.6
48.6267,620.4
48.63,-1670.4
48.6333,-1075.5
48.6367,-157.2
48.64,-174.9
48.6433,-704.4
48.6467,-777.3
48.65,-743.1
48.6533,451.8
48.6567,873.3
48.66,-843.9
48.6633,-106.2
48.6667,-473.7
48.67,-768.6
48.6733,-1237.2
48.6767,451.2
48.68,-201.3
48.6833,-226.8
48.6867,-563.1
48.69,-720.9
48.6933,-780
48.6967,-879.3
48.7,437.1
48.7033,-1012.2
48.7067,-217.8
48.71,26.1
48.7133,-1112.4
48.7167,1137
48.72,-209.7
48.7233,-1367.7
48.7267,-733.5
48.73,305.7
48.7333,-681
48.7367,1625.1
48.74,-1452.6
48.7433,-1356.9
48.7467,-497.1
48.75,-90.3
48.7533,286.8
48.7567,-1149.3
48.76,-642.9
48.7633,-874.2
48.7667,-675.9
48.77,-738.9
48.7733,-331.2
48.7767,-500.4
48.78,-578.7
48.7833,-476.4
48.7867,-435.6
48.79,-363.9
48.7933,-615.6
48.7967,-380.1
48.8,-634.5
48.8033,-435.9
48.8067,-516.6
48.81,-479.1
48.8133,-340.2
48.8167,-103.8
48.82,-252.9
48.8233,-456.3
48.8267,-750.6
48.83,-697.8
48.8333,-463.5
48.8367,-591.9
48.84,-571.8
48.8433,-636.9
48.8467,-392.4
48.85,-452.4
48.8533,-405
48.8567,-432.3
48.86,-317.7
48.8633,-326.1
48.8667,-366.6
48.87,-510.9
48.8733,-577.5
48.8767,-657.3
48.88,-223.5
48.8833,-281.4
48.8867,-138.6
48.89,-806.1
48.8933,-711.3
48.8967,-386.1
48.9,-381.6
48.9033,-285.3
48.9067,-653.4
48.91,-682.8
48.9133,-692.7
48.9167,-547.2
48.92,-270.9
48.9233,-238.8
48.9267,-724.8
48.93,-712.2
48.9333,-676.5
48.9367,-651.9
48.94,-499.2
48.9433,-932.4
48.9467,-808.5
48.95,-680.4
48.9533,-609.3
48.9567,-720
48.96,-871.8
48.9633,-630.6
48.9667,-658.2
48.97,-709.8
48.9733,-838.5
48.9767,-817.5
48.98,-403.2
48.9833,-604.2
48.9867,-1149.6
48.99,-908.4
48.9933,-923.4
48.9967,-940.8
49,-948
49.0033,-817.2
49.0067,-918
49.01,-865.8
49.0133,-753.9
49.0167,-903.9
49.02,-843.3
49.0233,-780.6
49.0267,-890.4
49.03,-863.1
49.0333,-903
49.0367,-933.9
49.04,-882.6
49.0433,-565.8
49.0467,-821.1
49.05,-1043.7
49.0533,-1013.1
49.0567,-899.4
49.06,-908.4
49.0633,-864.9
49.0667,-864.6
49.07,-908.4
49.0733,-864
49.0767,-863.1
49.08,-815.7
49.0833,-786.3
49.0867,-737.7
49.09,-999.6
49.0933,-913.8
49.0967,-978.6
49.1,-810.9
49.1033,-898.5
49.1067,-879
49.11,-714.6
49.1133,-781.8
49.1167,-946.5
49.12,-789.3
49.1233,-985.2
49.1267,-939.6
49.13,-906.6
49.1333,-884.7
49.1367,-881.1
49.14,-896.4
49.1433,-891.3
49.1467,-901.8
49.15,-887.7
49.1533,-801.6
49.1567,-822
49.16,-926.4
49.1633,-910.5
49.1667,-904.5
49.17,-908.7
49.1733,-840.9
49.1767,-918.6
49.18,-889.8
49.1833,-798.9
49.1867,-759.3
49.19,-951.3
49.1933,-912.6
49.1967,-893.1
49.2,-877.2
49.2033,-832.8
49.2067,-890.7
49.21,-973.8
49.2133,-875.1
49.2167,-807
49.22,-971.7
49.2233,-877.2
49.2267,-844.2
49.23,-763.8
49.2333,-792
49.2367,-888
49.24,-846.3
49.2433,-824.7
49.2467,-583.2
49.25,-608.7
49.2533,-873.9
49.2567,-903
49.26,-1241.1
49.2633,-1086
49.2667,-839.7
49.27,-489.6
49.2733,-402
49.2767,-742.5
49.28,-1212.6
49.2833,-1134
49.2867,-880.8
49.29,-720.6
49.2933,-702
49.2967,-940.8
49.3,-428.7
49.3033,-14.1
49.3067,-715.8
49.31,-1429.5
49.3133,-1389.3
49.3167,-1111.5
49.32,-930.6
49.3233,-785.7
49.3267,-640.2
49.33,-770.1
49.3333,-1156.8
49.3367,-984
49.34,-1068.3
49.3433,-965.7
49.3467,-1062.3
49.35,-885.6
49.3533,-723.6
49.3567,-747.6
49.36,-963.9
49.3633,-1040.4
49.3667,-687.9
49.37,-469.2
49.3733,-716.1
49.3767,-461.7
49.38,-730.5
49.3833,-1179.3
49.3867,-1131.6
49.39,-981.9
49.3933,-794.1
49.3967,-805.5
49.4,-788.7
49.4033,-760.8
49.4067,-889.8
49.41,-857.4
49.4133,-768.6
49.4167,-603.9
49.42,-463.8
49.4233,-679.5
49.4267,-891.3
49.43,-702.6
49.4333,-513
49.4367,-665.7
49.44,-215.4
49.4433,-216.6
49.4467,-358.8
49.45,-997.2
49.4533,-1063.5
49.4567,-545.4
49.46,912.6
49.4633,73.2
49.4667,-1011
49.47,-1090.8
49.4733,-1232.7
49.4767,-928.8
49.48,-246
49.4833,524.1
49.4867,306.6
49.49,-1002
49.4933,-1092
49.4967,-7.5
49.5,-1271.1
49.5033,-952.8
49.5067,-631.2
49.51,259.5
49.5133,-617.4
49.5167,-392.7
49.52,314.7
49.5233,-613.8
49.5267,-442.2
49.53,-1375.2
49.5333,-346.2
49.5367,101.4
49.54,471.6
49.5433,-1325.4
49.5467,-850.8
49.55,-729
49.5533,-700.2
49.5567,420.9
49.56,-820.8
49.5633,-339
49.5667,-892.2
49.57,501.9
49.5733,130.8
49.5767,-469.8
49.58,-621.3
49.5833,-1092.3
49.5867,-997.8
49.59,-624.9
49.5933,287.7
49.5967,100.2
49.6,-831.6
49.6033,-444.6
49.6067,324.9
49.61,186.6
49.6133,-765
49.6167,-393.6
49.62,-920.1
49.6233,-917.4
49.6267,-694.5
49.63,-724.5
49.6333,450.9
49.6367,183
49.64,73.2
49.6433,-1460.7
49.6467,62.4
49.65,-426.6
49.6533,-352.2
49.6567,-891.9
49.66,678
49.6633,-627
49.6667,-819.3
49.67,-1261.2
49.6733,-531.6
49.6767,-509.7
49.68,-763.8
49.6833,-363.6
49.6867,-299.1
49.69,-539.4
49.6933,-845.4
49.6967,-333
49.7,-526.8
49.7033,-629.7
49.7067,-355.5
49.71,-613.2
49.7133,-579
49.7167,-496.5
49.72,-444.9
49.7233,-698.1
49.7267,-347.4
49.73,-347.4
49.7333,-632.4
49.7367,-433.2
49.74,-721.8
49.7433,-758.7
49.7467,-505.5
49.75,-638.4
49.7533,-567.3
49.7567,-604.2
49.76,-503.1
49.7633,-558
49.7667,-360.3
49.77,-247.2
49.7733,-315.6
49.7767,-327.3
49.78,-342.9
49.7833,-299.7
49.7867,-590.4
49.79,-436.2
49.7933,-634.8
49.7967,-598.2
49.8,-480.3
49.8033,-415.5
49.8067,-597.6
49.81,-605.1
49.8133,-735.3
49.8167,-684.9
49.82,-584.4
49.8233,-469.2
49.8267,-369.6
49.83,-670.5
49.8333,-610.2
49.8367,-457.2
49.84,-412.8
49.8433,-545.4
49.8467,-261
49.85,-202.8
49.8533,-730.2
49.8567,-837.3
49.86,-957
49.8633,-956.1
49.8667,-784.8
49.87,-720.9
49.8733,-748.5
49.8767,-733.8
49.88,-775.5
49.8833,-792.3
49.8867,-937.5
49.89,-791.7
49.8933,-926.1
49.8967,-853.2
49.9,-1021.5
49.9033,-820.5
49.9067,-903.3
49.91,-945.3
49.9133,-1026.9
49.9167,-1017.9
49.92,-883.2
49.9233,-651.6
49.9267,-1076.7
49.93,-1005.9
49.9333,-882.3
49.9367,-922.2
49.94,-993.9
49.9433,-962.7
49.9467,-1022.4
49.95,-980.4
49.9533,-1071.9
49.9567,-1007.7
49.96,-897.6
49.9633,-958.2
49.9667,-999.6
49.97,-861
49.9733,-946.2
49.9767,-1008
49.98,-994.2
49.9833,-881.1
49.9867,-848.1
49.99,-998.7
49.9933,-927
49.9967,-855.9
50,-991.2
50.0033,-1016.1
50.0067,-985.5
50.01,-1001.1
50.0133,-973.5
50.0167,-933.9
50.02,-964.5
50.0233,-946.8
50.0267,-935.4
50.03,-946.8
50.0333,-960
50.0367,-944.4
50.04,-854.7
50.0433,-919.2
50.0467,-1000.8
50.05,-952.8
50.0533,-945
50.0567,-920.1
50.06,-954.3
50.0633,-953.7
50.0667,-872.7
50.07,-926.4
50.0733,-867.6
50.0767,-918.6
50.08,-1064.1
50.0833,-1004.4
50.0867,-912.3
50.09,-920.4
50.0933,-990.9
50.0967,-883.5
50.1,-982.5
50.1033,-888.9
50.1067,-922.5
50.11,-903.9
50.1133,-874.5
50.1167,-952.5
50.12,-1063.2
50.1233,-984.6
50.1267,-875.1
50.13,-870.6
50.1333,-894.9
50.1367,-859.8
50.14,-708.3
50.1433,-576.6
50.1467,-793.8
50.15,-1310.1
50.1533,-1183.8
50.1567,-1062
50.16,-742.8
50.1633,-697.8
50.1667,-742.5
50.17,-563.7
50.1733,-203.1
50.1767,-386.4
50.18,-807.6
50.1833,-1530.6
50.1867,-1588.8
50.19,-1116.9
50.1933,-918.9
50.1967,-265.8
50.2,105.3
50.2033,-617.1
50.2067,-1687.2
50.21,-1802.1
50.2133,-1459.8
50.2167,-1335.3
50.22,-1071.3
50.2233,-794.4
50.2267,-975.9
50.23,-1016.4
50.2333,-747.3
50.2367,-1060.8
50.24,-833.4
50.2433,-493.8
50.2467,-653.1
50.25,-759.6
50.2533,-604.2
50.2567,-1009.5
50.26,-1092.3
50.2633,-973.8
50.2667,-601.5
50.27,-709.2
50.2733,-441.6
50.2767,-191.1
50.28,-501
50.2833,-1253.1
50.2867,-1273.2
50.29,-873
50.2933,-813.3
50.2967,-1150.2
50.3,-742.5
50.3033,-663.9
50.3067,-691.2
50.31,-514.8
50.3133,-461.1
50.3167,-1080
50.32,-650.1
50.3233,-456.3
50.3267,-313.5
50.33,533.4
50.3333,43.2
50.3367,-980.7
50.34,-456.3
50.3433,-469.8
50.3467,137.4
50.35,-1255.8
50.3533,-581.7
50.3567,-1214.4
50.36,993.3
50.3633,-177
50.3667,-880.8
50.37,-1247.7
50.3733,1540.8
50.3767,116.4
50.38,-1946.4
50.3833,-1210.8
50.3867,-524.1
50.39,-552
50.3933,117.9
50.3967,-415.8
50.4,-432.9
50.4033,-1200.9
50.4067,-579.9
50.41,99.9
50.4133,1271.1
50.4167,-2140.5
50.42,-355.5
50.4233,-98.1
50.4267,123.6
50.43,-512.1
50.4333,-393.9
50.4367,-208.8
50.44,-171.6
50.4433,-1242
50.4467,-467.4
50.45,198.9
50.4533,972.6
50.4567,-601.5
50.46,-1444.2
50.4633,-882.6
50.4667,-93.6
50.47,-398.4
50.4733,-691.5
50.4767,438
50.48,253.2
50.4833,-439.2
50.4867,-379.2
50.49,-472.8
50.4933,-255.3
50.4967,-600
50.5,-969
50.5033,-1191.9
50.5067,-329.1
50.51,-284.1
50.5133,-356.7
50.5167,360.6
50.52,-63
50.5233,-802.8
50.5267,-986.4
50.53,5.1
50.5333,369.9
50.5367,-1567.2
50.54,-284.7
50.5433,-80.7
50.5467,-239.1
50.55,-658.5
50.5533,-753.9
50.5567,-330
50.56,-471.9
50.5633,-704.1
50.5667,-643.5
50.57,-410.4
50.5733,-302.1
50.5767,-483.3
50.58,-425.4
50.5833,-363.3
50.5867,-496.8
50.59,-634.8
50.5933,-555.3
50.5967,-509.7
50.6,-468.9
50.6033,-530.4
50.6067,-477
50.61,-454.5
50.6133,-524.1
50.6167,-509.7
50.62,-525.6
50.6233,-505.2
50.6267,-494.1
50.63,-370.2
50.6333,-324.9
50.6367,-359.4
50.64,-707.4
50.6433,-516.9
50.6467,-414.6
50.65,-677.4
50.6533,-484.5
50.6567,-335.7
50.66,-455.1
50.6633,-598.2
50.6667,-713.7
50.67,-545.7
50.6733,-651.9
50.6767,-655.5
50.68,-559.8
50.6833,-518.7
50.6867,-487.8
50.69,-551.1
50.6933,-695.7
50.6967,-636.3
50.7,-593.1
50.7033,-542.7
50.7067,-514.2
50.71,-522.9
50.7133,-532.2
50.7167,-482.7
50.72,-650.7
50.7233,-692.1
50.7267,-743.7
50.73,-439.5
50.7333,-341.1
50.7367,-762.6
50.74,-920.4
50.7433,-743.1
50.7467,-482.4
50.75,-246
50.7533,-828.6
50.7567,-837
50.76,-776.4
50.7633,-661.2
50.7667,-692.1
50.77,-683.4
50.7733,-687.9
50.7767,-708.3
50.78,-783.3
50.7833,-713.1
50.7867,-714.9
50.79,-725.4
50.7933,-637.2
50.7967,-595.8
50.8,-822.9
50.8033,-709.8
50.8067,-897.6
50.81,-742.5
50.8133,-752.1
50.8167,-637.2
50.82,-765.9
50.8233,-743.4
50.8267,-865.2
50.83,-743.7
50.8333,-780.3
50.8367,-893.1
50.84,-789
50.8433,-812.4
50.8467,-821.1
50.85,-886.8
50.8533,-777.3
50.8567,-870.3
50.86,-948.3
50.8633,-952.2
50.8667,-866.7
50.87,-918.9
50.8733,-822.9
50.8767,-922.5
50.88,-866.7
50.8833,-896.1
50.8867,-851.4
50.89,-949.5
50.8933,-920.1
50.8967,-905.1
50.9,-766.5
50.9033,-886.5
50.9067,-1019.7
50.91,-875.7
50.9133,-865.2
50.9167,-903.3
50.92,-894.3
50.9233,-851.1
50.9267,-928.5
50.93,-1032.6
50.9333,-960.9
50.9367,-907.5
50.94,-918.6
50.9433,-940.8
50.9467,-932.4
50.95,-905.4
50.9533,-918
50.9567,-934.8
50.96,-909.3
50.9633,-974.1
50.9667,-920.4
50.97,-921
50.9733,-877.5
50.9767,-913.2
50.98,-931.5
50.9833,-940.8
50.9867,-907.2
50.99,-852.9
50.9933,-855.3
50.9967,-959.7
51,-934.2
51.0033,-978
51.0067,-948
51.01,-864
51.0133,-880.5
51.0167,-1022.7
51.02,-926.7
51.0233,-889.8
51.0267,-926.4
51.03,-903
51.0333,-914.7
51.0367,-889.2
51.04,-957.3
51.0433,-914.1
51.0467,-954.9
51.05,-844.5
51.0533,-951.3
51.0567,-927.3
51.06,-894.6
51.0633,-956.4
51.0667,-954
51.07,-972.6
51.0733,-936.9
51.0767,-910.5
51.08,-968.1
51.0833,-891
51.0867,-914.7
51.09,-927.3
51.0933,-914.1
51.0967,-931.8
51.1,-934.8
51.1033,-932.7
51.1067,-858
51.11,-978.3
51.1133,-939
51.1167,-899.4
51.12,-877.2
51.1233,-827.4
51.1267,-805.8
51.13,-900.6
51.1333,-909.3
51.1367,-791.7
51.14,-749.7
51.1433,-866.7
51.1467,-1024.8
51.15,-939.6
51.1533,-927
51.1567,-934.5
51.16,-1054.2
51.1633,-898.5
51.1667,-920.1
51.17,-954.3
51.1733,-960.9
51.1767,-884.4
51.18,-1017
51.1833,-804.3
51.1867,-817.5
51.19,-728.1
51.1933,-708.6
51.1967,-802.5
51.2,-1072.5
51.2033,-971.1
51.2067,-905.1
51.21,-719.7
51.2133,-701.7
51.2167,-735
51.22,-853.2
51.2233,-716.1
51.2267,-741
51.23,-1044.9
51.2333,-1158.3
51.2367,-793.5
51.24,-738
51.2433,-694.8
51.2467,-780.9
51.25,-909.6
51.2533,-918.3
51.2567,-869.4
51.26,-804
51.2633,-556.2
51.2667,-393.9
51.27,-877.5
51.2733,-982.2
51.2767,-857.7
51.28,-792.9
51.2833,-927.6
51.2867,-764.4
51.29,-348.6
51.2933,-108.6
51.2967,-521.7
51.3,-1280.1
51.3033,-856.8
51.3067,-657.3
51.31,-491.4
51.3133,-706.2
51.3167,-119.4
51.32,157.5
51.3233,-413.1
51.3267,-1309.5
51.33,-956.4
51.3333,-773.1
51.3367,-776.1
51.34,-555.9
51.3433,88.2
51.3467,-664.2
51.35,-796.8
51.3533,-753.3
51.3567,-218.4
51.36,-733.5
51.3633,-582.3
51.3667,-470.4
51.37,178.8
51.3733,9.9
51.3767,199.2
51.38,496.5
51.3833,-762
51.3867,-1445.4
51.39,-1506
51.3933,-273.6
51.3967,376.2
51.4,-856.8
51.4033,-653.7
51.4067,2290.8
51.41,-647.4
51.4133,-1735.2
51.4167,-1495.5
51.42,-729.6
51.4233,137.7
51.4267,66.6
51.43,-709.2
51.4333,-993.3
51.4367,458.4
51.44,-850.2
51.4433,791.7
51.4467,-390.9
51.45,-1483.2
51.4533,-150.3
51.4567,-593.4
51.46,-286.5
51.4633,-964.8
51.4667,-405.3
51.47,814.8
51.4733,-34.2
51.4767,-216.9
51.48,-1894.5
51.4833,-481.5
51.4867,-487.8
51.49,-244.8
51.4933,-227.4
51.4967,-620.7
51.5,-641.7
51.5033,-599.4
51.5067,-1100.1
51.51,-629.4
51.5133,-680.4
51.5167,-476.1
51.52,-534
51.5233,-330.6
51.5267,-425.4
51.53,-594
51.5333,-357.9
51.5367,-161.4
51.54,-395.4
51.5433,-522.6
51.5467,-400.5
51.55,-710.1
51.5533,-518.1
51.5567,-270.6
51.56,-253.2
51.5633,-634.2
51.5667,-675.9
51.57,-664.5
51.5733,-581.7
51.5767,-539.4
51.58,-549.9
51.5833,-540.6
51.5867,-542.7
51.59,-447.3
51.5933,-549.9
51.5967,-458.1
51.6,-506.1
51.6033,-571.5
51.6067,-488.1
51.61,-553.5
51.6133,-549.9
51.6167,-493.2
51.62,-233.7
51.6233,-86.7
51.6267,-366.3
51.63,-572.7
51.6333,-621.3
51.6367,-610.5
51.64,-689.7
51.6433,-433.2
51.6467,-638.1
51.65,-405
51.6533,-28.5
51.6567,-290.4
51.66,-951.9
51.6633,-592.8
51.6667,-551.1
51.67,-503.7
51.6733,-752.7
51.6767,-838.8
51.68,-576.9
51.6833,-582.9
51.6867,-610.5
51.69,-729.6
51.6933,-564.3
51.6967,-390.6
51.7,-484.8
51.7033,-872.4
51.7067,-502.2
51.71,-541.5
51.7133,-578.1
51.7167,-548.1
51.72,-876.3
51.7233,-736.8
51.7267,-733.8
51.73,-818.7
51.7333,-863.7
51.7367,-761.4
51.74,-742.2
51.7433,-801.3
51.7467,-829.8
51.75,-780.9
51.7533,-805.8
51.7567,-842.1
51.76,-821.7
51.7633,-814.8
51.7667,-791.4
51.77,-802.2
51.7733,-849.6
51.7767,-844.5
51.78,-788.7
51.7833,-816
51.7867,-775.8
51.79,-865.2
51.7933,-787.5
51.7967,-906
51.8,-871.8
51.8033,-845.7
51.8067,-891.6
51.81,-928.2
51.8133,-879
51.8167,-862.8
51.82,-843
51.8233,-857.4
51.8267,-825.9
51.83,-889.8
51.8333,-900.6
51.8367,-865.8
51.84,-767.4
51.8433,-737.7
51.8467,-970.2
51.85,-964.8
51.8533,-932.4
51.8567,-906
51.86,-899.1
51.8633,-874.2
51.8667,-828
51.87,-915.9
51.8733,-914.4
51.8767,-888
51.88,-882.3
51.8833,-855.6
51.8867,-891
51.89,-889.8
51.8933,-901.8
51.8967,-903.6
51.9,-875.4
51.9033,-874.8
51.9067,-837.3
51.91,-835.8
51.9133,-913.2
51.9167,-903.9
51.92,-820.8
51.9233,-769.8
51.9267,-867
51.93,-898.8
51.9333,-954
51.9367,-921.6
51.94,-879.6
51.9433,-824.1
51.9467,-945.3
51.95,-915.3
51.9533,-908.7
51.9567,-912
51.96,-923.7
51.9633,-894.6
51.9667,-907.2
51.97,-904.2
51.9733,-886.5
51.9767,-900.6
51.98,-897.6
51.9833,-868.5
51.9867,-919.5
51.99,-874.2
51.9933,-869.7
51.9967,-920.1
52,-896.7
52.0033,-805.2
52.0067,-951.9
52.01,-877.8
52.0133,-864.6
52.0167,-923.4
52.02,-897
52.0233,-899.4
52.0267,-915.9
52.03,-909.3
52.0333,-891.3
52.0367,-887.4
52.04,-901.8
52.0433,-915.9
52.0467,-904.2
52.05,-893.1
52.0533,-874.8
52.0567,-903
52.06,-895.2
52.0633,-891.6
52.0667,-881.4
52.07,-869.1
52.0733,-900.9
52.0767,-899.1
52.08,-929.7
52.0833,-904.8
52.0867,-868.8
52.09,-880.2
52.0933,-870
52.0967,-852.3
52.1,-923.4
52.1033,-892.8
52.1067,-844.2
52.11,-811.2
52.1133,-882.9
52.1167,-948.9
52.12,-797.1
52.1233,-871.2
52.1267,-892.8
52.13,-776.4
52.1333,-870.9
52.1367,-858.6
52.14,-911.1
52.1433,-1041.6
52.1467,-845.7
52.15,-837.6
52.1533,-809.1
52.1567,-869.1
52.16,-957.6
52.1633,-934.2
52.1667,-896.7
52.17,-868.2
52.1733,-961.5
52.1767,-1009.8
52.18,-867.6
52.1833,-775.8
52.1867,-894.6
52.19,-926.4
52.1933,-735.3
52.1967,-801.6
52.2,-916.2
52.2033,-782.4
52.2067,-754.8
52.21,-811.2
52.2133,-957.9
52.2167,-922.8
52.22,-873.9
52.2233,-589.2
52.2267,-471.6
52.23,-916.5
52.2333,-1008
52.2367,-1016.7
52.24,-1273.8
52.2433,-906
52.2467,-891.6
52.25,-574.5
52.2533,-834
52.2567,-782.7
52.26,-780.9
52.2633,-510
52.2667,-894.9
52.27,-1094.1
52.2733,-1017.3
52.2767,-663
52.28,-554.1
52.2833,-281.7
52.2867,-738.3
52.29,-1104.3
52.2933,-962.1
52.2967,-906.9
52.3,-228
52.3033,-619.8
52.3067,-1150.5
52.31,-1027.5
52.3133,-465.9
52.3167,-444
52.32,-735
52.3233,-312
52.3267,-681.3
52.33,-941.7
52.3333,-597
52.3367,-538.2
52.34,-452.7
52.3433,-341.7
52.3467,-702.3
52.35,-841.2
52.3533,76.2
52.3567,-273.6
52.36,-606.9
52.3633,14.4
52.3667,-180.9
52.37,-1071
52.3733,-501.9
52.3767,-854.1
52.38,-306.3
52.3833,-430.5
52.3867,391.5
52.39,1421.4
52.3933,-9.3
52.3967,-2202
52.4,-970.8
52.4033,-885.6
52.4067,336.6
52.41,-416.4
52.4133,-696
52.4167,-713.7
52.42,152.4
52.4233,767.4
52.4267,327.6
52.43,-612
52.4333,-609
52.4367,273.6
52.44,714.3
52.4433,-631.8
52.4467,-685.8
52.45,631.5
52.4533,-510.9
52.4567,-103.2
52.46,-1519.2
52.4633,-1728.3
52.4667,-767.4
52.47,-345.6
52.4733,566.4
52.4767,425.1
52.48,423.9
52.4833,-1101.6
52.4867,427.2
52.49,-1125.6
52.4933,994.8
52.4967,-249.9
52.5,-1188
52.5033,-1133.1
52.5067,1197
52.51,-56.7
52.5133,-892.5
52.5167,-998.7
52.52,-306.6
52.5233,-285
52.5267,204
52.53,-204
52.5333,524.1
52.5367,-827.1
52.54,-1199.4
52.5433,-639.6
52.5467,-47.7
52.55,-749.1
52.5533,-219.3
52.5567,-7.2
52.56,430.5
52.5633,-330.3
52.5667,-996
52.57,513
52.5733,-204.9
52.5767,847.8
52.58,-1335.9
52.5833,-289.5
52.5867,-1196.7
52.59,-825.6
52.5933,-250.5
52.5967,146.1
52.6,-476.4
52.6033,-783
52.6067,-417.6
52.61,-304.8
52.6133,-534.3
52.6167,-177.9
52.62,-98.7
52.6233,1029
52.6267,628.8
52.63,-2135.7
52.6333,-605.7
52.6367,-534
52.64,-377.4
52.6433,-941.1
52.6467,-489.3
52.65,-4.8
52.6533,-23.4
52.6567,-941.4
52.66,-498
52.6633,-697.8
52.6667,-586.8
52.67,-446.7
52.6733,-314.1
52.6767,-332.7
52.68,-300.3
52.6833,-309.9
52.6867,-394.5
52.69,-350.7
52.6933,-130.5
52.6967,-260.4
52.7,-333.9
52.7033,-421.8
52.7067,-219.9
52.71,-357.3
52.7133,-501.6
52.7167,-746.4
52.72,-754.5
52.7233,-552.9
52.7267,-622.5
52.73,-547.5
52.7333,-599.7
52.7367,-597
52.74,-502.2
52.7433,-491.4
52.7467,-409.5
52.75,-304.2
52.7533,-366
52.7567,-583.2
52.76,-461.7
52.7633,-518.1
52.7667,-402.3
52.77,-266.7
52.7733,-476.1
52.7767,-616.2
52.78,-857.7
52.7833,-643.5
52.7867,-42.6
52.79,-451.8
52.7933,-292.5
52.7967,-405
52.8,-877.8
52.8033,-904.5
52.8067,-859.2
52.81,-798.3
52.8133,-735
52.8167,-603
52.82,-352.8
52.8233,-406.8
52.8267,-907.2
52.83,-855
52.8333,-755.4
52.8367,-670.2
52.84,-645
52.8433,-815.4
52.8467,-722.4
52.85,-666.9
52.8533,-519
52.8567,-775.5
52.86,-579
52.8633,-980.1
52.8667,-955.5
52.87,-990.9
52.8733,-898.2
52.8767,-977.7
52.88,-906.9
52.8833,-858.6
52.8867,-837
52.89,-840
52.8933,-869.7
52.8967,-949.8
52.9,-920.1
52.9033,-922.2
52.9067,-977.7
52.91,-869.7
52.9133,-923.1
52.9167,-1016.4
52.92,-783.6
52.9233,-816.6
52.9267,-874.8
52.93,-1065.6
52.9333,-942.6
52.9367,-954.9
52.94,-953.1
52.9433,-919.5
52.9467,-819.3
52.95,-1046.4
52.9533,-996
52.9567,-902.1
52.96,-924
52.9633,-959.4
52.9667,-894.9
52.97,-954.9
52.9733,-938.4
52.9767,-836.4
52.98,-922.2
52.9833,-867.3
52.9867,-957.9
52.99,-972.9
52.9933,-990
52.9967,-945.3
53,-952.8
53.0033,-955.2
53.0067,-965.7
53.01,-890.7
53.0133,-878.4
53.0167,-917.4
53.02,-894.6
53.0233,-910.2
53.0267,-979.5
53.03,-956.7
53.0333,-960.9
53.0367,-954.6
53.04,-876.9
53.0433,-948
53.0467,-894.6
53.05,-949.8
53.0533,-941.4
53.0567,-938.7
53.06,-924.3
53.0633,-880.8
53.0667,-863.4
53.07,-1042.8
53.0733,-900.3
53.0767,-953.7
53.08,-916.5
53.0833,-987.3
53.0867,-967.2
53.09,-921.3
53.0933,-931.2
53.0967,-885.6
53.1,-940.2
53.1033,-954.6
53.1067,-917.4
53.11,-937.8
53.1133,-965.4
53.1167,-880.5
53.12,-957.6
53.1233,-904.2
53.1267,-871.5
53.13,-873.6
53.1333,-992.4
53.1367,-960.3
53.14,-943.2
53.1433,-882.6
53.1467,-936.6
53.15,-881.4
53.1533,-868.8
53.1567,-866.1
53.16,-924.6
53.1633,-970.5
53.1667,-941.4
53.17,-895.2
53.1733,-878.7
53.1767,-876
53.18,-761.4
53.1833,-807
53.1867,-999
53.19,-1044.9
53.1933,-984.9
53.1967,-869.7
53.2,-872.4
53.2033,-851.1
53.2067,-967.2
53.21,-937.8
53.2133,-1032.3
53.2167,-873.3
53.22,-821.1
53.2233,-1027.8
53.2267,-1099.8
53.23,-1082.4
53.2333,-1008
53.2367,-568.8
53.24,-813.6
53.2433,-1214.7
53.2467,-1069.5
53.25,-710.1
53.2533,-835.8
53.2567,-880.2
53.26,-845.4
53.2633,-1007.4
53.2667,-837.3
53.27,-965.4
53.2733,-1017
53.2767,-825.3
53.28,-868.2
53.2833,-705
53.2867,-765.6
53.29,-534.6
53.2933,-750
53.2967,-778.5
53.3,-752.7
53.3033,-362.7
53.3067,-1305.9
53.31,-1020
53.3133,-1139.4
53.3167,-684.9
53.32,-362.4
53.3233,-1038.3
53.3267,-795.6
53.33,-672.3
53.3333,-810
53.3367,-988.2
53.34,-447.9
53.3433,-707.4
53.3467,2.1
53.35,-781.8
53.3533,-1125.6
53.3567,-340.8
53.36,-605.1
53.3633,-559.8
53.3667,7.2
53.37,-202.2
53.3733,-567
53.3767,-1136.7
53.38,-1044.3
53.3833,-522
53.3867,-58.5
53.39,-430.8
53.3933,-807.3
53.3967,78
53.4,-1589.4
53.4033,-15.3
53.4067,-402
53.41,-772.2
53.4133,-195.6
53.4167,-42.9
53.42,-93.3
53.4233,-698.7
53.4267,629.4
53.43,111.9
53.4333,-901.2
53.4367,-1747.5
53.44,-1197.9
53.4433,-739.8
53.4467,-587.1
53.45,203.1
53.4533,373.8
53.4567,71.4
53.46,-828.6
53.4633,-1253.7
53.4667,-429
53.47,-490.8
53.4733,-2.7
53.4767,243.3
53.48,217.8
53.4833,-518.4
53.4867,-963.9
53.49,-1386
53.4933,-127.8
53.4967,-309.3
53.5,861.9
53.5033,282
53.5067,-1272.6
53.51,1185
53.5133,-410.7
53.5167,-1504.5
53.52,-358.5
53.5233,-1014
53.5267,-803.1
53.53,126
53.5333,17.4
53.5367,-703.2
53.54,620.7
53.5433,61.5
53.5467,-1455
53.55,-318.6
53.5533,-1076.7
53.5567,-561
53.56,-609
53.5633,-758.4
53.5667,-566.4
53.57,-275.7
53.5733,-68.7
53.5767,-136.5
53.58,368.1
53.5833,-1403.4
53.5867,-836.7
53.59,-588.6
53.5933,-351.3
53.5967,-278.7
53.6,-448.5
53.6033,-477
53.6067,-356.7
53.61,-350.7
53.6133,-340.5
53.6167,-524.1
53.62,-599.4
53.6233,-259.5
53.6267,-450.3
53.63,-669
53.6333,-592.2
53.6367,-513.9
53.64,-413.1
53.6433,-466.8
53.6467,-507.6
53.65,-388.8
53.6533,-360.3
53.6567,-419.4
53.66,-297.9
53.6633,-205.2
53.6667,-582.9
53.67,-564.3
53.6733,-390.3
53.6767,-646.8
53.68,-330.3
53.6833,-201
53.6867,-459
53.69,-139.8
53.6933,-586.2
53.6967,-648.3
53.7,-199.8
53.7033,-783.9
53.7067,-457.2
53.71,-451.2
53.7133,-451.8
53.7167,-564.6
53.72,-650.7
53.7233,-174.3
53.7267,-417.6
53.73,-811.2
53.7333,-962.7
53.7367,-569.1
53.74,-736.2
53.7433,-615.6
53.7467,-675
53.75,-581.7
53.7533,-722.4
53.7567,-700.2
53.76,-635.7
53.7633,-419.7
53.7667,-520.5
53.77,-508.5
53.7733,-706.2
53.7767,-613.8
53.78,-918
53.7833,-836.1
53.7867,-767.1
53.79,-777
53.7933,-790.2
53.7967,-630.9
53.8,-1060.8
53.8033,-852.6
53.8067,-869.1
53.81,-926.4
53.8133,-699.6
53.8167,-901.5
53.82,-856.5
53.8233,-928.2
53.8267,-890.1
53.83,-827.1
53.8333,-802.2
53.8367,-993.6
53.84,-945.6
53.8433,-866.4
53.8467,-672
53.85,-939.9
53.8533,-996.3
53.8567,-963.6
53.86,-910.5
53.8633,-1006.8
53.8667,-940.5
53.87,-982.8
53.8733,-944.1
53.8767,-990.3
53.88,-921
53.8833,-924.9
53.8867,-934.2
53.89,-924.6
53.8933,-827.4
53.8967,-919.8
53.9,-935.4
53.9033,-1002.9
53.9067,-951.6
53.91,-971.7
53.9133,-901.2
53.9167,-800.7
53.92,-861.3
53.9233,-1074
53.9267,-952.2
53.93,-848.7
53.9333,-969.9
53.9367,-959.1
53.94,-1003.5
53.9433,-993
53.9467,-993.9
53.95,-953.7
53.9533,-929.7
53.9567,-981.3
53.96,-950.1
53.9633,-956.1
53.9667,-985.5
53.97,-939.9
53.9733,-872.4
53.9767,-972.3
53.98,-1001.1
53.9833,-920.4
53.9867,-980.4
53.99,-924.9
53.9933,-927.3
53.9967,-959.7
54,-930.3
54.0033,-999.9
54.0067,-941.4
54.01,-956.7
54.0133,-957.9
54.0167,-937.2
54.02,-990.3
54.0233,-958.2
54.0267,-983.7
54.03,-944.1
54.0333,-941.7
54.0367,-945.6
54.04,-996.3
54.0433,-973.5
54.0467,-958.8
54.05,-903.9
54.0533,-854.7
54.0567,-722.7
54.06,-818.4
54.0633,-1047.6
54.0667,-1077
54.07,-917.7
54.0733,-861.6
54.0767,-852
54.08,-932.1
54.0833,-1056.6
54.0867,-883.5
54.09,-941.4
54.0933,-964.5
54.0967,-834.9
54.1,-874.5
54.1033,-939.6
54.1067,-1206
54.11,-927.9
54.1133,-827.1
54.1167,-742.8
54.12,-736.2
54.1233,-770.1
54.1267,-979.8
54.13,-1264.2
54.1333,-935.1
54.1367,-514.2
54.14,-231.9
54.1433,-840
54.1467,-1585.2
54.15,-1191.3
54.1533,-1122
54.1567,-1154.1
54.16,-894.6
54.1633,-888
54.1667,-948.9
54.17,-482.7
54.1733,-807.9
54.1767,-967.5
54.18,-853.5
54.1833,-1048.2
54.1867,-1217.4
54.19,-883.2
54.1933,-487.8
54.1967,-721.5
54.2,-1023.3
54.2033,-971.1
54.2067,-830.1
54.21,-784.2
54.2133,-698.7
54.2167,-109.5
54.22,-164.4
54.2233,-1327.5
54.2267,-1326.6
54.23,-754.2
54.2333,-821.7
54.2367,-1051.8
54.24,-850.8
54.2433,-758.4
54.2467,-583.8
54.25,-789.6
54.2533,-738.9
54.2567,-432.6
54.26,-811.8
54.2633,-842.1
54.2667,-871.8
54.27,-744.6
54.2733,-181.8
54.2767,-305.7
54.28,-594.9
54.2833,-62.7
54.2867,-1145.4
54.29,-830.4
54.2933,-706.2
54.2967,-478.2
54.3,69
54.3033,1295.1
54.3067,-1504.2
54.31,-1286.1
54.3133,-797.4
54.3167,15.9
54.32,170.7
54.3233,-192.9
54.3267,-697.2
54.33,-675.3
54.3333,67.8
54.3367,-720
54.34,-312
54.3433,512.4
54.3467,-792.6
54.35,-1034.7
54.3533,-809.4
54.3567,-234.9
54.36,76.5
54.3633,-1219.2
54.3667,-376.2
54.37,-1.8
54.3733,-487.8
54.3767,-137.4
54.38,-211.8
54.3833,-425.1
54.3867,-1134.6
54.39,-32.1
54.3933,-320.7
54.3967,-381
54.4,-251.1
54.4033,-632.7
54.4067,645.9
54.41,-1432.5
54.4133,2027.7
54.4167,37.5
54.42,-331.5
54.4233,-3054
54.4267,145.8
54.43,-296.7
54.4333,-23.1
54.4367,31.5
54.44,231.3
54.4433,-345.6
54.4467,-626.4
54.45,-1306.5
54.4533,376.8
54.4567,-441.3
54.46,-168
54.4633,207.3
54.4667,-586.2
54.47,-327.6
54.4733,-33
54.4767,-135
54.48,-891
54.4833,-1228.8
54.4867,104.4
54.49,2659.8
54.4933,-224.1
54.4967,-2877.6
54.5,396.3
54.5033,-514.8
54.5067,1348.2
54.51,-46.2
54.5133,-933.9
54.5167,-1050.3
54.52,-36.9
54.5233,-735.3
54.5267,-539.7
54.53,851.1
54.5333,1025.7
54.5367,-1283.7
54.54,-1184.4
54.5433,-849.3
54.5467,-357
54.55,-61.5
54.5533,77.7
54.5567,-185.1
54.56,14.1
54.5633,1509
54.5667,-1149.3
54.57,-2069.1
54.5733,-259.8
54.5767,-986.1
54.58,-225.9
54.5833,-483
54.5867,-210.6
54.59,-743.1
54.5933,-159.3
54.5967,-471.9
54.6,-576.6
54.6033,-336.9
54.6067,-277.8
54.61,-701.1
54.6133,-684.6
54.6167,-572.7
54.62,-264
54.6233,-63.3
54.6267,-722.1
54.63,-492.3
54.6333,-218.1
54.6367,-495.9
54.64,-267
54.6433,-209.7
54.6467,-201.6
54.65,-783.9
54.6533,-416.1
54.6567,-690.9
54.66,-720.9
54.6633,-627.6
54.6667,-520.8
54.67,-519
54.6733,-528.3
54.6767,-439.8
54.68,-516.9
54.6833,-547.8
54.6867,-511.2
54.69,143.4
54.6933,-21.6
54.6967,-270
54.7,-444.3
54.7033,-748.2
54.7067,-537.9
54.71,-703.8
54.7133,-468.3
54.7167,-317.4
54.72,-696.6
54.7233,-679.5
54.7267,-562.8
54.73,-555
54.7333,-619.8
54.7367,-695.1
54.74,-486.3
54.7433,-659.1
54.7467,-802.5
54.75,-647.1
54.7533,-713.4
54.7567,-681.9
54.76,-521.4
54.7633,-606.9
54.7667,-393.3
54.77,-699.9
54.7733,-679.8
54.7767,-775.8
54.78,-737.7
54.7833,-667.2
54.7867,-341.1
54.79,-624.6
54.7933,-1035.9
54.7967,-1224.6
54.8,-879.3
54.8033,-906.3
54.8067,-1010.7
54.81,-857.7
54.8133,-1030.5
54.8167,-867.6
54.82,-1032.9
54.8233,-918.3
54.8267,-990.3
54.83,-818.4
54.8333,-994.2
54.8367,-1002
54.84,-990.6
54.8433,-758.4
54.8467,-1015.5
54.85,-1049.7
54.8533,-939.3
54.8567,-981
54.86,-1158.3
54.8633,-975
54.8667,-1067.7
54.87,-981
54.8733,-969.9
54.8767,-912.6
54.88,-1041
54.8833,-1026.9
54.8867,-990.6
54.89,-1058.7
54.8933,-966.9
54.8967,-1031.1
54.9,-1068.9
54.9033,-1046.1
54.9067,-1004.7
54.91,-915.9
54.9133,-988.5
54.9167,-927.6
54.92,-894.3
54.9233,-1029.9
54.9267,-1075.5
54.93,-991.2
54.9333,-937.8
54.9367,-1028.4
54.94,-1060.5
54.9433,-995.4
54.9467,-973.8
54.95,-1051.2
54.9533,-990.6
54.9567,-1000.5
54.96,-998.4
54.9633,-1010.4
54.9667,-1014.6
54.97,-966.6
54.9733,-1052.7
54.9767,-916.8
54.98,-1013.4
54.9833,-986.4
54.9867,-959.1
54.99,-944.7
54.9933,-970.2
54.9967,-1011.6
55,-1068.6
55.0033,-1006.8
55.0067,-1060.2
55.01,-993.3
55.0133,-933
55.0167,-918
55.02,-1100.4
55.0233,-1030.5
55.0267,-980.1
55.03,-986.4
55.0333,-1014.9
55.0367,-1013.7
55.04,-1073.1
55.0433,-1004.1
55.0467,-967.2
55.05,-1031.4
55.0533,-996
55.0567,-971.1
55.06,-1006.5
55.0633,-1031.1
55.0667,-986.7
55.07,-973.8
55.0733,-1026.3
55.0767,-1019.7
55.08,-1023.6
55.0833,-1009.8
55.0867,-985.2
55.09,-1022.1
55.0933,-1024.2
55.0967,-1040.7
55.1,-1013.1
55.1033,-1039.8
55.1067,-1002.6
55.11,-993.3
55.1133,-1005.6
55.1167,-1003.8
55.12,-1006.2
55.1233,-996.3
55.1267,-1020.3
55.13,-1001.4
55.1333,-992.4
55.1367,-946.2
55.14,-996.3
55.1433,-977.7
55.1467,-939
55.15,-978
55.1533,-1008.3
55.1567,-1018.5
55.16,-924.6
55.1633,-930.9
55.1667,-929.1
55.17,-1095.3
55.1733,-1098.9
55.1767,-981
55.18,-879.6
55.1833,-795
55.1867,-1162.8
55.19,-1238.1
55.1933,-1148.7
55.1967,-1086.9
55.2,-1071.3
55.2033,-1074.9
55.2067,-996.9
55.21,-989.7
55.2133,-949.8
55.2167,-986.1
55.22,-982.8
55.2233,-1045.2
55.2267,-1011.6
55.23,-967.8
55.2333,-1033.8
55.2367,-1011.9
55.24,-823.8
55.2433,-832.2
55.2467,-1056.9
55.25,-946.8
55.2533,-836.1
55.2567,-918.6
55.26,-1051.5
55.2633,-1065.6
55.2667,-1206.6
55.27,-1177.8
55.2733,-933
55.2767,-904.2
55.28,-985.8
55.2833,-1052.4
55.2867,-1018.2
55.29,-982.2
55.2933,-903.3
55.2967,-833.1
55.3,-934.5
55.3033,-819.3
55.3067,-744.9
55.31,-808.2
55.3133,-777.3
55.3167,-839.4
55.32,-1078.2
55.3233,-1122
55.3267,-860.1
55.33,-856.2
55.3333,-840.3
55.3367,-861.6
55.34,-750
55.3433,-1034.4
55.3467,-903.3
55.35,-880.2
55.3533,-885.6
55.3567,-819.6
55.36,-509.7
55.3633,-618.9
55.3667,-817.2
55.37,-994.2
55.3733,-689.1
55.3767,-670.5
55.38,-748.2
55.3833,-847.5
55.3867,-612.6
55.39,-399.6
55.3933,-637.2
55.3967,-817.8
55.4,-901.5
55.4033,-607.5
55.4067,153
55.41,-561.9
55.4133,-1203
55.4167,-994.2
55.42,-483
55.4233,-620.7
55.4267,-432.3
55.43,-863.1
55.4333,-861.6
55.4367,-633.6
55.44,336
55.4433,-457.5
55.4467,-870.9
55.45,-1290.9
55.4533,91.8
55.4567,13.8
55.46,-1146
55.4633,-858
55.4667,-432.6
55.47,-126.3
55.4733,-286.8
55.4767,-484.2
55.48,-243.6
55.4833,-1121.7
55.4867,-936.3
55.49,-582.3
55.4933,824.4
55.4967,429.9
55.5,-1444.5
55.5033,-1286.7
55.5067,-775.2
55.51,-113.4
55.5133,233.7
55.5167,177.6
55.52,-271.8
55.5233,-903.3
55.5267,-910.8
55.53,-153.3
55.5333,-1292.1
55.5367,-719.7
55.54,393
55.5433,1223.7
55.5467,522.3
55.55,-763.5
55.5533,-1293
55.5567,-559.5
55.56,-216.6
55.5633,-280.2
55.5667,-435.3
55.57,-573.3
55.5733,558.9
55.5767,818.1
55.58,-923.7
55.5833,-82.8
55.5867,-778.8
55.59,-485.4
55.5933,89.1
55.5967,537.3
55.6,-375.9
55.6033,-696.6
55.6067,-1368.6
55.61,-922.8
55.6133,-623.7
55.6167,272.1
55.62,-482.1
55.6233,1839.9
55.6267,-950.1
55.63,-2092.8
55.6333,-325.8
55.6367,396
55.64,659.1
55.6433,477.3
55.6467,-1028.7
55.65,-787.5
55.6533,-391.5
55.6567,-1163.7
55.66,318.6
55.6633,-535.5
55.6667,400.2
55.67,-1362.9
55.6733,-38.7
55.6767,-1208.7
55.68,642.6
55.6833,315.3
55.6867,609
55.69,-1697.1
55.6933,-669.3
55.6967,-361.2
55.7,169.8
55.7033,-1112.1
55.7067,-830.7
55.71,-334.5
55.7133,-637.2
55.7167,-441
55.72,-287.7
55.7233,-675.9
55.7267,-306.6
55.73,-412.2
55.7333,-148.8
55.7367,-807
55.74,-437.1
55.7433,-413.1
55.7467,-527.7
55.75,-354.6
55.7533,-269.4
55.7567,-623.4
55.76,-385.8
55.7633,-615
55.7667,-690.9
55.77,-615
55.7733,-531.3
55.7767,-618
55.78,-610.5
55.7833,-576
55.7867,-524.7
55.79,-432
55.7933,-431.4
55.7967,-530.4
55.8,-330.3
55.8033,-392.7
55.8067,-646.2
55.81,-274.2
55.8133,-620.4
55.8167,-778.5
55.82,-543
55.8233,-424.8
55.8267,-734.1
55.83,-561.3
55.8333,87
55.8367,132.9
55.84,-680.4
55.8433,-830.4
55.8467,-883.2
55.85,-561.3
55.8533,-355.2
55.8567,-477.9
55.86,-799.5
55.8633,-795
55.8667,-610.8
55.87,-754.2
55.8733,-766.5
55.8767,-517.2
55.88,-534.3
55.8833,-394.5
55.8867,-533.1
55.89,-845.1
55.8933,-710.7
55.8967,-754.2
55.9,-805.5
55.9033,-719.4
55.9067,-663.3
55.91,-307.8
55.9133,-729.9
55.9167,-995.1
55.92,-916.5
55.9233,-978.9
55.9267,-933.6
55.93,-877.5
55.9333,-833.1
55.9367,-927.3
55.94,-879.6
55.9433,-1068.6
55.9467,-894.3
55.95,-1056.9
55.9533,-1141.2
55.9567,-961.2
55.96,-1089.9
55.9633,-932.1
55.9667,-1032
55.97,-886.5
55.9733,-1083
55.9767,-1087.2
55.98,-1088.1
55.9833,-991.2
55.9867,-956.1
55.99,-1142.4
55.9933,-1098
55.9967,-974.1
56,-930
56.0033,-1164.3
56.0067,-1040.4
56.01,-1131
56.0133,-954
56.0167,-1144.8
56.02,-1116.6
56.0233,-1092.3
56.0267,-1098.3
56.03,-1115.4
56.0333,-1099.2
56.0367,-1054.2
56.04,-1029.9
56.0433,-1020.9
56.0467,-1064.7
56.05,-1107.9
56.0533,-1020.3
56.0567,-1115.1
56.06,-1069.2
56.0633,-1104.9
56.0667,-1091.1
56.07,-1072.5
56.0733,-1033.2
56.0767,-1041.9
56.08,-1008.6
56.0833,-1152.6
56.0867,-1059.3
56.09,-1027.5
56.0933,-1082.4
56.0967,-1121.7
56.1,-1029.9
56.1033,-1057.5
56.1067,-986.1
56.11,-1047.6
56.1133,-1056
56.1167,-1089
56.12,-1089
56.1233,-1068.3
56.1267,-1108.8
56.13,-1075.2
56.1333,-1076.4
56.1367,-1062.3
56.14,-1077.9
56.1433,-1068.6
56.1467,-1030.5
56.15,-1075.5
56.1533,-1030.8
56.1567,-1017.3
56.16,-996.6
56.1633,-1060.2
56.1667,-1123.8
56.17,-1132.8
56.1733,-1086.9
56.1767,-1080.9
56.18,-1081.5
56.1833,-1076.7
56.1867,-1047
56.19,-1074.6
56.1933,-1043.7
56.1967,-1077.3
56.2,-1066.8
56.2033,-990.6
56.2067,-974.7
56.21,-1106.1
56.2133,-1070.4
56.2167,-1016.7
56.22,-1185.3
56.2233,-1113.3
56.2267,-1122
56.23,-1076.1
56.2333,-1071.3
56.2367,-1070.7
56.24,-1073.4
56.2433,-1025.1
56.2467,-969.3
56.25,-1036.5
56.2533,-1024.5
56.2567,-1001.7
56.26,-969.3
56.2633,-975.9
56.2667,-975.6
56.27,-1107.3
56.2733,-1042.2
56.2767,-998.7
56.28,-1166.1
56.2833,-1209.3
56.2867,-1123.2
56.29,-1149.6
56.2933,-1212.9
56.2967,-1163.7
56.3,-1127.1
56.3033,-1071.6
56.3067,-1059.3
56.31,-975.6
56.3133,-986.1
56.3167,-990
56.32,-1020
56.3233,-959.7
56.3267,-1017
56.33,-1188.9
56.3333,-1132.2
56.3367,-1102.2
56.34,-999.9
56.3433,-1056.3
56.3467,-981.9
56.35,-835.2
56.3533,-829.2
56.3567,-993
56.36,-1167.3
56.3633,-1129.5
56.3667,-1039.2
56.37,-1028.7
56.3733,-954.9
56.3767,-1042.5
56.38,-935.1
56.3833,-910.2
56.3867,-855.3
56.39,-1060.5
56.3933,-1020.9
56.3967,-930
56.4,-848.4
56.4033,-926.1
56.4067,-880.8
56.41,-619.2
56.4133,-972
56.4167,-1067.4
56.42,-953.1
56.4233,-926.4
56.4267,-687.6
56.43,-926.7
56.4333,-765.9
56.4367,-836.4
56.44,-973.5
56.4433,-786.6
56.4467,-699
56.45,-746.7
56.4533,-861.3
56.4567,-1026.3
56.46,-627.9
56.4633,-428.7
56.4667,-569.1
56.47,-890.7
56.4733,-890.7
56.4767,-903.3
56.48,-516.3
56.4833,-543.9
56.4867,-835.5
56.49,-545.7
56.4933,-720.3
56.4967,-863.4
56.5,-269.1
56.5033,-746.7
56.5067,-958.5
56.51,-815.1
56.5133,-567.3
56.5167,-618.6
56.52,-250.5
56.5233,-248.4
56.5267,379.2
56.53,-660.6
56.5333,-813.3
56.5367,-651
56.54,-1527.3
56.5433,-1033.2
56.5467,-664.5
56.55,-377.4
56.5533,-278.7
56.5567,253.8
56.56,425.7
56.5633,-757.2
56.5667,-1617.9
56.57,-252.3
56.5733,-475.5
56.5767,-192.6
56.58,-1002
56.5833,-397.2
56.5867,83.4
56.59,121.5
56.5933,-579.9
56.5967,-518.1
56.6,-254.1
56.6033,-594
56.6067,-1142.4
56.61,-480.3
56.6133,384.9
56.6167,-799.2
56.62,385.2
56.6233,-635.4
56.6267,-1588.8
56.63,-945.9
56.6333,90.6
56.6367,1689
56.64,-1153.8
56.6433,-1139.7
56.6467,-425.7
56.65,105
56.6533,-830.1
56.6567,-797.4
56.66,-1034.7
56.6633,380.4
56.6667,2466.3
56.67,-1554.3
56.6733,-2112.6
56.6767,-714.3
56.68,-407.4
56.6833,-591.6
56.6867,568.2
56.69,660.3
56.6933,-841.5
56.6967,-889.8
56.7,-780
56.7033,-177.9
56.7067,184.2
56.71,150.3
56.7133,-1447.5
56.7167,-925.8
56.72,-373.8
56.7233,224.4
56.7267,-975.9
56.73,7.8
56.7333,-204
56.7367,-56.1
56.74,-1375.5
56.7433,-771.9
56.7467,-374.7
56.75,431.7
56.7533,-426
56.7567,-113.1
56.76,-1439.1
56.7633,-993.3
56.7667,-623.7
56.77,-346.5
56.7733,-43.5
56.7767,-350.4
56.78,-16.8
56.7833,-1051.2
56.7867,-833.1
56.79,103.8
56.7933,-406.2
56.7967,243.3
56.8,312.3
56.8033,-1545.9
56.8067,-1226.1
56.81,-843
56.8133,-694.8
56.8167,-596.1
56.82,-616.2
56.8233,-427.2
56.8267,-527.4
56.83,-552
56.8333,-568.8
56.8367,-348.6
56.84,-269.1
56.8433,-502.5
56.8467,-415.8
56.85,-686.1
56.8533,-640.8
56.8567,-684
56.86,-546.6
56.8633,-518.4
56.8667,-221.1
56.87,-224.1
56.8733,-537.9
56.8767,-695.1
56.88,-566.4
56.8833,-497.1
56.8867,-450.3
56.89,-840.6
56.8933,-838.8
56.8967,-726.3
56.9,-525.3
56.9033,-318
56.9067,-191.4
56.91,-673.2
56.9133,-570.6
56.9167,-545.1
56.92,-766.5
56.9233,-636.6
56.9267,-645
56.93,-515.4
56.9333,193.5
56.9367,-528.3
56.94,-1072.2
56.9433,-890.1
56.9467,-920.4
56.95,-739.8
56.9533,-653.4
56.9567,-561.6
56.96,-656.7
56.9633,-744
56.9667,-571.2
56.97,-632.7
56.9733,-577.2
56.9767,-756
56.98,-569.4
56.9833,-733.5
56.9867,-537
56.99,-644.4
56.9933,-492.3
56.9967,-684.6
57,-586.5
57.0033,-559.8
57.0067,-459.9
57.01,-799.8
57.0133,-748.5
57.0167,-897
57.02,-855
57.0233,-816.9
57.0267,-755.7
57.03,-723.9
57.0333,-871.8
57.0367,-741.6
57.04,-706.2
57.0433,-797.1
57.0467,-705
57.05,-924.6
57.0533,-903.6
57.0567,-912.6
57.06,-796.5
57.0633,-805.8
57.0667,-616.5
57.07,-811.5
57.0733,-1069.8
57.0767,-948.9
57.08,-887.1
57.0833,-884.1
57.0867,-972.3
57.09,-960.3
57.0933,-937.5
57.0967,-883.8
57.1,-829.5
57.1033,-1020.9
57.1067,-971.4
57.11,-860.7
57.1133,-906.6
57.1167,-956.1
57.12,-983.4
57.1233,-965.1
57.1267,-903.9
57.13,-993.9
57.1333,-943.8
57.1367,-985.8
57.14,-934.5
57.1433,-908.7
57.1467,-985.8
57.15,-992.7
57.1533,-925.2
57.1567,-1005
57.16,-974.7
57.1633,-946.8
57.1667,-893.4
57.17,-825.9
57.1733,-894
57.1767,-1041.3
57.18,-952.5
57.1833,-905.4
57.1867,-1098.9
57.19,-1007.4
57.1933,-1041
57.1967,-968.7
57.2,-987.6
57.2033,-953.7
57.2067,-1010.4
57.21,-1004.4
57.2133,-972.9
57.2167,-960.3
57.22,-984.6
57.2233,-971.7
57.2267,-947.7
57.23,-1003.2
57.2333,-923.4
57.2367,-936.3
57.24,-1047.9
57.2433,-987
57.2467,-958.2
57.25,-1001.4
57.2533,-943.8
57.2567,-928.2
57.26,-1008
57.2633,-956.7
57.2667,-914.1
57.27,-1011.3
57.2733,-983.4
57.2767,-925.8
57.28,-971.4
57.2833,-1041.3
57.2867,-1012.2
57.29,-973.8
57.2933,-1010.4
57.2967,-984.3
57.3,-985.2
57.3033,-930.3
57.3067,-972
57.31,-1017.9
57.3133,-1040.7
57.3167,-1000.2
57.32,-1010.1
57.3233,-995.4
57.3267,-990
57.33,-966.3
57.3333,-1000.5
57.3367,-1005.3
57.34,-982.5
57.3433,-1001.1
57.3467,-990.3
57.35,-996.6
57.3533,-995.1
57.3567,-981
57.36,-962.7
57.3633,-985.2
57.3667,-995.1
57.37,-967.2
57.3733,-978.6
57.3767,-1009.2
57.38,-1005
57.3833,-969
57.3867,-1006.2
57.39,-954.6
57.3933,-926.4
57.3967,-979.5
57.4,-980.7
57.4033,-1070.4
57.4067,-1018.8
57.41,-1015.5
57.4133,-1012.5
57.4167,-1014.9
57.42,-1009.2
57.4233,-1003.5
57.4267,-982.8
57.43,-1019.7
57.4333,-1023.9
57.4367,-952.5
57.44,-899.7
57.4433,-956.4
57.4467,-1010.1
57.45,-1062
57.4533,-1061.1
57.4567,-1025.7
57.46,-994.8
57.4633,-976.2
57.4667,-973.2
57.47,-945.3
57.4733,-981
57.4767,-877.8
57.48,-831.3
57.4833,-1105.8
57.4867,-1080.9
57.49,-1059.9
57.4933,-1004.4
57.4967,-888.6
57.5,-869.4
57.5033,-990.3
57.5067,-861.3
57.51,-796.2
57.5133,-964.2
57.5167,-1051.8
57.52,-1065.3
57.5233,-1064.1
57.5267,-1091.1
57.53,-1049.4
57.5333,-894.3
57.5367,-812.1
57.54,-787.8
57.5433,-897.3
57.5467,-884.4
57.55,-960.6
57.5533,-1087.5
57.5567,-858
57.56,-777.3
57.5633,-757.8
57.5667,-782.7
57.57,-726.3
57.5733,-801
57.5767,-972.3
57.58,-753
57.5833,-632.4
57.5867,-951.9
57.59,-965.4
57.5933,-957.6
57.5967,-412.2
57.6,-531.6
57.6033,-849.6
57.6067,-475.5
57.61,-682.2
57.6133,-727.5
57.6167,-1124.7
57.62,-758.7
57.6233,-801.3
57.6267,-1027.5
57.63,-692.4
57.6333,-458.1
57.6367,-581.1
57.64,-589.8
57.6433,-495.3
57.6467,-222.3
57.65,-874.2
57.6533,-1306.5
57.6567,-368.1
57.66,-14.7
57.6633,655.5
57.6667,-626.4
57.67,-807.9
57.6733,450.9
57.6767,-395.4
57.68,-1011.3
57.6833,-1267.2
57.6867,138.3
57.69,1785.3
57.6933,-1101
57.6967,-1103.4
57.7,-491.4
57.7033,458.1
57.7067,757.2
57.71,-178.5
57.7133,-2311.2
57.7167,-1781.7
57.72,-708
57.7233,-328.8
57.7267,1200.6
57.73,860.4
57.7333,-2.4
57.7367,-2365.2
57.74,-330.3
57.7433,930
57.7467,434.4
57.75,-1923.9
57.7533,-83.4
57.7567,-706.2
57.76,-1055.4
57.7633,-556.5
57.7667,-642.6
57.77,-29.7
57.7733,737.1
57.7767,-301.2
57.78,491.1
57.7833,1285.5
57.7867,-1132.5
57.79,-1774.2
57.7933,-92.7
57.7967,-165.9
57.8,-869.7
57.8033,-623.7
57.8067,782.7
57.81,382.2
57.8133,-268.2
57.8167,-334.5
57.82,1626
57.8233,-515.1
57.8267,-1040.1
57.83,-602.7
57.8333,-293.7
57.8367,-130.2
57.84,-1245.3
57.8433,-280.5
57.8467,-112.2
57.85,-546.3
57.8533,1064.4
57.8567,-207.9
57.86,369.9
57.8633,-700.2
57.8667,-613.5
57.87,-861.6
57.8733,166.2
57.8767,922.5
57.88,-601.5
57.8833,-69.9
57.8867,315.3
57.89,531.6
57.8933,324.6
57.8967,-342.3
57.9,-779.7
57.9033,821.4
57.9067,-1513.2
57.91,-4.5
57.9133,-1041
57.9167,-343.2
57.92,519.3
57.9233,1346.4
57.9267,246.3
57.93,-308.7
57.9333,557.7
57.9367,-1443.9
57.94,-1146.9
57.9433,-1046.1
57.9467,-419.7
57.95,-105.6
57.9533,252.9
57.9567,-531
57.96,-105.3
57.9633,-119.1
57.9667,-289.2
57.97,-252
57.9733,-384.9
57.9767,1235.7
57.98,924.9
57.9833,-2209.8
57.9867,-491.7
57.99,244.8
57.9933,-934.2
57.9967,-759
58,-433.8
58.0033,-312.9
58.0067,-567.3
58.01,-479.1
58.0133,-110.1
58.0167,-210.3
58.02,-434.7
58.0233,-334.8
58.0267,-246.3
58.03,-351.6
58.0333,-517.8
58.0367,-489
58.04,-315
58.0433,29.4
58.0467,-416.4
58.05,-229.5
58.0533,-228
58.0567,-578.4
58.06,-594.6
58.0633,-488.4
58.0667,-574.8
58.07,-541.8
58.0733,-474.6
58.0767,-468.6
58.08,-527.1
58.0833,-474.3
58.0867,-413.4
58.09,-404.1
58.0933,-195
58.0967,-208.5
58.1,-407.1
58.1033,-573
58.1067,-128.7
58.11,-297
58.1133,-530.7
58.1167,-589.5
58.12,-447.3
58.1233,-648.3
58.1267,-468.9
58.13,-434.7
58.1333,-532.5
58.1367,-678.3
58.14,-576.3
58.1433,-556.2
58.1467,-572.4
58.15,-454.5
58.1533,-574.5
58.1567,-469.8
58.16,-519.3
58.1633,-489.6
58.1667,-473.1
58.17,-522.9
58.1733,-546.9
58.1767,-486.3
58.18,-286.8
58.1833,-763.5
58.1867,-679.5
58.19,-571.5
58.1933,-625.2
58.1967,-506.4
58.2,-390.9
58.2033,-451.2
58.2067,-636
58.21,-668.4
58.2133,-681.6
58.2167,-526.8
58.22,-705.3
58.2233,-718.2
58.2267,-613.8
58.23,-456
58.2333,-690
58.2367,-620.1
58.24,-554.7
58.2433,-772.5
58.2467,-801.3
58.25,-684.3
58.2533,-780
58.2567,-647.7
58.26,-740.7
58.2633,-708.3
58.2667,-720.6
58.27,-684.3
58.2733,-711.9
58.2767,-612.6
58.28,-649.8
58.2833,-688.5
58.2867,-571.8
58.29,-631.2
58.2933,-670.8
58.2967,-586.8
58.3,-769.2
58.3033,-780.3
58.3067,-775.8
58.31,-828
58.3133,-785.4
58.3167,-730.8
58.32,-754.8
58.3233,-803.4
58.3267,-787.2
58.33,-842.7
58.3333,-664.5
58.3367,-812.4
58.34,-738.6
58.3433,-790.5
58.3467,-873.9
58.35,-856.5
58.3533,-652.2
58.3567,-882
58.36,-801
58.3633,-880.5
58.3667,-836.7
58.37,-912.9
58.3733,-898.8
58.3767,-850.5
58.38,-886.8
58.3833,-902.1
58.3867,-862.2
58.39,-863.1
58.3933,-913.5
58.3967,-893.1
58.4,-817.5
58.4033,-945
58.4067,-849.9
58.41,-961.8
58.4133,-980.1
58.4167,-853.5
58.42,-824.1
58.4233,-973.8
58.4267,-877.8
58.43,-879.3
58.4333,-1000.2
58.4367,-969.3
58.44,-1012.5
58.4433,-986.7
58.4467,-1024.8
58.45,-994.5
58.4533,-922.2
58.4567,-921
58.46,-915
58.4633,-1020.9
58.4667,-1013.7
58.47,-981
58.4733,-945
58.4767,-872.7
58.48,-982.2
58.4833,-1012.5
58.4867,-951.9
58.49,-1005.3
58.4933,-1010.4
58.4967,-970.8
58.5,-989.4
58.5033,-960.3
58.5067,-919.2
58.51,-980.7
58.5133,-948
58.5167,-1008.3
58.52,-989.1
58.5233,-987.6
58.5267,-910.2
58.53,-886.8
58.5333,-951
58.5367,-888.9
58.54,-846.9
58.5433,-1109.7
58.5467,-973.8
58.55,-901.2
58.5533,-969.3
58.5567,-1010.4
58.56,-978.9
58.5633,-967.8
58.5667,-1015.2
58.57,-881.1
58.5733,-967.5
58.5767,-993.3
58.58,-938.1
58.5833,-1049.4
58.5867,-993.6
58.59,-978.9
58.5933,-981
58.5967,-978.6
58.6,-968.4
58.6033,-930.3
58.6067,-892.8
58.61,-1005
58.6133,-970.5
58.6167,-964.2
58.62,-908.4
58.6233,-965.1
58.6267,-1000.2
58.63,-998.1
58.6333,-966.3
58.6367,-906
58.64,-959.7
58.6433,-1029
58.6467,-947.1
58.65,-983.1
58.6533,-963.9
58.6567,-944.4
58.66,-881.4
58.6633,-985.2
58.6667,-984
58.67,-990
58.6733,-953.7
58.6767,-982.5
58.68,-979.5
58.6833,-958.5
58.6867,-987
58.69,-956.4
58.6933,-937.2
58.6967,-960.6
58.7,-946.5
58.7033,-959.7
58.7067,-966.9
58.71,-958.2
58.7133,-962.7
58.7167,-941.7
58.72,-955.2
58.7233,-979.5
58.7267,-960
58.73,-923.7
58.7333,-913.2
58.7367,-926.7
58.74,-911.1
58.7433,-917.4
58.7467,-894.3
58.75,-878.4
58.7533,-881.1
58.7567,-1063.8
58.76,-1006.5
58.7633,-885.9
58.7667,-736.2
58.77,-718.8
58.7733,-982.5
58.7767,-1178.1
58.78,-1038.9
58.7833,-932.4
58.7867,-778.2
58.79,-947.7
58.7933,-1010.1
58.7967,-1012.5
58.8,-990.6
58.8033,-1008.3
58.8067,-974.4
58.81,-834.6
58.8133,-715.8
58.8167,-789.6
58.82,-756.9
58.8233,-797.4
58.8267,-863.7
58.83,-869.7
58.8333,-1011.3
58.8367,-1156.2
58.84,-1095.3
58.8433,-906.9
58.8467,-501.6
58.85,-688.5
58.8533,-1058.7
58.8567,-1259.7
58.86,-1194.9
58.8633,-969.6
58.8667,-974.1
58.87,-945.6
58.8733,-965.1
58.8767,-794.1
58.88,-643.5
58.8833,-498
58.8867,-871.8
58.89,-986.7
58.8933,-802.8
58.8967,-523.2
58.9,-782.7
58.9033,-1041.9
58.9067,-731.1
58.91,-440.4
58.9133,-475.8
58.9167,-339
58.92,-391.2
58.9233,-1076.1
58.9267,-1540.8
58.93,-1154.7
58.9333,-862.2
58.9367,-777
58.94,-948.3
58.9433,-477.9
58.9467,-36.9
58.95,-730.2
58.9533,-882.6
58.9567,-637.5
58.96,-700.5
58.9633,-783.3
58.9667,-717.3
58.97,-538.2
58.9733,-438.9
58.9767,-311.7
58.98,-563.4
58.9833,-592.2
58.9867,-866.7
58.99,53.1
58.9933,-486.3
58.9967,-740.7
59,-112.2
59.0033,-105.6
59.0067,-1040.4
59.01,92.4
59.0133,-700.5
59.0167,-334.5
59.02,-476.7
59.0233,-353.1
59.0267,-798.9
59.03,84
59.0333,-924
59.0367,-72.6
59.04,136.2
59.0433,-1076.7
59.0467,-587.7
59.05,-905.7
59.0533,240.9
59.0567,-192.9
59.06,295.8
59.0633,-98.1
59.0667,-1099.2
59.07,-627.6
59.0733,1359.3
59.0767,-478.2
59.08,-949.5
59.0833,725.1
59.0867,-704.1
59.09,47.4
59.0933,416.1
59.0967,-573.9
59.1,-1454.4
59.1033,-791.1
59.1067,-157.2
59.11,763.2
59.1133,1236.6
59.1167,-943.8
59.12,-767.1
59.1233,894.3
59.1267,-58.5
59.13,-368.4
59.1333,-1761.6
59.1367,-739.8
59.14,1778.1
59.1433,1127.7
59.1467,-1647.9
59.15,-1717.2
59.1533,222.6
59.1567,912.3
59.16,-1368.9
59.1633,-665.1
59.1667,-366.9
59.17,1661.1
59.1733,-512.7
59.1767,-1336.2
59.18,71.4
59.1833,608.1
59.1867,-844.2
59.19,-1272
59.1933,333.6
59.1967,-12.9
59.2,-612
59.2033,971.4
59.2067,-528.9
59.21,-1357.5
59.2133,585.3
59.2167,147
59.22,-1294.8
59.2233,9.3
59.2267,-196.5
59.23,-353.1
59.2333,17.4
59.2367,-438.3
59.24,753
59.2433,71.4
59.2467,-1159.2
59.25,-867.3
59.2533,-532.2
59.2567,-516.3
59.26,-348.6
59.2633,-331.5
59.2667,-259.2
59.27,-225
59.2733,-206.7
59.2767,-240.6
59.28,-456.6
59.2833,-114.6
59.2867,-368.7
59.29,-109.2
59.2933,-100.2
59.2967,-278.1
59.3,-414
59.3033,-286.8
59.3067,-351.3
59.31,-396
59.3133,-474.9
59.3167,-376.2
59.32,-412.2
59.3233,-354
59.3267,-371.7
59.33,-352.5
59.3333,-335.1
59.3367,-312.9
59.34,-213.3
59.3433,-194.7
59.3467,-330.3
59.35,-330.3
59.3533,-103.2
59.3567,-411.9
59.36,-535.8
59.3633,-489.3
59.3667,-390.3
59.37,-311.1
59.3733,-309.6
59.3767,-526.2
59.38,-474.3
59.3833,-424.2
59.3867,-517.2
59.39,-380.7
59.3933,-313.2
59.3967,-482.1
59.4,-415.2
59.4033,-397.8
59.4067,-440.1
59.41,-429.6
59.4133,-551.1
59.4167,-567.9
59.42,-110.1
59.4233,-505.5
59.4267,-703.5
59.43,-474.3
59.4333,-605.4
59.4367,-654.3
59.44,-414.3
59.4433,-446.4
59.4467,-356.4
59.45,-512.4
59.4533,-698.1
59.4567,-654.3
59.46,-603.3
59.4633,-527.1
59.4667,-645.6
59.47,-635.7
59.4733,-492.6
59.4767,-352.8
59.48,-690
59.4833,-714.9
59.4867,-655.2
59.49,-694.5
59.4933,-591.9
59.4967,-633.3
59.5,-578.1
59.5033,-487.5
59.5067,-423.3
59.51,-783.3
59.5133,-706.2
59.5167,-668.4
59.52,-618.9
59.5233,-667.5
59.5267,-730.8
59.53,-706.8
59.5333,-659.7
59.5367,-656.4
59.54,-743.7
59.5433,-783.6
59.5467,-699
59.55,-736.5
59.5533,-644.7
59.5567,-799.2
59.56,-816.9
59.5633,-755.1
59.5667,-710.4
59.57,-668.1
59.5733,-927.3
59.5767,-817.8
59.58,-797.1
59.5833,-844.8
59.5867,-795
59.59,-825
59.5933,-844.8
59.5967,-839.1
59.6,-849.3
59.6033,-832.2
59.6067,-789.9
59.61,-836.7
59.6133,-769.8
59.6167,-853.2
59.62,-874.2
59.6233,-777.9
59.6267,-866.4
59.63,-861.6
59.6333,-855.3
59.6367,-842.4
59.64,-852.6
59.6433,-900.9
59.6467,-840
59.65,-850.5
59.6533,-899.4
59.6567,-830.1
59.66,-771.9
59.6633,-799.8
59.6667,-949.5
59.67,-872.1
59.6733,-924.3
59.6767,-897.9
59.68,-888.9
59.6833,-883.5
59.6867,-866.4
59.69,-854.4
59.6933,-870.6
59.6967,-845.4
59.7,-924.3
59.7033,-921
59.7067,-924.3
59.71,-909.9
59.7133,-877.2
59.7167,-828
59.72,-826.2
59.7233,-979.8
59.7267,-848.7
59.73,-920.7
59.7333,-864.3
59.7367,-806.1
59.74,-908.4
59.7433,-969.3
59.7467,-851.4
59.75,-876.9
59.7533,-872.1
59.7567,-957.9
59.76,-896.7
59.7633,-911.7
59.7667,-913.2
59.77,-899.7
59.7733,-898.2
59.7767,-870.3
59.78,-903.6
59.7833,-907.8
59.7867,-916.8
59.79,-908.1
59.7933,-896.4
59.7967,-901.2
59.8,-907.5
59.8033,-883.8
59.8067,-898.5
59.81,-910.8
59.8133,-890.4
59.8167,-903.6
59.82,-898.8
59.8233,-908.4
59.8267,-890.4
59.83,-906
59.8333,-857.7
59.8367,-884.7
59.84,-924.6
59.8433,-873.9
59.8467,-887.1
59.85,-909.6
59.8533,-950.7
59.8567,-931.2
59.86,-901.5
59.8633,-921.3
59.8667,-859.2
59.87,-865.5
59.8733,-884.4
59.8767,-938.7
59.88,-923.7
59.8833,-924.3
59.8867,-873.9
59.89,-881.4
59.8933,-930
59.8967,-963
59.9,-870.6
59.9033,-875.4
59.9067,-831
59.91,-887.4
59.9133,-872.1
59.9167,-818.1
59.92,-921.6
59.9233,-951.9
59.9267,-861.3
59.93,-935.4
59.9333,-935.4
59.9367,-880.2
59.94,-894
59.9433,-883.8
59.9467,-908.7
59.95,-916.2
59.9533,-926.1
59.9567,-849.6
59.96,-851.1
59.9633,-858.3
59.9667,-810
59.97,-908.1
59.9733,-901.2
59.9767,-871.2
59.98,-869.4
59.9833,-846.9
59.9867,-900.9
59.99,-766.5
59.9933,-895.8
59.9967,-938.7
60,-915.6
60.0033,-665.7
60.0067,-585
60.01,-677.1
60.0133,-854.1
60.0167,-891.6
60.02,-1154.7
60.0233,-1003.5
60.0267,-799.5
60.03,-759.6
60.0333,-787.2
60.0367,-775.5
60.04,-637.8
60.0433,-506.1
60.0467,-823.8
60.05,-797.4
60.0533,-1092.6
60.0567,-872.1
60.06,-795
60.0633,-549.9
60.0667,-597.6
60.07,-597
60.0733,-678.6
60.0767,-1040.7
60.08,-1066.2
60.0833,-991.8
60.0867,-899.7
60.09,-591
60.0933,-608.7
60.0967,-591.6
60.1,-601.2
60.1033,-511.2
60.1067,-505.5
60.11,-442.8
60.1133,-957.9
60.1167,-696.9
60.12,-869.1
60.1233,-500.1
60.1267,-578.7
60.13,-236.7
60.1333,-33.9
60.1367,-692.4
60.14,436.2
60.1433,-869.1
60.1467,-764.4
60.15,-439.5
60.1533,-601.5
60.1567,-849.3
60.16,-690
60.1633,103.8
60.1667,536.4
60.17,-1135.2
60.1733,-279.9
60.1767,-419.4
60.18,-979.2
60.1833,-658.8
60.1867,181.5
60.19,-302.1
60.1933,-703.8
60.1967,88.8
60.2,-902.1
60.2033,-246.9
60.2067,-400.2
60.21,-429.9
60.2133,1582.5
60.2167,704.4
60.22,-59.7
60.2233,-651.9
60.2267,-910.2
60.23,-1245
60.2333,-133.8
60.2367,-585.3
60.24,-39.9
60.2433,188.4
60.2467,-1.8
60.25,-538.5
60.2533,-1383.6
60.2567,93
60.26,667.8
60.2633,-542.7
60.2667,-989.7
60.27,167.1
60.2733,-243
60.2767,45.3
60.28,183.6
60.2833,-702.6
60.2867,-706.2
60.29,-343.5
60.2933,303
60.2967,-1152
60.3,-15
60.3033,1774.2
60.3067,-1228.8
60.31,-1158
60.3133,-1170.9
60.3167,2177.1
60.32,-1676.4
60.3233,-1020.3
60.3267,-946.8
60.33,572.4
60.3333,182.1
60.3367,-285.6
60.34,-858.3
60.3433,-447.9
60.3467,543.6
60.35,285
60.3533,-1278
60.3567,-539.7
60.36,-828.9
60.3633,758.4
60.3667,2217
60.37,-1531.5
60.3733,-2111.4
60.3767,-753.3
60.38,-536.7
60.3833,-56.1
60.3867,-168.3
60.39,-483.6
60.3933,-539.4
60.3967,-261.9
60.4,-592.5
60.4033,-386.4
60.4067,-128.1
60.41,-535.5
60.4133,-475.5
60.4167,-239.1
60.42,-399.3
60.4233,-475.2
60.4267,-444.9
60.43,-149.7
60.4333,-27.6
60.4367,-645
60.44,-534.9
60.4433,-429
60.4467,-337.2
60.45,-157.8
60.4533,-268.8
60.4567,-538.5
60.46,-388.2
60.4633,-408
60.4667,-325.5
60.47,-358.8
60.4733,-400.5
60.4767,-258
60.48,-96.6
60.4833,-454.8
60.4867,-319.8
60.49,-261.6
60.4933,-339.9
60.4967,-114.3
60.5,-543.3
60.5033,-480.9
60.5067,-404.4
60.51,-229.2
60.5133,-341.1
60.5167,-660
60.52,-317.1
60.5233,-477.9
60.5267,-408.6
60.53,-496.5
60.5333,-478.5
60.5367,-366.3
60.54,-478.5
60.5433,-583.5
60.5467,-386.7
60.55,-516.6
60.5533,-644.4
60.5567,-520.8
60.56,-526.2
60.5633,-677.4
60.5667,-545.7
60.57,-556.2
60.5733,-575.1
60.5767,-492.3
60.58,-566.1
60.5833,-470.7
60.5867,-387
60.59,-586.8
60.5933,-455.7
60.5967,-546.6
60.6,-391.8
60.6033,-304.5
60.6067,-737.1
60.61,-714.6
60.6133,-678.6
60.6167,-569.1
60.62,-337.8
60.6233,-420
60.6267,-574.5
60.63,-509.7
60.6333,-531.9
60.6367,-778.5
60.64,-724.5
60.6433,-708
60.6467,-541.5
60.65,-602.1
60.6533,-696.3
60.6567,-577.8
60.66,-666.3
60.6633,-661.5
60.6667,-741.6
60.67,-601.5
60.6733,-849.9
60.6767,-687.9
60.68,-702.6
60.6833,-904.5
60.6867,-748.2
60.69,-819.3
60.6933,-845.7
60.6967,-790.8
60.7,-771.3
60.7033,-723
60.7067,-826.8
60.71,-786.3
60.7133,-801.9
60.7167,-767.1
60.72,-793.5
60.7233,-894
60.7267,-795.3
60.73,-802.2
60.7333,-851.4
60.7367,-748.2
60.74,-807.6
60.7433,-891.6
60.7467,-849.9
60.75,-823.2
60.7533,-722.7
60.7567,-878.7
60.76,-898.5
60.7633,-894.6
60.7667,-899.4
60.77,-833.4
60.7733,-867
60.7767,-858.6
60.78,-856.5
60.7833,-858.3
60.7867,-874.2
60.79,-864.9
60.7933,-804.9
60.7967,-847.2
60.8,-848.1
60.8033,-880.5
60.8067,-867.9
60.81,-894.6
60.8133,-852.6
60.8167,-711
60.82,-803.4
60.8233,-830.7
60.8267,-933
60.83,-936.9
60.8333,-862.2
60.8367,-878.1
60.84,-852.9
60.8433,-803.1
60.8467,-887.4
60.85,-882.3
60.8533,-869.1
60.8567,-811.2
60.86,-912.6
60.8633,-893.7
60.8667,-887.1
60.87,-885.3
60.8733,-856.2
60.8767,-743.4
60.88,-894
60.8833,-954.9
60.8867,-915.3
60.89,-891.6
60.8933,-874.2
60.8967,-869.1
60.9,-843.3
60.9033,-891.9
60.9067,-896.1
60.91,-875.4
60.9133,-870.6
60.9167,-880.2
60.92,-865.2
60.9233,-873.6
60.9267,-856.5
60.93,-848.1
60.9333,-834.9
60.9367,-809.1
60.94,-927.6
60.9433,-913.8
60.9467,-923.1
60.95,-884.4
60.9533,-894.6
60.9567,-883.8
60.96,-877.5
60.9633,-885.3
60.9667,-846.9
60.97,-862.5
60.9733,-892.8
60.9767,-951.9
60.98,-882
60.9833,-840.6
60.9867,-849.9
60.99,-903.9
60.9933,-895.5
60.9967,-879.6
61,-911.1
61.0033,-835.8
61.0067,-833.4
61.01,-877.2
61.0133,-889.8
61.0167,-856.8
61.02,-856.8
61.0233,-847.8
61.0267,-862.5
61.03,-924
61.0333,-857.1
61.0367,-847.2
61.04,-864.6
61.0433,-831.9
61.0467,-804
61.05,-931.5
61.0533,-909.9
61.0567,-881.7
61.06,-846.6
61.0633,-775.5
61.0667,-684.3
61.07,-831.3
61.0733,-873
61.0767,-787.8
61.08,-817.8
61.0833,-884.4
61.0867,-908.4
61.09,-870.6
61.0933,-894.9
61.0967,-802.8
61.1,-779.4
61.1033,-765.6
61.1067,-762
61.11,-582.6
61.1133,-747
61.1167,-846.3
61.12,-727.2
61.1233,-674.1
61.1267,-675.3
61.13,-806.1
61.1333,-817.5
61.1367,-635.7
61.14,-676.5
61.1433,-866.4
61.1467,-740.1
61.15,-780.6
61.1533,-650.1
61.1567,-634.8
61.16,-527.7
61.1633,-418.8
61.1667,-297
61.17,-241.5
61.1733,-942.3
61.1767,-1046.4
61.18,-588.3
61.1833,-818.4
61.1867,-930.3
61.19,-893.7
61.1933,-160.2
61.1967,82.5
61.2,-558.3
61.2033,-397.8
61.2067,-689.7
61.21,-903.6
61.2133,-906.6
61.2167,-549.6
61.22,-389.7
61.2233,28.5
61.2267,-552
61.23,-541.2
61.2333,138.3
61.2367,458.4
61.24,-729.9
61.2433,-1285.5
61.2467,-757.2
61.25,-390.9
61.2533,-65.7
61.2567,-558.6
61.26,-162
61.2633,-448.8
61.2667,27.9
61.27,-378.9
61.2733,-108.6
61.2767,-271.8
61.28,-735.6
61.2833,-105
61.2867,-692.4
61.29,762.6
61.2933,516.6
61.2967,-946.8
61.3,-1116.6
61.3033,-217.2
61.3067,-650.1
61.31,-553.5
61.3133,733.2
61.3167,1009.5
61.32,-813.6
61.3233,-736.5
61.3267,-604.8
61.33,-364.2
61.3333,-384.6
61.3367,-421.8
61.34,2023.2
61.3433,1681.5
61.3467,-2404.8
61.35,-1278.6
61.3533,-217.5
61.3567,-165
61.36,-863.1
61.3633,-510.6
61.3667,349.5
61.37,340.5
61.3733,384
61.3767,-113.4
61.38,-867
61.3833,-131.4
61.3867,1533.3
61.39,-831
61.3933,456
61.3967,-896.1
61.4,-677.4
61.4033,299.4
61.4067,819
61.41,-486.9
61.4133,-1284.9
61.4167,-1304.7
61.42,-43.8
61.4233,817.5
61.4267,983.1
61.43,-234
61.4333,-307.5
61.4367,-554.7
61.44,168.6
61.4433,-138.6
61.4467,-906.3
61.45,-451.8
61.4533,-285
61.4567,557.4
61.46,-409.2
61.4633,-97.8
61.4667,240
61.47,-734.4
61.4733,-398.7
61.4767,-507.3
61.48,-276.3
61.4833,46.5
61.4867,-166.8
61.49,918
61.4933,-894.6
61.4967,-1041.6
61.5,159.9
61.5033,729
61.5067,-1121.1
61.51,-876.9
61.5133,-246.9
61.5167,83.1
61.52,-63
61.5233,-231
61.5267,352.8
61.53,451.8
61.5333,-815.1
61.5367,-302.4
61.54,-540.6
61.5433,185.1
61.5467,-684
61.55,-401.4
61.5533,-781.8
61.5567,-549.3
61.56,-232.5
61.5633,-272.7
61.5667,-299.1
61.57,-334.8
61.5733,-373.5
61.5767,-399
61.58,-395.1
61.5833,-357
61.5867,-300
61.59,-195.3
61.5933,-231
61.5967,17.4
61.6,-552
61.6033,-498
61.6067,-401.7
61.61,-346.5
61.6133,-314.1
61.6167,-365.7
61.62,-304.5
61.6233,-276.6
61.6267,-403.5
61.63,-334.8
61.6333,-252.3
61.6367,-200.1
61.64,-460.8
61.6433,-343.2
61.6467,-307.2
61.65,-512.7
61.6533,-349.8
61.6567,-454.2
61.66,-102.6
61.6633,-387.9
61.6667,-400.2
61.67,-497.1
61.6733,-571.5
61.6767,-299.4
61.68,-207.9
61.6833,-478.5
61.6867,-511.2
61.69,-509.4
61.6933,-441.6
61.6967,-207.6
61.7,-185.4
61.7033,-621
61.7067,-475.2
61.71,-288.6
61.7133,-667.5
61.7167,-404.7
61.72,-289.2
61.7233,-322.5
61.7267,-366.9
61.73,-528.9
61.7333,-748.8
61.7367,-354.9
61.74,-667.2
61.7433,-476.7
61.7467,-494.1
61.75,-578.7
61.7533,-619.8
61.7567,-400.5
61.76,-500.4
61.7633,-386.4
61.7667,-490.5
61.77,-744
61.7733,-750.9
61.7767,-686.1
61.78,-626.4
61.7833,-530.4
61.7867,-668.7
61.79,-748.2
61.7933,-586.8
61.7967,-744
61.8,-742.8
61.8033,-600
61.8067,-694.8
61.81,-753.3
61.8133,-644.4
61.8167,-708.6
61.82,-804.9
61.8233,-683.1
61.8267,-789.9
61.83,-786.9
61.8333,-659.4
61.8367,-747
61.84,-858.9
61.8433,-733.2
61.8467,-744
61.85,-745.8
61.8533,-864
61.8567,-812.7
61.86,-856.8
61.8633,-820.2
61.8667,-777.6
61.87,-895.2
61.8733,-863.7
61.8767,-871.5
61.88,-879
61.8833,-849.9
61.8867,-873.6
61.89,-842.1
61.8933,-829.8
61.8967,-853.2
61.9,-860.1
61.9033,-846.9
61.9067,-825
61.91,-803.1
61.9133,-903.3
61.9167,-831
61.92,-814.5
61.9233,-838.8
61.9267,-830.4
61.93,-810.6
61.9333,-888.9
61.9367,-908.7
61.94,-831
61.9433,-900.9
61.9467,-915.9
61.95,-817.5
61.9533,-856.8
61.9567,-895.5
61.96,-896.7
61.9633,-880.5
61.9667,-869.7
61.97,-880.8
61.9733,-879.3
61.9767,-819.9
61.98,-836.7
61.9833,-928.8
61.9867,-895.2
61.99,-846.3
61.9933,-833.7
61.9967,-872.4
62,-838.5
62.0033,-910.8
62.0067,-768.3
62.01,-919.5
62.0133,-905.4
62.0167,-875.1
62.02,-945
62.0233,-905.4
62.0267,-861.6
62.03,-918
62.0333,-838.5
62.0367,-897.3
62.04,-904.5
62.0433,-855
62.0467,-905.4
62.05,-872.1
62.0533,-838.5
62.0567,-884.1
62.06,-889.2
62.0633,-916.5
62.0667,-895.2
62.07,-833.4
62.0733,-881.1
62.0767,-893.7
62.08,-861.3
62.0833,-848.7
62.0867,-922.5
62.09,-884.7
62.0933,-874.5
62.0967,-924.9
62.1,-918.6
62.1033,-860.7
62.1067,-837.6
62.11,-847.5
62.1133,-900.3
62.1167,-935.4
62.12,-924
62.1233,-847.8
62.1267,-865.5
62.13,-859.2
62.1333,-848.4
62.1367,-876
62.14,-878.1
62.1433,-945.3
62.1467,-913.5
62.15,-870.6
62.1533,-823.2
62.1567,-864
62.16,-918.9
62.1633,-972.3
62.1667,-977.4
62.17,-881.1
62.1733,-851.7
62.1767,-974.1
62.18,-851.4
62.1833,-880.5
62.1867,-802.2
62.19,-924.3
62.1933,-945.6
62.1967,-881.4
62.2,-923.1
62.2033,-905.4
62.2067,-897.6
62.21,-891.6
62.2133,-859.2
62.2167,-849.9
62.22,-798.3
62.2233,-904.8
62.2267,-907.2
62.23,-926.1
62.2333,-900
62.2367,-819
62.24,-941.4
62.2433,-975.6
62.2467,-894
62.25,-923.1
62.2533,-875.7
62.2567,-900.6
62.26,-929.1
62.2633,-863.4
62.2667,-844.2
62.27,-840.3
62.2733,-872.1
62.2767,-805.5
62.28,-714.9
62.2833,-856.5
62.2867,-973.5
62.29,-898.2
62.2933,-838.2
62.2967,-784.5
62.3,-804.6
62.3033,-791.4
62.3067,-861.6
62.31,-878.7
62.3133,-772.2
62.3167,-819
62.32,-736.8
62.3233,-801
62.3267,-926.1
62.33,-948.3
62.3333,-776.1
62.3367,-748.2
62.34,-753.9
62.3433,-858.9
62.3467,-903.6
62.35,-836.1
62.3533,-865.5
62.3567,-771
62.36,-760.5
62.3633,-885
62.3667,-749.4
62.37,-813.9
62.3733,-639.6
62.3767,-668.4
62.38,-656.7
62.3833,-846.3
62.3867,-694.2
62.39,-718.8
62.3933,-649.2
62.3967,-661.8
62.4,-809.7
62.4033,-855.9
62.4067,-661.2
62.41,-657
62.4133,-860.7
62.4167,-743.4
62.42,-726
62.4233,-706.5
62.4267,-662.7
62.43,-715.5
62.4333,-690.3
62.4367,-588.9
62.44,-466.5
62.4433,-594
62.4467,-834.9
62.45,-900.6
62.4533,-722.1
62.4567,-503.1
62.46,-481.2
62.4633,-300.6
62.4667,-881.4
62.47,-708.6
62.4733,-738.6
62.4767,-747.6
62.48,-547.5
62.4833,-460.8
62.4867,-142.2
62.49,-306.9
62.4933,-486.3
62.4967,-158.1
62.5,-454.5
62.5033,-566.1
62.5067,-468
62.51,-579
62.5133,-893.7
62.5167,-459.6
62.52,-797.7
62.5233,-454.2
62.5267,-536.1
62.53,18.6
62.5333,450.3
62.5367,238.8
62.54,-454.2
62.5433,-1377.6
62.5467,-597.3
62.55,90
62.5533,-242.1
62.5567,-1076.7
62.56,199.8
62.5633,-226.5
62.5667,425.7
62.57,-58.2
62.5733,-160.5
62.5767,-162.3
62.58,-1138.5
62.5833,-326.4
62.5867,1212.9
62.59,-843.6
62.5933,-125.1
62.5967,-705.9
62.6,571.5
62.6033,116.7
62.6067,595.5
62.61,-822.9
62.6133,-203.4
62.6167,-681
62.62,-133.5
62.6233,-100.2
62.6267,133.5
62.63,123.3
62.6333,-267
62.6367,1406.4
62.64,484.5
62.6433,-2099.4
62.6467,-1044.3
62.65,-458.1
62.6533,379.8
62.6567,289.8
62.66,41.4
62.6633,-1418.1
62.6667,264
62.67,-212.7
62.6733,841.5
62.6767,903.9
62.68,1534.5
62.6833,-2318.4
62.6867,-56.4
62.69,-184.5
62.6933,36
62.6967,627.9
62.7,-849.9
62.7033,-263.1
62.7067,-436.8
62.71,-525.3
62.7133,-615.9
62.7167,332.1
62.72,-68.7
62.7233,-769.5
62.7267,-114
62.73,-422.7
62.7333,395.1
62.7367,-75.6
62.74,438.9
62.7433,-228.3
62.7467,-357.9
62.75,-837
62.7533,-422.7
62.7567,-855
62.76,-287.4
62.7633,-402
62.7667,-209.4
62.77,174
62.7733,-63.3
62.7767,-519
62.78,-123.3
62.7833,-288.3
62.7867,-299.4
62.79,-335.4
62.7933,-343.5
62.7967,-408
62.8,-131.1
62.8033,9.3
62.8067,-288.9
62.81,-163.5
62.8133,-166.5
62.8167,-489.6
62.82,-417.9
62.8233,-393
62.8267,-290.4
62.83,-280.8
62.8333,-354.9
62.8367,-286.8
62.84,-126.3
62.8433,-138
62.8467,-357.3
62.85,-415.8
62.8533,-125.7
62.8567,-239.4
62.86,-103.2
62.8633,-577.2
62.8667,-529.2
62.87,-565.2
62.8733,-465
62.8767,-368.1
62.88,-236.7
62.8833,-99
62.8867,-315.3
62.89,-300.6
62.8933,-371.1
62.8967,-481.8
62.9,-490.5
62.9033,-632.4
62.9067,-569.1
62.91,-127.5
62.9133,-324.6
62.9167,-746.1
62.92,-503.4
62.9233,-328.5
62.9267,-456.3
62.93,-555.9
62.9333,-677.1
62.9367,-551.1
62.94,-535.8
62.9433,-387
62.9467,-248.7
62.95,-346.2
62.9533,-537.6
62.9567,-477.6
62.96,-585
62.9633,-514.2
62.9667,-646.5
62.97,-353.4
62.9733,-14.7
62.9767,-923.4
62.98,-659.1
62.9833,-673.8
62.9867,-519.9
62.99,-465.6
62.9933,-744
62.9967,-626.4
63,-484.2
63.0033,-469.2
63.0067,-668.1
63.01,-583.8
63.0133,-537.9
63.0167,-724.2
63.02,-691.2
63.0233,-649.5
63.0267,-649.8
63.03,-621.6
63.0333,-628.8
63.0367,-635.4
63.04,-681.3
63.0433,-603.6
63.0467,-667.2
63.05,-853.8
63.0533,-854.7
63.0567,-767.4
63.06,-705.3
63.0633,-781.8
63.0667,-757.5
63.07,-747
63.0733,-787.2
63.0767,-795.3
63.08,-829.8
63.0833,-792.9
63.0867,-797.4
63.09,-738.6
63.0933,-865.2
63.0967,-845.4
63.1,-859.5
63.1033,-749.7
63.1067,-677.1
63.11,-747.6
63.1133,-891.6
63.1167,-956.7
63.12,-868.5
63.1233,-871.2
63.1267,-826.8
63.13,-798.3
63.1333,-822
63.1367,-857.4
63.14,-817.8
63.1433,-914.4
63.1467,-814.8
63.15,-903.3
63.1533,-878.1
63.1567,-792.9
63.16,-854.1
63.1633,-853.8
63.1667,-827.4
63.17,-743.4
63.1733,-920.7
63.1767,-891
63.18,-833.1
63.1833,-864.3
63.1867,-863.4
63.19,-882
63.1933,-870.3
63.1967,-861.3
63.2,-876.3
63.2033,-802.2
63.2067,-868.2
63.21,-937.2
63.2133,-905.7
63.2167,-807.6
63.22,-819.6
63.2233,-913.2
63.2267,-838.8
63.23,-870.3
63.2333,-854.7
63.2367,-933.9
63.24,-891.9
63.2433,-866.7
63.2467,-855.3
63.25,-867
63.2533,-838.5
63.2567,-873.6
63.26,-883.2
63.2633,-845.7
63.2667,-864
63.27,-847.2
63.2733,-877.5
63.2767,-826.5
63.28,-888.3
63.2833,-891.9
63.2867,-884.4
63.29,-822.6
63.2933,-901.2
63.2967,-856.5
63.3,-894.6
63.3033,-891
63.3067,-843
63.31,-873.6
63.3133,-904.5
63.3167,-879.6
63.32,-900.3
63.3233,-861
63.3267,-876.9
63.33,-874.8
63.3333,-848.7
63.3367,-891.3
63.34,-876
63.3433,-866.7
63.3467,-870.9
63.35,-825.9
63.3533,-835.2
63.3567,-892.5
63.36,-900.6
63.3633,-870.3
63.3667,-864.3
63.37,-853.8
63.3733,-849.3
63.3767,-797.4
63.38,-832.8
63.3833,-826.5
63.3867,-870
63.39,-906
63.3933,-873.3
63.3967,-889.5
63.4,-851.4
63.4033,-813.9
63.4067,-846
63.41,-937.5
63.4133,-912.6
63.4167,-867.9
63.42,-805.2
63.4233,-895.5
63.4267,-821.1
63.43,-778.2
63.4333,-785.4
63.4367,-879.6
63.44,-918.6
63.4433,-810.3
63.4467,-872.7
63.45,-929.4
63.4533,-740.7
63.4567,-813.9
63.46,-966
63.4633,-928.8
63.4667,-858
63.47,-773.1
63.4733,-777.9
63.4767,-919.5
63.48,-775.5
63.4833,-754.8
63.4867,-717.3
63.49,-867.6
63.4933,-1004.7
63.4967,-764.4
63.5,-645.3
63.5033,-826.5
63.5067,-996.6
63.51,-911.1
63.5133,-827.4
63.5167,-900.6
63.52,-888.9
63.5233,-802.8
63.5267,-757.5
63.53,-783.6
63.5333,-780.3
63.5367,-654
63.54,-636.9
63.5433,-702.3
63.5467,-780.6
63.55,-973.8
63.5533,-871.2
63.5567,-463.8
63.56,-429.3
63.5633,-1028.1
63.5667,-899.7
63.57,-798.6
63.5733,-635.1
63.5767,-790.5
63.58,-617.1
63.5833,-610.8
63.5867,-585.9
63.59,-588.6
63.5933,-697.2
63.5967,-882.6
63.6,-847.5
63.6033,-702.3
63.6067,-568.5
63.61,-593.4
63.6133,-754.2
63.6167,-479.7
63.62,-522.6
63.6233,-593.4
63.6267,-554.1
63.63,-591.3
63.6333,-700.5
63.6367,-583.2
63.64,-652.5
63.6433,-601.8
63.6467,-798.3
63.65,-495.9
63.6533,53.7
63.6567,210.9
63.66,-620.4
63.6633,-1305.9
63.6667,-511.2
63.67,-254.4
63.6733,494.7
63.6767,-241.2
63.68,-1654.5
63.6833,-910.5
63.6867,-476.7
63.69,757.2
63.6933,-288
63.6967,-861.3
63.7,-844.2
63.7033,-330.9
63.7067,-405.3
63.71,-569.7
63.7133,80.4
63.7167,-266.7
63.72,-587.1
63.7233,-301.2
63.7267,384.3
63.73,-470.7
63.7333,-1266.6
63.7367,-688.5
63.74,-8.4
63.7433,-66.9
63.7467,-49.8
63.75,483
63.7533,477
63.7567,-1071.9
63.76,-1031.1
63.7633,-585.6
63.7667,326.4
63.77,-91.2
63.7733,-348.6
63.7767,6.3
63.78,580.8
63.7833,-1182
63.7867,-119.1
63.79,-190.2
63.7933,-887.7
63.7967,-723.3
63.8,-424.8
63.8033,1308
63.8067,544.2
63.81,-1144.2
63.8133,-321.9
63.8167,308.7
63.82,961.5
63.8233,-752.1
63.8267,-974.1
63.83,1046.1
63.8333,744.9
63.8367,-1725
63.84,-101.4
63.8433,533.4
63.8467,200.7
63.85,-1105.5
63.8533,-1182
63.8567,-353.1
63.86,177.6
63.8633,-470.4
63.8667,-819
63.87,-85.5
63.8733,-73.2
63.8767,719.4
63.88,-177
63.8833,-495
63.8867,840.6
63.89,48.3
63.8933,264.3
63.8967,740.4
63.9,1274.1
63.9033,-2279.7
63.9067,-166.2
63.91,-561.9
63.9133,-488.7
63.9167,687.6
63.92,439.5
63.9233,-847.8
63.9267,-36
63.93,-588.6
63.9333,658.5
63.9367,-207.9
63.94,113.4
63.9433,-885.9
63.9467,-539.1
63.95,-280.2
63.9533,522.9
63.9567,-797.1
63.96,-56.1
63.9633,-255
63.9667,2589.6
63.97,-1354.5
63.9733,-1293.6
63.9767,-865.2
63.98,-405
63.9833,-564
63.9867,-312
63.99,206.1
63.9933,345.9
63.9967,-951.3
64,-660.6
64.0033,727.5
64.0067,597.3
64.01,-145.5
64.0133,-750
64.0167,-1337.7
64.02,114.6
64.0233,342.3
64.0267,-1064.1
64.03,-478.2
64.0333,-448.2
64.0367,164.1
64.04,85.5
64.0433,-651.9
64.0467,-387
64.05,42.9
64.0533,-205.8
64.0567,-474.3
64.06,-241.5
64.0633,-107.1
64.0667,-385.2
64.07,-396.9
64.0733,-341.7
64.0767,-186.3
64.08,144
64.0833,-177.3
64.0867,-369.9
64.09,-445.5
64.0933,-486.3
64.0967,-426.6
64.1,-388.8
64.1033,-404.1
64.1067,-370.5
64.11,-386.4
64.1133,-293.1
64.1167,-275.7
64.12,-72
64.1233,-67.8
64.1267,-44.1
64.13,-163.5
64.1333,-553.8
64.1367,-524.1
64.14,-442.5
64.1433,-371.1
64.1467,-336.3
64.15,-336.9
64.1533,-192.6
64.1567,-297
64.16,-339.3
64.1633,-339.9
64.1667,-526.8
64.17,-363.3
64.1733,-402.9
64.1767,-122.4
64.18,-53.4
64.1833,-480.3
64.1867,-735
64.19,-783.6
64.1933,-809.4
64.1967,-517.2
64.2,-697.8
64.2033,-450.9
64.2067,-222
64.21,-529.2
64.2133,-458.1
64.2167,-363
64.22,-602.7
64.2233,-647.7
64.2267,-698.4
64.23,-481.2
64.2333,-618
64.2367,-637.5
64.24,-580.5
64.2433,-510.3
64.2467,-448.8
64.25,-666.6
64.2533,-757.8
64.2567,-728.7
64.26,-662.7
64.2633,-729.6
64.2667,-751.8
64.27,-759.9
64.2733,-754.5
64.2767,-544.5
64.28,-792
64.2833,-831.3
64.2867,-862.8
64.29,-722.7
64.2933,-802.5
64.2967,-775.8
64.3,-846.3
64.3033,-729
64.3067,-774.9
64.31,-629.4
64.3133,-758.7
64.3167,-775.5
64.32,-913.5
64.3233,-839.1
64.3267,-818.7
64.33,-654.3
64.3333,-808.8
64.3367,-863.7
64.34,-891
64.3433,-825.6
64.3467,-809.7
64.35,-816.9
64.3533,-803.1
64.3567,-801.3
64.36,-807.9
64.3633,-810.3
64.3667,-784.2
64.37,-814.8
64.3733,-729.3
64.3767,-783.9
64.38,-789
64.3833,-797.7
64.3867,-829.5
64.39,-852.9
64.3933,-808.8
64.3967,-812.4
64.4,-823.2
64.4033,-799.8
64.4067,-763.8
64.41,-807.9
64.4133,-796.2
64.4167,-809.1
64.42,-880.8
64.4233,-855.3
64.4267,-853.2
64.43,-847.8
64.4333,-845.7
64.4367,-800.7
64.44,-788.1
64.4433,-758.1
64.4467,-919.5
64.45,-805.5
64.4533,-768.6
64.4567,-810
64.46,-863.1
64.4633,-846
64.4667,-869.1
64.47,-825.9
64.4733,-873.6
64.4767,-791.1
64.48,-778.8
64.4833,-778.8
64.4867,-779.4
64.49,-817.2
64.4933,-893.4
64.4967,-847.8
64.5,-847.5
64.5033,-859.8
64.5067,-860.4
64.51,-833.1
64.5133,-859.5
64.5167,-797.4
64.52,-769.5
64.5233,-872.1
64.5267,-867.9
64.53,-820.5
64.5333,-828.6
64.5367,-826.2
64.54,-828.9
64.5433,-865.5
64.5467,-840.3
64.55,-865.5
64.5533,-841.8
64.5567,-861.9
64.56,-833.7
64.5633,-816.6
64.5667,-875.7
64.57,-858.6
64.5733,-889.5
64.5767,-794.4
64.58,-810.9
64.5833,-799.2
64.5867,-833.1
64.59,-806.7
64.5933,-879.6
64.5967,-848.4
64.6,-838.8
64.6033,-879.3
64.6067,-841.8
64.61,-796.5
64.6133,-786.3
64.6167,-806.1
64.62,-831.6
64.6233,-813.9
64.6267,-834.6
64.63,-919.2
64.6333,-847.2
64.6367,-874.8
64.64,-771.6
64.6433,-692.1
64.6467,-717
64.65,-884.4
64.6533,-854.1
64.6567,-793.2
64.66,-838.2
64.6633,-978.6
64.6667,-899.7
64.67,-897.9
64.6733,-834
64.6767,-837
64.68,-840.3
64.6833,-896.4
64.6867,-839.1
64.69,-769.5
64.6933,-851.1
64.6967,-768.6
64.7,-864
64.7033,-895.8
64.7067,-675.6
64.71,-678.9
64.7133,-769.8
64.7167,-949.5
64.72,-825.3
64.7233,-882.3
64.7267,-688.5
64.73,-674.7
64.7333,-688.5
64.7367,-1042.2
64.74,-968.1
64.7433,-890.1
64.7467,-726.6
64.75,-750
64.7533,-1032.6
64.7567,-1023
64.76,-897
64.7633,-1043.1
64.7667,-824.1
64.77,-781.2
64.7733,-649.8
64.7767,-716.1
64.78,-816
64.7833,-888.9
64.7867,-765
64.79,-689.7
64.7933,-657.6
64.7967,-568.2
64.8,-691.8
64.8033,-857.1
64.8067,-854.4
64.81,-915.9
64.8133,-742.8
64.8167,-706.5
64.82,-592.8
64.8233,-678.3
64.8267,-393
64.83,-519
64.8333,-846.6
64.8367,-836.7
64.84,-727.8
64.8433,-290.4
64.8467,-769.5
64.85,-737.7
64.8533,-407.4
64.8567,-637.8
64.86,-545.7
64.8633,-1065.6
64.8667,-254.4
64.87,-285
64.8733,-690.6
64.8767,-930.6
64.88,-521.1
64.8833,-661.2
64.8867,-606.6
64.89,-285.9
64.8933,-262.5
64.8967,-660.3
64.9,-1107.9
64.9033,-734.4
64.9067,-172.8
64.91,444.3
64.9133,40.2
64.9167,-494.7
64.92,-1573.8
64.9233,-402.6
64.9267,-255.9
64.93,-235.5
64.9333,-318
64.9367,-180.3
64.94,-604.5
64.9433,-754.8
64.9467,481.2
64.95,965.1
64.9533,-238.2
64.9567,-1311.3
64.96,-1107.9
64.9633,-131.4
64.9667,763.2
64.97,-1011.6
64.9733,-145.5
64.9767,-635.4
64.98,-752.7
64.9833,-376.2
64.9867,660
64.99,162.3
64.9933,322.8
64.9967,-1447.5
65,-809.7
65.0033,-501.9
65.0067,774.3
65.01,79.8
65.0133,-877.8
65.0167,-567.3
65.02,316.8
65.0233,298.2
65.0267,616.5
65.03,0.6
65.0333,-286.5
65.0367,-1826.7
65.04,82.2
65.0433,-834.6
65.0467,-530.7
65.05,1038
65.0533,1275
65.0567,-198
65.06,-706.5
65.0633,-912.9
65.0667,-296.1
65.07,-322.8
65.0733,339.3
65.0767,-364.5
65.08,1577.4
65.0833,-584.4
65.0867,-854.4
65.09,-438.3
65.0933,-1048.8
65.0967,-389.1
65.1,-443.4
65.1033,-435.3
65.1067,-241.5
65.11,116.7
65.1133,9.3
65.1167,-155.1
65.12,-465
65.1233,-603.3
65.1267,-221.4
65.13,-373.8
65.1333,-215.4
65.1367,-313.8
65.14,30.6
65.1433,-427.5
65.1467,-270.9
65.15,-103.5
65.1533,-133.8
65.1567,-369.9
65.16,-306.6
65.1633,-354.6
65.1667,6.9
65.17,354.9
65.1733,-251.1
65.1767,-611.1
65.18,-349.2
65.1833,-390
65.1867,-337.8
65.19,-279.3
65.1933,-353.1
65.1967,-141.6
65.2,139.8
65.2033,-82.5
65.2067,-235.2
65.21,-435
65.2133,-167.4
65.2167,-211.2
65.22,-402.6
65.2233,-93.3
65.2267,-294.6
65.23,125.1
65.2333,780
65.2367,-388.2
65.24,-696.9
65.2433,-65.4
65.2467,-534.6
65.25,-801
65.2533,-666.3
65.2567,-594.3
65.26,-490.2
65.2633,-290.7
65.2667,-309.3
65.27,-216.9
65.2733,-514.2
65.2767,-350.7
65.28,-197.7
65.2833,-166.2
65.2867,-350.7
65.29,-552.3
65.2933,-750.9
65.2967,-644.4
65.3,-277.5
65.3033,-541.8
65.3067,-534.9
65.31,-495.3
65.3133,-379.2
65.3167,-309.3
65.32,-214.8
65.3233,-481.2
65.3267,-713.7
65.33,-588.6
65.3333,-474.9
65.3367,-375.6
65.34,-528
65.3433,-851.7
65.3467,-698.1
65.35,-658.2
65.3533,-567.9
65.3567,-700.8
65.36,-709.8
65.3633,-546.6
65.3667,-700.8
65.37,-682.8
65.3733,-621
65.3767,-579.6
65.38,-807.6
65.3833,-688.8
65.3867,-624.6
65.39,-749.7
65.3933,-813.9
65.3967,-774.9
65.4,-700.2
65.4033,-596.7
65.4067,-884.7
65.41,-740.7
65.4133,-738.6
65.4167,-891
65.42,-867.9
65.4233,-861.6
65.4267,-808.2
65.43,-855.6
65.4333,-790.8
65.4367,-894
65.44,-747
65.4433,-829.2
65.4467,-807.9
65.45,-824.7
65.4533,-791.4
65.4567,-789
65.46,-872.7
65.4633,-816.6
65.4667,-816.9
65.47,-765.6
65.4733,-558.3
65.4767,-883.2
65.48,-808.8
65.4833,-748.5
65.4867,-822.3
65.49,-954.3
65.4933,-926.7
65.4967,-847.8
65.5,-846.6
65.5033,-857.4
65.5067,-826.8
65.51,-821.1
65.5133,-823.5
65.5167,-837.9
65.52,-792
65.5233,-846.9
65.5267,-873.9
65.53,-847.8
65.5333,-837.9
65.5367,-843.6
65.54,-843.9
65.5433,-797.4
65.5467,-790.2
65.55,-791.1
65.5533,-801.6
65.5567,-884.7
65.56,-767.1
65.5633,-756.3
65.5667,-808.2
65.57,-891.9
65.5733,-847.5
65.5767,-837.6
65.58,-919.2
65.5833,-866.7
65.5867,-895.5
65.59,-846.3
65.5933,-897.3
65.5967,-850.8
65.6,-868.8
65.6033,-852.3
65.6067,-878.1
65.61,-890.4
65.6133,-810.6
65.6167,-855.9
65.62,-843.9
65.6233,-828.3
65.6267,-888
65.63,-854.7
65.6333,-861.6
65.6367,-878.1
65.64,-835.5
65.6433,-793.5
65.6467,-829.8
65.65,-844.8
65.6533,-831.9
65.6567,-744
65.66,-937.8
65.6633,-877.2
65.6667,-896.7
65.67,-868.2
65.6733,-878.1
65.6767,-896.4
65.68,-841.8
65.6833,-830.4
65.6867,-914.4
65.69,-911.7
65.6933,-852.3
65.6967,-827.1
65.7,-890.7
65.7033,-837.3
65.7067,-872.4
65.71,-903.6
65.7133,-870.3
65.7167,-853.2
65.72,-854.1
65.7233,-809.7
65.7267,-812.7
65.73,-944.1
65.7333,-886.8
65.7367,-837.6
65.74,-760.8
65.7433,-731.4
65.7467,-743.7
65.75,-830.1
65.7533,-896.1
65.7567,-744.3
65.76,-691.8
65.7633,-845.1
65.7667,-1164.3
65.77,-940.8
65.7733,-705.3
65.7767,-786.3
65.78,-909.6
65.7833,-954.6
65.7867,-862.5
65.79,-911.7
65.7933,-930.3
65.7967,-750.3
65.8,-787.8
65.8033,-975.9
65.8067,-908.4
65.81,-731.7
65.8133,-688.8
65.8167,-860.1
65.82,-852.6
65.8233,-901.2
65.8267,-960.3
65.83,-721.8
65.8333,-610.5
65.8367,-728.4
65.84,-835.8
65.8433,-657
65.8467,-745.5
65.85,-674.1
65.8533,-898.2
65.8567,-935.7
65.86,-931.8
65.8633,-926.7
65.8667,-935.4
65.87,-748.8
65.8733,-562.2
65.8767,-496.8
65.88,-834.3
65.8833,-688.5
65.8867,-498.6
65.89,-671.7
65.8933,-509.1
65.8967,-819.9
65.9,-850.5
65.9033,-759.3
65.9067,-850.8
65.91,-608.7
65.9133,-249.3
65.9167,-357.9
65.92,-378.6
65.9233,-717.3
65.9267,-514.2
65.93,-664.2
65.9333,-717.6
65.9367,-264.3
65.94,-407.7
65.9433,-682.2
65.9467,-609.3
65.95,-254.1
65.9533,-258
65.9567,-540
65.96,-808.5
65.9633,-691.8
65.9667,-746.4
65.97,81.6
65.9733,-498.9
65.9767,-104.7
65.98,-90
65.9833,-771.3
65.9867,-519
65.99,-115.5
65.9933,-692.7
65.9967,-495.6
66,-869.4
66.0033,-131.7
66.0067,88.5
66.01,-310.8
66.0133,-468.3
66.0167,-273
66.02,-226.8
66.0233,-378.9
66.0267,-789
66.03,379.8
66.0333,1030.5
66.0367,-855.9
66.04,-1090.2
66.0433,-798
66.0467,-502.8
66.05,-661.2
66.0533,364.2
66.0567,806.7
66.06,-198.6
66.0633,-396
66.0667,-696.6
66.07,-514.8
66.0733,674.4
66.0767,981.6
66.08,-1245.9
66.0833,-1216.2
66.0867,-549.6
66.09,302.4
66.0933,-873
66.0967,-864.9
66.1,-347.1
66.1033,140.1
66.1067,-348.6
66.11,165
66.1133,63
66.1167,608.1
66.12,192.9
66.1233,-1190.7
66.1267,717.9
66.13,-14.7
66.1333,561.3
66.1367,-920.1
66.14,-1266.3
66.1433,-226.2
66.1467,644.1
66.15,-1319.1
66.1533,-301.5
66.1567,7.8
66.16,1358.1
66.1633,873.3
66.1667,-1812
66.17,-1513.2
66.1733,-515.4
66.1767,154.8
66.18,568.5
66.1833,47.4
66.1867,-466.8
66.19,-1115.4
66.1933,-24.6
66.1967,-675.6
66.2,-5.1
66.2033,583.8
66.2067,-342.6
66.21,-336.9
66.2133,883.5
66.2167,158.4
66.22,-1102.2
66.2233,-1052.7
66.2267,-173.4
66.23,-394.8
66.2333,344.4
66.2367,101.4
66.24,-156.3
66.2433,1223.1
66.2467,-264.9
66.25,-724.2
66.2533,-1192.5
66.2567,-694.2
66.26,-760.8
66.2633,-408.3
66.2667,-347.7
66.27,-403.5
66.2733,-275.4
66.2767,-354.6
66.28,-3.3
66.2833,-143.7
66.2867,-504.9
66.29,-311.4
66.2933,-217.2
66.2967,-45.3
66.3,46.8
66.3033,-269.1
66.3067,-507
66.31,94.5
66.3133,-118.8
66.3167,-402.9
66.32,-536.1
66.3233,-381.3
66.3267,-280.2
66.33,-428.7
66.3333,-326.4
66.3367,-215.4
66.34,-318.6
66.3433,-330.9
66.3467,-71.4
66.35,-100.8
66.3533,-264.3
66.3567,-12.6
66.36,-720
66.3633,-432
66.3667,-250.2
66.37,-179.4
66.3733,-542.4
66.3767,-246.3
66.38,-309
66.3833,-385.2
66.3867,-514.5
66.39,-375.3
66.3933,-350.1
66.3967,-110.7
66.4,-340.5
66.4033,-527.4
66.4067,-709.8
66.41,-500.7
66.4133,-561
66.4167,-462.3
66.42,-485.1
66.4233,-385.8
66.4267,-647.1
66.43,-320.4
66.4333,-372
66.4367,-707.1
66.44,-561
66.4433,-445.5
66.4467,48
66.45,169.8
66.4533,-958.5
66.4567,-837.9
66.46,-683.1
66.4633,-665.7
66.4667,-786.3
66.47,-807.3
66.4733,-637.5
66.4767,-754.2
66.48,-690.3
66.4833,-675.9
66.4867,-866.1
66.49,-739.5
66.4933,-702.3
66.4967,-674.1
66.5,-682.2
66.5033,-841.2
66.5067,-792.6
66.51,-798.9
66.5133,-797.1
66.5167,-668.4
66.52,-736.5
66.5233,-799.8
66.5267,-870.6
66.53,-745.2
66.5333,-680.1
66.5367,-794.1
66.54,-934.2
66.5433,-780.6
66.5467,-609.6
66.55,-782.7
66.5533,-904.2
66.5567,-866.1
66.56,-942
66.5633,-895.8
66.5667,-814.5
66.57,-821.1
66.5733,-880.5
66.5767,-795
66.58,-852.3
66.5833,-832.8
66.5867,-801.3
66.59,-860.4
66.5933,-852.9
66.5967,-843.9
66.6,-795.3
66.6033,-773.1
66.6067,-849.6
66.61,-877.8
66.6133,-868.2
66.6167,-811.8
66.62,-798.6
66.6233,-815.4
66.6267,-792.9
66.63,-794.4
66.6333,-706.5
66.6367,-944.7
66.64,-793.2
66.6433,-801.6
66.6467,-889.8
66.65,-874.8
66.6533,-937.8
66.6567,-867
66.66,-861.9
66.6633,-859.8
66.6667,-844.2
66.67,-827.4
66.6733,-874.8
66.6767,-820.2
66.68,-840.3
66.6833,-859.2
66.6867,-820.8
66.69,-892.2
66.6933,-826.8
66.6967,-880.5
66.7,-865.8
66.7033,-862.5
66.7067,-852.6
66.71,-856.2
66.7133,-867.9
66.7167,-823.8
66.72,-765
66.7233,-841.2
66.7267,-901.5
66.73,-881.4
66.7333,-887.1
66.7367,-869.4
66.74,-869.7
66.7433,-850.5
66.7467,-839.4
66.75,-848.7
66.7533,-832.8
66.7567,-850.5
66.76,-796.2
66.7633,-883.2
66.7667,-861.3
66.77,-853.8
66.7733,-860.4
66.7767,-904.5
66.78,-841.8
66.7833,-797.7
66.7867,-802.8
66.79,-668.7
66.7933,-691.2
66.7967,-608.4
66.8,-983.4
66.8033,-1068.9
66.8067,-1027.2
66.81,-1019.7
66.8133,-936.6
66.8167,-862.5
66.82,-980.4
66.8233,-889.5
66.8267,-936.6
66.83,-835.2
66.8333,-853.2
66.8367,-858.9
66.84,-911.7
66.8433,-945.3
66.8467,-832.5
66.85,-800.4
66.8533,-813.3
66.8567,-894.6
66.86,-829.2
66.8633,-943.2
66.8667,-914.4
66.87,-672.6
66.8733,-918.9
66.8767,-806.1
66.88,-946.8
66.8833,-987.6
66.8867,-935.1
66.89,-820.8
66.8933,-759.3
66.8967,-611.4
66.9,-595.5
66.9033,-928.5
66.9067,-1061.7
66.91,-804.6
66.9133,-714.6
66.9167,-970.8
66.92,-1065.9
66.9233,-868.5
66.9267,-848.7
66.93,-858.6
66.9333,-820.2
66.9367,-785.7
66.94,-813.3
66.9433,-813.6
66.9467,-638.7
66.95,-808.2
66.9533,-847.8
66.9567,-832.5
66.96,-739.2
66.9633,-679.5
66.9667,-781.8
66.97,-708.3
66.9733,-836.1
66.9767,-852.6
66.98,-780
66.9833,-662.1
66.9867,-461.4
66.99,-527.7
66.9933,-640.5
66.9967,-929.4
67,-966
67.0033,-854.7
67.0067,-826.8
67.01,-755.1
67.0133,-629.7
67.0167,-520.2
67.02,-573
67.0233,-765
67.0267,-774.3
67.03,-671.4
67.0333,-762.6
67.0367,-720.9
67.04,-759.9
67.0433,-378.9
67.0467,-618.9
67.05,-596.4
67.0533,-381.9
67.0567,-476.1
67.06,-634.2
67.0633,-678.3
67.0667,-716.1
67.07,-334.5
67.0733,-861.9
67.0767,-792
67.08,-81.6
67.0833,194.4
67.0867,98.7
67.09,-342.6
67.0933,-1150.8
67.0967,-1228.8
67.1,-798
67.1033,67.2
67.1067,-760.5
67.11,-270
67.1133,-179.4
67.1167,-148.5
67.12,-746.4
67.1233,-370.8
67.1267,-1039.8
67.13,-515.7
67.1333,-194.7
67.1367,85.5
67.14,191.7
67.1433,-120.9
67.1467,178.8
67.15,524.4
67.1533,-238.8
67.1567,-1061.1
67.16,-889.5
67.1633,-757.8
67.1667,661.8
67.17,742.5
67.1733,666.6
67.1767,-1636.5
67.18,-1253.4
67.1833,-421.2
67.1867,-475.2
67.19,-366.6
67.1933,564.9
67.1967,60.9
67.2,-215.4
67.2033,408.3
67.2067,1419.3
67.21,-249.9
67.2133,-2541.6
67.2167,161.4
67.22,-210
67.2233,-586.5
67.2267,-227.7
67.23,835.2
67.2333,387.9
67.2367,-832.2
67.24,-762
67.2433,624.3
67.2467,-1002
67.25,921.6
67.2533,219.3
67.2567,-789.6
67.26,-347.1
67.2633,-1462.2
67.2667,-353.7
67.27,-855.9
67.2733,7.8
67.2767,4.2
67.28,-574.2
67.2833,0
67.2867,591.6
67.29,-684.6
67.2933,-343.2
67.2967,-324
67.3,-444.9
67.3033,518.7
67.3067,-307.8
67.31,-1094.7
67.3133,-377.4
67.3167,-311.4
67.32,21.9
67.3233,-28.8
67.3267,-443.4
67.33,-369.3
67.3333,-159.3
67.3367,-129.9
67.34,-483
67.3433,-301.2
67.3467,-267.6
67.35,-249.9
67.3533,-241.8
67.3567,-294.9
67.36,-276.9
67.3633,-289.5
67.3667,-224.7
67.37,-260.7
67.3733,-364.8
67.3767,-217.8
67.38,79.2
67.3833,-77.4
67.3867,-93.3
67.39,113.7
67.3933,-101.1
67.3967,-232.8
67.4,-507
67.4033,-304.2
67.4067,-119.4
67.41,-278.1
67.4133,100.2
67.4167,-335.1
67.42,-545.4
67.4233,-660.3
67.4267,-553.8
67.43,-522.6
67.4333,-457.2
67.4367,-438.6
67.44,-423
67.4433,-513.9
67.4467,-460.8
67.45,-345.6
67.4533,-212.7
67.4567,-295.8
67.46,-510.6
67.4633,-484.5
67.4667,-563.1
67.47,-393.6
67.4733,-423.9
67.4767,-379.2
67.48,-222.3
67.4833,-77.4
67.4867,-320.4
67.49,-744.6
67.4933,-706.8
67.4967,-672
67.5,-675
67.5033,-543.9
67.5067,-522.3
67.51,-599.1
67.5133,-650.1
67.5167,-579.3
67.52,-427.8
67.5233,-579.9
67.5267,-638.4
67.53,-657.3
67.5333,-747.3
67.5367,-575.1
67.54,-676.8
67.5433,-555.9
67.5467,-543.6
67.55,-744
67.5533,-597.3
67.5567,-512.1
67.56,-632.7
67.5633,-680.7
67.5667,-912
67.57,-827.7
67.5733,-859.2
67.5767,-729
67.58,-764.7
67.5833,-725.1
67.5867,-791.1
67.59,-841.5
67.5933,-739.5
67.5967,-837.6
67.6,-847.2
67.6033,-741.9
67.6067,-825.6
67.61,-717.3
67.6133,-736.5
67.6167,-819.3
67.62,-721.5
67.6233,-918.9
67.6267,-844.5
67.63,-834.3
67.6333,-801.9
67.6367,-910.8
67.64,-826.2
67.6433,-753.9
67.6467,-806.7
67.65,-949.5
67.6533,-818.4
67.6567,-884.7
67.66,-889.2
67.6633,-842.4
67.6667,-826.8
67.67,-883.2
67.6733,-902.1
67.6767,-814.2
67.68,-754.2
67.6833,-805.2
67.6867,-834.3
67.69,-919.5
67.6933,-904.2
67.6967,-876.6
67.7,-897
67.7033,-855.6
67.7067,-813.6
67.71,-871.8
67.7133,-831
67.7167,-711.3
67.72,-907.5
67.7233,-941.4
67.7267,-872.7
67.73,-891.6
67.7333,-883.2
67.7367,-827.4
67.74,-881.1
67.7433,-861.3
67.7467,-863.1
67.75,-901.8
67.7533,-888.3
67.7567,-809.4
67.76,-758.1
67.7633,-915.9
67.7667,-885
67.77,-891.6
67.7733,-853.5
67.7767,-893.7
67.78,-861
67.7833,-856.8
67.7867,-857.1
67.79,-793.8
67.7933,-875.7
67.7967,-910.2
67.8,-873
67.8033,-856.5
67.8067,-855.3
67.81,-874.5
67.8133,-837
67.8167,-852.3
67.82,-746.4
67.8233,-960.6
67.8267,-948.9
67.83,-857.7
67.8333,-887.4
67.8367,-881.1
67.84,-872.4
67.8433,-897
67.8467,-868.8
67.85,-888
67.8533,-890.1
67.8567,-891
67.86,-892.5
67.8633,-882.3
67.8667,-889.8
67.87,-875.4
67.8733,-882.3
67.8767,-895.5
67.88,-871.8
67.8833,-890.7
67.8867,-872.1
67.89,-852
67.8933,-875.1
67.8967,-876
67.9,-875.7
67.9033,-852.3
67.9067,-864.3
67.91,-887.4
67.9133,-900.9
67.9167,-888
67.92,-875.4
67.9233,-868.8
67.9267,-894.9
67.93,-885.9
67.9333,-876.6
67.9367,-822.9
67.94,-710.4
67.9433,-978.3
67.9467,-927
67.95,-910.8
67.9533,-885.6
67.9567,-885.9
67.96,-875.1
67.9633,-855.3
67.9667,-848.4
67.97,-852.3
67.9733,-868.8
67.9767,-784.5
67.98,-723.9
67.9833,-720.6
67.9867,-798.6
67.99,-674.1
67.9933,-825.9
67.9967,-862.5
68,-995.4
68.0033,-853.5
68.0067,-919.2
68.01,-892.2
68.0133,-889.2
68.0167,-948.9
68.02,-851.7
68.0233,-846.3
68.0267,-959.7
68.03,-1003.5
68.0333,-957
68.0367,-783
68.04,-600.6
68.0433,-910.2
68.0467,-764.4
68.05,-762
68.0533,-862.5
68.0567,-645.9
68.06,-887.7
68.0633,-1057.8
68.0667,-950.1
68.07,-968.7
68.0733,-620.4
68.0767,-383.7
68.08,-849.6
68.0833,-1107.6
68.0867,-1016.1
68.09,-978.6
68.0933,-943.2
68.0967,-795
68.1,-759
68.1033,-793.2
68.1067,-804.9
68.11,-742.8
68.1133,-681.6
68.1167,-790.5
68.12,-810.6
68.1233,-746.1
68.1267,-598.5
68.13,-426.3
68.1333,-497.1
68.1367,-1062.6
68.14,-754.5
68.1433,-788.1
68.1467,-641.1
68.15,-566.7
68.1533,-574.8
68.1567,-1166.4
68.16,-609.6
68.1633,-467.1
68.1667,-631.5
68.17,-296.1
68.1733,-603.9
68.1767,-1002.3
68.18,-864.6
68.1833,-801
68.1867,-505.5
68.19,-624.6
68.1933,-568.8
68.1967,-340.5
68.2,-265.8
68.2033,-82.8
68.2067,-866.7
68.21,-737.7
68.2133,191.4
68.2167,-114
68.22,-1285.8
68.2233,-542.4
68.2267,38.4
68.23,-579.3
68.2333,-438.9
68.2367,-165.3
68.24,-389.4
68.2433,-759.6
68.2467,-997.5
68.25,531
68.2533,330.9
68.2567,96.3
68.26,97.5
68.2633,-1059
68.2667,-82.2
68.27,-228.6
68.2733,-423
68.2767,-1362.6
68.28,630
68.2833,795
68.2867,-816.9
68.29,-1380.9
68.2933,-183.6
68.2967,-583.2
68.3,-186.3
68.3033,-1196.4
68.3067,-321.6
68.31,1142.7
68.3133,861.3
68.3167,375.6
68.32,-310.2
68.3233,-1339.5
68.3267,-392.7
68.33,-254.1
68.3333,-516.6
68.3367,-737.7
68.34,639
68.3433,2100.3
68.3467,-956.1
68.35,-1297.5
68.3533,-1014
68.3567,772.8
68.36,-732.9
68.3633,-1070.1
68.3667,-12.3
68.37,1284.3
68.3733,660.6
68.3767,-241.8
68.38,-1280.4
68.3833,-777.6
68.3867,-367.8
68.39,-243
68.3933,-129.3
68.3967,27
68.4,54.6
68.4033,-519
68.4067,187.5
68.41,79.8
68.4133,-491.1
68.4167,-929.1
68.42,-510.9
68.4233,-407.1
68.4267,-141.6
68.43,-30.6
68.4333,-228.9
68.4367,-555.9
68.44,-176.7
68.4433,132.6
68.4467,-228.3
68.45,-108.3
68.4533,-279.9
68.4567,214.2
68.46,-258.6
68.4633,-356.7
68.4667,-79.5
68.47,-154.5
68.4733,-416.4
68.4767,-271.2
68.48,-293.7
68.4833,-184.5
68.4867,-130.8
68.49,-225.9
68.4933,-204.6
68.4967,-342.6
68.5,-470.4
68.5033,-289.5
68.5067,-334.8
68.51,-273
68.5133,-278.1
68.5167,-240.9
68.52,-237.9
68.5233,-332.4
68.5267,-318.3
68.53,-320.4
68.5333,-285
68.5367,-236.1
68.54,-364.5
68.5433,-226.8
68.5467,-333.6
68.55,-335.4
68.5533,-252.3
68.5567,-494.1
68.56,-372.9
68.5633,-244.5
68.5667,-219.3
68.57,-353.7
68.5733,-405.6
68.5767,-308.1
68.58,-497.7
68.5833,-624.3
68.5867,-574.8
68.59,-478.8
68.5933,-429.9
68.5967,-483
68.6,-515.7
68.6033,-576.9
68.6067,-501.3
68.61,-435
68.6133,-416.7
68.6167,-471.6
68.62,-367.5
68.6233,-337.8
68.6267,-506.7
68.63,-576.6
68.6333,-399.9
68.6367,-380.7
68.64,-543.9
68.6433,-579.6
68.6467,-655.8
68.65,-483.9
68.6533,-486.3
68.6567,-524.1
68.66,-626.7
68.6633,-449.1
68.6667,-519.9
68.67,-584.7
68.6733,-608.7
68.6767,-571.5
68.68,-560.4
68.6833,-487.8
68.6867,-497.4
68.69,-469.8
68.6933,-627.9
68.6967,-417
68.7,-256.5
68.7033,-686.1
68.7067,-558
68.71,-728.4
68.7133,-742.8
68.7167,-753.6
68.72,-704.1
68.7233,-686.7
68.7267,-662.7
68.73,-660.6
68.7333,-633
68.7367,-724.2
68.74,-602.4
68.7433,-741.3
68.7467,-744.9
68.75,-818.4
68.7533,-750.3
68.7567,-749.1
68.76,-699.9
68.7633,-719.4
68.7667,-782.7
68.77,-815.1
68.7733,-645.9
68.7767,-638.1
68.78,-753.6
68.7833,-824.4
68.7867,-718.8
68.79,-869.4
68.7933,-862.8
68.7967,-825.9
68.8,-836.1
68.8033,-887.7
68.8067,-843.3
68.81,-878.7
68.8133,-787.8
68.8167,-809.1
68.82,-828.9
68.8233,-830.4
68.8267,-838.5
68.83,-803.1
68.8333,-859.8
68.8367,-782.1
68.84,-811.2
68.8433,-881.7
68.8467,-836.1
68.85,-838.5
68.8533,-829.2
68.8567,-735.3
68.86,-651.9
68.8633,-946.5
68.8667,-847.8
68.87,-839.7
68.8733,-771.6
68.8767,-756.6
68.88,-815.4
68.8833,-930
68.8867,-858.6
68.89,-885
68.8933,-840.9
68.8967,-853.8
68.9,-833.4
68.9033,-831
68.9067,-821.1
68.91,-840.3
68.9133,-846.6
68.9167,-840.6
68.92,-856.5
68.9233,-856.2
68.9267,-861
68.93,-830.4
68.9333,-840.9
68.9367,-828.6
68.94,-831.3
68.9433,-838.5
68.9467,-809.4
68.95,-785.7
68.9533,-801.9
68.9567,-860.1
68.96,-872.1
68.9633,-891.9
68.9667,-784.2
68.97,-841.2
68.9733,-864.6
68.9767,-875.4
68.98,-844.8
68.9833,-861.9
68.9867,-857.4
68.99,-876.6
68.9933,-840.6
68.9967,-870.6
69,-833.4
69.0033,-822
69.0067,-875.7
69.01,-852.9
69.0133,-859.2
69.0167,-843.6
69.02,-853.8
69.0233,-865.8
69.0267,-850.5
69.03,-812.7
69.0333,-846.6
69.0367,-779.4
69.04,-886.5
69.0433,-875.4
69.0467,-824.7
69.05,-854.7
69.0533,-899.7
69.0567,-847.8
69.06,-787.2
69.0633,-824.1
69.0667,-924
69.07,-848.7
69.0733,-849.9
69.0767,-867.9
69.08,-848.1
69.0833,-842.7
69.0867,-849.9
69.09,-880.8
69.0933,-852.3
69.0967,-815.1
69.1,-841.2
69.1033,-881.1
69.1067,-878.7
69.11,-835.5
69.1133,-861.6
69.1167,-870.9
69.12,-821.7
69.1233,-892.2
69.1267,-864
69.13,-786.3
69.1333,-841.5
69.1367,-807
69.14,-875.4
69.1433,-876.6
69.1467,-857.7
69.15,-871.2
69.1533,-872.7
69.1567,-881.4
69.16,-861
69.1633,-840
69.1667,-853.2
69.17,-867.3
69.1733,-857.7
69.1767,-851.1
69.18,-774.9
69.1833,-827.1
69.1867,-806.7
69.19,-894.6
69.1933,-882.6
69.1967,-856.5
69.2,-863.1
69.2033,-860.4
69.2067,-852
69.21,-853.8
69.2133,-838.5
69.2167,-857.1
69.22,-831.9
69.2233,-849
69.2267,-849
69.23,-855
69.2333,-834
69.2367,-878.4
69.24,-820.5
69.2433,-809.1
69.2467,-846.9
69.25,-843.9
69.2533,-852
69.2567,-853.8
69.26,-850.8
69.2633,-852.6
69.2667,-848.7
69.27,-843.6
69.2733,-816.6
69.2767,-822.3
69.28,-822
69.2833,-851.1
69.2867,-868.2
69.29,-840.6
69.2933,-852.3
69.2967,-848.4
69.3,-844.5
69.3033,-842.7
69.3067,-833.7
69.31,-840.6
69.3133,-840.6
69.3167,-838.8
69.32,-828.6
69.3233,-842.7
69.3267,-845.1
69.33,-831.3
69.3333,-849.6
69.3367,-845.4
69.34,-843.9
69.3433,-832.8
69.3467,-829.5
69.35,-841.5
69.3533,-842.1
69.3567,-844.5
69.36,-843.3
69.3633,-841.5
69.3667,-842.7
69.37,-841.5
69.3733,-842.7
69.3767,-841.5
69.38,-844.5
69.3833,-843.6
69.3867,-840.3
69.39,-843.6
69.3933,-841.2
69.3967,-841.8
69.4,-845.7
69.4033,-843
69.4067,-846.3
69.41,-842.4
69.4133,-850.5
69.4167,-855.3
69.42,-851.4
69.4233,-848.7
69.4267,-851.7
69.43,-853.8
69.4333,-856.2
69.4367,-856.5
69.44,-855.9
69.4433,-855.9
69.4467,-851.7
69.45,-833.1
69.4533,-802.8
69.4567,-871.5
69.46,-882.6
69.4633,-885.9
69.4667,-885.3
69.47,-879.6
69.4733,-871.2
69.4767,-882.9
69.48,-886.2
69.4833,-892.2
69.4867,-869.7
69.49,-861
69.4933,-855.9
69.4967,-855.6
69.5,-777.3
69.5033,-769.8
69.5067,-909.6
69.51,-970.2
69.5133,-929.7
69.5167,-934.5
69.52,-847.2
69.5233,-1003.5
69.5267,-939
69.53,-894.3
69.5333,-911.4
69.5367,-920.4
69.54,-879
69.5433,-895.2
69.5467,-907.2
69.55,-905.7
69.5533,-902.1
69.5567,-898.2
69.56,-893.7
69.5633,-891.3
69.5667,-888.6
69.57,-888
69.5733,-893.1
69.5767,-894.3
69.58,-886.2
69.5833,-875.4
69.5867,-871.8
69.59,-909.9
69.5933,-899.4
69.5967,-888.6
69.6,-855.9
69.6033,-840.9
69.6067,-867.3
69.61,-976.2
69.6133,-905.1
69.6167,-910.2
69.62,-902.1
69.6233,-899.7
69.6267,-894.6
69.63,-894.6
69.6333,-893.1
69.6367,-891.9
69.64,-892.2
69.6433,-887.7
69.6467,-889.8
69.65,-888.9
69.6533,-889.8
69.6567,-894.6
69.66,-885.3
69.6633,-885.6
69.6667,-886.2
69.67,-887.4
69.6733,-886.8
69.6767,-888.9
69.68,-884.1
69.6833,-885.3
69.6867,-882.9
69.69,-883.8
69.6933,-881.7
69.6967,-879.3
69.7,-871.5
69.7033,-883.5
69.7067,-877.5
69.71,-885.6
69.7133,-878.1
69.7167,-852
69.72,-879
69.7233,-907.5
69.7267,-849.9
69.73,-839.4
69.7333,-907.8
69.7367,-921.3
69.74,-894
69.7433,-886.8
69.7467,-885.6
69.75,-889.8
69.7533,-880.2
69.7567,-888
69.76,-886.2
69.7633,-870.9
69.7667,-865.2
69.77,-894.3
69.7733,-874.5
69.7767,-873.6
69.78,-871.8
69.7833,-864.9
69.7867,-863.4
69.79,-889.2
69.7933,-890.4
69.7967,-882.3
69.8,-866.1
69.8033,-815.1
69.8067,-833.7
69.81,-922.8
69.8133,-894.6
69.8167,-896.4
69.82,-899.4
69.8233,-856.8
69.8267,-881.7
69.83,-892.2
69.8333,-871.5
69.8367,-876.3
69.84,-881.4
69.8433,-869.7
69.8467,-859.2
69.85,-828.3
69.8533,-900.3
69.8567,-924.9
69.86,-959.7
69.8633,-929.4
