Time,X3:EMGLE
0,-86.1
0.0033,-72.3
0.0067,-87.3
0.01,-86.7
0.0133,-82.2
0.0167,-86.4
0.02,-79.2
0.0233,-78.6
0.0267,-82.8
0.03,-81.3
0.0333,-85.8
0.0367,-87.6
0.04,-83.7
0.0433,-74.1
0.0467,-87.9
0.05,-80.1
0.0533,-93.9
0.0567,-79.8
0.06,-80.1
0.0633,-82.2
0.0667,-86.1
0.07,-81.9
0.0733,-78
0.0767,-87
0.08,-79.5
0.0833,-83.1
0.0867,-80.4
0.09,-82.5
0.0933,-86.7
0.0967,-77.7
0.1,-81.6
0.1033,-76.8
0.1067,-81
0.11,-93
0.1133,-74.1
0.1167,-79.2
0.12,-80.7
0.1233,-84.9
0.1267,-80.7
0.13,-83.4
0.1333,-81.3
0.1367,-85.2
0.14,-75.9
0.1433,-88.8
0.1467,-73.5
0.15,-77.7
0.1533,-87.3
0.1567,-75.6
0.16,-75.6
0.1633,-70.8
0.1667,-69
0.17,-79.2
0.1733,-78.6
0.1767,-76.5
0.18,-77.1
0.1833,-70.8
0.1867,-83.4
0.19,-83.7
0.1933,-85.5
0.1967,-78.6
0.2,-74.1
0.2033,-80.4
0.2067,-73.2
0.21,-84.6
0.2133,-80.1
0.2167,-75.9
0.22,-68.7
0.2233,-75.9
0.2267,-83.1
0.23,-79.8
0.2333,-79.8
0.2367,-78
0.24,-77.7
0.2433,-76.2
0.2467,-79.5
0.25,-76.2
0.2533,-78
0.2567,-75
0.26,-82.2
0.2633,-73.2
0.2667,-81.6
0.27,-77.1
0.2733,-75.9
0.2767,-74.1
0.28,-70.8
0.2833,-74.7
0.2867,-72.6
0.29,-92.1
0.2933,-71.7
0.2967,-84.3
0.3,-79.2
0.3033,-80.4
0.3067,-68.7
0.31,-73.8
0.3133,-90
0.3167,-74.1
0.32,-79.8
0.3233,-77.1
0.3267,-83.1
0.33,-84
0.3333,-78.3
0.3367,-66.3
0.34,-74.4
0.3433,-82.8
0.3467,-80.1
0.35,-77.1
0.3533,-80.7
0.3567,-80.1
0.36,-75.9
0.3633,-73.8
0.3667,-78
0.37,-75
0.3733,-80.4
0.3767,-73.5
0.38,-77.1
0.3833,-79.8
0.3867,-80.7
0.39,-72.9
0.3933,-75
0.3967,-74.7
0.4,-72.3
0.4033,-73.5
0.4067,-75.6
0.41,-75.3
0.4133,-78.3
0.4167,-69.6
0.42,-70.8
0.4233,-51
0.4267,-79.8
0.43,-75
0.4333,-78
0.4367,-66.6
0.44,-77.7
0.4433,-76.2
0.4467,-78
0.45,-69
0.4533,-72
0.4567,-70.5
0.46,-73.8
0.4633,-91.2
0.4667,-72
0.47,-78.9
0.4733,-82.8
0.4767,-73.2
0.48,-72
0.4833,-76.5
0.4867,-80.4
0.49,-84.9
0.4933,-77.7
0.4967,-74.7
0.5,-76.8
0.5033,-82.2
0.5067,-75.9
0.51,-79.8
0.5133,-79.8
0.5167,-73.8
0.52,-73.8
0.5233,-76.2
0.5267,-79.2
0.53,-76.2
0.5333,-77.1
0.5367,-79.2
0.54,-74.4
0.5433,-70.5
0.5467,-76.8
0.55,-65.1
0.5533,-67.8
0.5567,-81.9
0.56,-78.9
0.5633,-71.4
0.5667,-92.4
0.57,-80.1
0.5733,-78.3
0.5767,-80.7
0.58,-66.3
0.5833,-76.5
0.5867,-87.9
0.59,-83.4
0.5933,-84.6
0.5967,-67.8
0.6,-78.3
0.6033,-77.4
0.6067,-79.5
0.61,-78.9
0.6133,-79.8
0.6167,-79.2
0.62,-71.7
0.6233,-74.7
0.6267,-79.8
0.63,-79.8
0.6333,-72.3
0.6367,-82.8
0.64,-70.2
0.6433,-77.1
0.6467,-78.9
0.65,-72.9
0.6533,-81.9
0.6567,-68.7
0.66,-72.6
0.6633,-67.2
0.6667,-72
0.67,-67.8
0.6733,-73.5
0.6767,-66
0.68,-65.4
0.6833,-79.2
0.6867,-78
0.69,-81.6
0.6933,-73.8
0.6967,-57.6
0.7,-62.1
0.7033,-86.1
0.7067,-78.3
0.71,-86.7
0.7133,-81.3
0.7167,-72.9
0.72,-72.3
0.7233,-82.2
0.7267,-78.3
0.73,-77.7
0.7333,-77.7
0.7367,-69.3
0.74,-76.2
0.7433,-66
0.7467,-88.2
0.75,-73.2
0.7533,-66.6
0.7567,-77.4
0.76,-75.6
0.7633,-72.9
0.7667,-72
0.77,-66.3
0.7733,-83.1
0.7767,-77.1
0.78,-76.8
0.7833,-76.2
0.7867,-76.2
0.79,-67.8
0.7933,-79.2
0.7967,-72.9
0.8,-75.3
0.8033,-69.9
0.8067,-75.6
0.81,-69.3
0.8133,-66.9
0.8167,-69
0.82,-64.5
0.8233,-70.8
0.8267,-71.7
0.83,-74.7
0.8333,-73.8
0.8367,-67.8
0.84,-75.6
0.8433,-64.5
0.8467,-71.4
0.85,-72.3
0.8533,-80.1
0.8567,-81.9
0.86,-82.5
0.8633,-71.7
0.8667,-68.1
0.87,-91.5
0.8733,-77.1
0.8767,-76.5
0.88,-74.1
0.8833,-75
0.8867,-79.5
0.89,-73.8
0.8933,-75.3
0.8967,-72.6
0.9,-65.4
0.9033,-60
0.9067,-77.7
0.91,-81.6
0.9133,-78
0.9167,-73.8
0.92,-69.3
0.9233,-72.9
0.9267,-71.1
0.93,-72.9
0.9333,-75.3
0.9367,-66.6
0.94,-72
0.9433,-64.5
0.9467,-78.3
0.95,-78
0.9533,-73.5
0.9567,-75.3
0.96,-63.9
0.9633,-72
0.9667,-69.9
0.97,-79.5
0.9733,-72.3
0.9767,-69.9
0.98,-76.2
0.9833,-60.3
0.9867,-63.6
0.99,-78.6
0.9933,-69.3
0.9967,-72
1,-75
1.0033,-60.6
1.0067,-81.9
1.01,-80.1
1.0133,-72.9
1.0167,-58.8
1.02,-77.1
1.0233,-71.7
1.0267,-81.3
1.03,-74.7
1.0333,-65.7
1.0367,-80.7
1.04,-70.8
1.0433,-60.9
1.0467,-77.7
1.05,-70.2
1.0533,-71.4
1.0567,-73.8
1.06,-69.6
1.0633,-67.5
1.0667,-75.3
1.07,-73.2
1.0733,-71.7
1.0767,-66.6
1.08,-69
1.0833,-68.7
1.0867,-78.3
1.09,-73.5
1.0933,-78
1.0967,-66.9
1.1,-79.2
1.1033,-67.8
1.1067,-76.5
1.11,-72.3
1.1133,-65.7
1.1167,-68.1
1.12,-73.8
1.1233,-64.8
1.1267,-76.5
1.13,-69.9
1.1333,-66
1.1367,-76.2
1.14,-69
1.1433,-68.7
1.1467,-76.2
1.15,-76.5
1.1533,-69.6
1.1567,-66.3
1.16,-72.3
1.1633,-77.4
1.1667,-60.6
1.17,-66
1.1733,-89.1
1.1767,-67.2
1.18,-69.3
1.1833,-65.4
1.1867,-78.6
1.19,-71.1
1.1933,-71.7
1.1967,-68.7
1.2,-61.2
1.2033,-70.2
1.2067,-70.2
1.21,-69
1.2133,-72.6
1.2167,-68.4
1.22,-69.9
1.2233,-70.8
1.2267,-70.2
1.23,-69.3
1.2333,-76.5
1.2367,-61.2
1.24,-69
1.2433,-71.7
1.2467,-67.8
1.25,-72.9
1.2533,-70.2
1.2567,-68.1
1.26,-65.1
1.2633,-60.3
1.2667,-75.9
1.27,-65.1
1.2733,-73.2
1.2767,-70.8
1.28,-63.9
1.2833,-69.6
1.2867,-69.3
1.29,-75.9
1.2933,-67.2
1.2967,-63.9
1.3,-80.4
1.3033,-68.4
1.3067,-88.2
1.31,-72
1.3133,-67.2
1.3167,-75
1.32,-60.3
1.3233,-67.8
1.3267,-77.4
1.33,-72
1.3333,-76.5
1.3367,-67.2
1.34,-71.4
1.3433,-69.6
1.3467,-72.6
1.35,-63.9
1.3533,-70.2
1.3567,-65.1
1.36,-67.5
1.3633,-66.6
1.3667,-71.7
1.37,-71.4
1.3733,-72.6
1.3767,-67.5
1.38,-71.4
1.3833,-61.2
1.3867,-70.5
1.39,-69
1.3933,-71.7
1.3967,-66.3
1.4,-75.3
1.4033,-67.5
1.4067,-80.7
1.41,-53.4
1.4133,-62.1
1.4167,-72.9
1.42,-77.1
1.4233,-72.6
1.4267,-69.6
1.43,-71.4
1.4333,-78.3
1.4367,-74.1
1.44,-73.2
1.4433,-81.6
1.4467,-68.1
1.45,-66.6
1.4533,-83.7
1.4567,-70.2
1.46,-69.3
1.4633,-74.1
1.4667,-80.1
1.47,-71.1
1.4733,-75.6
1.4767,-79.5
1.48,-72.6
1.4833,-77.1
1.4867,-71.4
1.49,-74.7
1.4933,-70.8
1.4967,-70.5
1.5,-73.5
1.5033,-73.8
1.5067,-70.8
1.51,-65.7
1.5133,-66
1.5167,-69.9
1.52,-71.7
1.5233,-69
1.5267,-70.8
1.53,-70.8
1.5333,-73.2
1.5367,-67.8
1.54,-68.7
1.5433,-62.7
1.5467,-73.8
1.55,-68.7
1.5533,-69
1.5567,-76.5
1.56,-64.2
1.5633,-58.5
1.5667,-80.7
1.57,-73.2
1.5733,-73.2
1.5767,-70.5
1.58,-79.5
1.5833,-72.3
1.5867,-69.3
1.59,-70.8
1.5933,-71.1
1.5967,-68.4
1.6,-74.4
1.6033,-76.8
1.6067,-74.4
1.61,-81.6
1.6133,-72.9
1.6167,-67.2
1.62,-73.8
1.6233,-75.3
1.6267,-75.9
1.63,-72.6
1.6333,-72.6
1.6367,-63
1.64,-70.8
1.6433,-70.5
1.6467,-78.3
1.65,-75.9
1.6533,-72.6
1.6567,-75.3
1.66,-66.9
1.6633,-72.6
1.6667,-76.2
1.67,-71.7
1.6733,-77.4
1.6767,-61.2
1.68,-59.4
1.6833,-73.2
1.6867,-73.8
1.69,-75.9
1.6933,-64.8
1.6967,-84.3
1.7,-75.3
1.7033,-80.1
1.7067,-57.3
1.71,-66.6
1.7133,-81.6
1.7167,-77.7
1.72,-68.1
1.7233,-73.2
1.7267,-82.2
1.73,-78.3
1.7333,-74.4
1.7367,-75.6
1.74,-86.4
1.7433,-76.2
1.7467,-66.9
1.75,-69.6
1.7533,-69.9
1.7567,-76.8
1.76,-78
1.7633,-73.5
1.7667,-78.9
1.77,-81.6
1.7733,-72.9
1.7767,-76.8
1.78,-78.6
1.7833,-68.7
1.7867,-72
1.79,-76.5
1.7933,-77.4
1.7967,-79.2
1.8,-71.4
1.8033,-82.8
1.8067,-77.4
1.81,-75.3
1.8133,-76.8
1.8167,-70.5
1.82,-71.4
1.8233,-66.6
1.8267,-75
1.83,-81.9
1.8333,-71.4
1.8367,-76.2
1.84,-69
1.8433,-75
1.8467,-83.1
1.85,-61.5
1.8533,-68.1
1.8567,-67.5
1.86,-74.1
1.8633,-69.3
1.8667,-74.4
1.87,-78.3
1.8733,-73.2
1.8767,-72.3
1.88,-81
1.8833,-76.2
1.8867,-71.7
1.89,-78
1.8933,-83.4
1.8967,-74.4
1.9,-75.3
1.9033,-74.7
1.9067,-76.2
1.91,-77.1
1.9133,-69.3
1.9167,-75.9
1.92,-76.8
1.9233,-78.6
1.9267,-84
1.93,-78
1.9333,-69
1.9367,-85.2
1.94,-70.2
1.9433,-74.4
1.9467,-66.3
1.95,-71.4
1.9533,-81.9
1.9567,-72.9
1.96,-65.1
1.9633,-72
1.9667,-79.2
1.97,-77.7
1.9733,-73.5
1.9767,-70.5
1.98,-75.3
1.9833,-77.7
1.9867,-83.4
1.99,-75.9
1.9933,-74.7
1.9967,-81
2,-72.9
2.0033,-67.8
2.0067,-70.8
2.01,-73.2
2.0133,-76.8
2.0167,-85.2
2.02,-73.5
2.0233,-81.9
2.0267,-84.3
2.03,-71.4
2.0333,-80.1
2.0367,-68.1
2.04,-74.7
2.0433,-81.9
2.0467,-80.7
2.05,-73.8
2.0533,-80.1
2.0567,-75.3
2.06,-75.9
2.0633,-73.8
2.0667,-85.2
2.07,-76.8
2.0733,-72
2.0767,-75
2.08,-83.1
2.0833,-66.6
2.0867,-64.2
2.09,-82.5
2.0933,-78.3
2.0967,-75.9
2.1,-83.4
2.1033,-78.3
2.1067,-82.2
2.11,-79.8
2.1133,-74.7
2.1167,-66.6
2.12,-74.1
2.1233,-74.1
2.1267,-72.9
2.13,-73.2
2.1333,-66.6
2.1367,-73.8
2.14,-83.7
2.1433,-68.4
2.1467,-69.6
2.15,-67.2
2.1533,-58.5
2.1567,-81
2.16,-84.6
2.1633,-77.7
2.1667,-77.4
2.17,-73.8
2.1733,-73.2
2.1767,-78.3
2.18,-79.8
2.1833,-68.4
2.1867,-72
2.19,-79.8
2.1933,-73.8
2.1967,-63
2.2,-81.6
2.2033,-75
2.2067,-68.1
2.21,-74.4
2.2133,-82.2
2.2167,-74.4
2.22,-72
2.2233,-72
2.2267,-75.6
2.23,-75.3
2.2333,-68.7
2.2367,-70.8
2.24,-74.7
2.2433,-72
2.2467,-71.1
2.25,-76.5
2.2533,-76.5
2.2567,-71.4
2.26,-73.2
2.2633,-72.6
2.2667,-71.7
2.27,-63.9
2.2733,-67.5
2.2767,-65.4
2.28,-64.8
2.2833,-83.4
2.2867,-65.4
2.29,-72.3
2.2933,-64.5
2.2967,-67.8
2.3,-71.7
2.3033,-69.9
2.3067,-64.8
2.31,-71.7
2.3133,-66.9
2.3167,-65.1
2.32,-60
2.3233,-71.4
2.3267,-71.4
2.33,-76.2
2.3333,-70.5
2.3367,-64.2
2.34,-64.2
2.3433,-69
2.3467,-68.7
2.35,-67.5
2.3533,-66.3
2.3567,-65.1
2.36,-65.7
2.3633,-61.8
2.3667,-65.4
2.37,-63.9
2.3733,-66.9
2.3767,-61.5
2.38,-71.4
2.3833,-66.3
2.3867,-77.7
2.39,-61.2
2.3933,-66
2.3967,-63.3
2.4,-64.2
2.4033,-69
2.4067,-61.2
2.41,-69.6
2.4133,-63.6
2.4167,-56.4
2.42,-49.5
2.4233,-54.9
2.4267,-77.7
2.43,-72.9
2.4333,-69.6
2.4367,-65.7
2.44,-66.9
2.4433,-70.5
2.4467,-60.3
2.45,-65.4
2.4533,-58.2
2.4567,-60
2.46,-60
2.4633,-87.3
2.4667,-68.7
2.47,-62.7
2.4733,-60.9
2.4767,-55.5
2.48,-60
2.4833,-68.4
2.4867,-62.4
2.49,-66
2.4933,-69
2.4967,-57.3
2.5,-63
2.5033,-67.2
2.5067,-64.2
2.51,-60.6
2.5133,-62.4
2.5167,-59.7
2.52,-62.7
2.5233,-62.4
2.5267,-62.7
2.53,-59.7
2.5333,-63.6
2.5367,-60.3
2.54,-68.4
2.5433,-58.2
2.5467,-56.4
2.55,-66.9
2.5533,-60.9
2.5567,-57
2.56,-71.7
2.5633,-72.6
2.5667,-72.9
2.57,-63
2.5733,-63.3
2.5767,-64.5
2.58,-72.9
2.5833,-63.9
2.5867,-68.4
2.59,-66.3
2.5933,-60.3
2.5967,-64.8
2.6,-65.1
2.6033,-61.2
2.6067,-63.3
2.61,-58.8
2.6133,-76.5
2.6167,-56.4
2.62,-69.6
2.6233,-66.3
2.6267,-68.4
2.63,-66.9
2.6333,-65.7
2.6367,-62.4
2.64,-63
2.6433,-69
2.6467,-65.1
2.65,-67.5
2.6533,-64.2
2.6567,-63
2.66,-61.5
2.6633,-70.2
2.6667,-65.7
2.67,-61.2
2.6733,-60.9
2.6767,-64.2
2.68,-56.7
2.6833,-63.3
2.6867,-65.1
2.69,-60.6
2.6933,-63
2.6967,-67.5
2.7,-61.8
2.7033,-46.5
2.7067,-76.8
2.71,-68.1
2.7133,-65.7
2.7167,-66.3
2.72,-63.9
2.7233,-60.9
2.7267,-65.1
2.73,-63
2.7333,-58.8
2.7367,-60.6
2.74,-65.4
2.7433,-63.9
2.7467,-56.7
2.75,-62.7
2.7533,-58.2
2.7567,-66
2.76,-61.2
2.7633,-62.1
2.7667,-66.9
2.77,-58.2
2.7733,-59.1
2.7767,-50.1
2.78,-66.3
2.7833,-62.1
2.7867,-64.2
2.79,-61.2
2.7933,-65.4
2.7967,-60.9
2.8,-57.9
2.8033,-60.9
2.8067,-63.9
2.81,-60.6
2.8133,-60
2.8167,-58.2
2.82,-61.5
2.8233,-67.2
2.8267,-63.3
2.83,-62.1
2.8333,-36.6
2.8367,-58.5
2.84,-62.4
2.8433,-59.7
2.8467,-80.4
2.85,-72.3
2.8533,-48.9
2.8567,-71.4
2.86,-61.8
2.8633,-65.7
2.8667,-58.5
2.87,-50.7
2.8733,-63
2.8767,-66.6
2.88,-57.3
2.8833,-69.6
2.8867,-59.1
2.89,-69
2.8933,-58.2
2.8967,-55.5
2.9,-61.5
2.9033,-68.4
2.9067,-57.3
2.91,-62.1
2.9133,-52.5
2.9167,-63
2.92,-61.2
2.9233,-60.9
2.9267,-63.9
2.93,-59.4
2.9333,-55.8
2.9367,-59.1
2.94,-59.4
2.9433,-65.7
2.9467,-56.4
2.95,-64.5
2.9533,-59.4
2.9567,-56.7
2.96,-63.9
2.9633,-59.7
2.9667,-62.4
2.97,-50.7
2.9733,-56.4
2.9767,-44.4
2.98,-61.2
2.9833,-56.7
2.9867,-68.4
2.99,-59.7
2.9933,-54.9
2.9967,-68.4
3,-57
3.0033,-65.4
3.0067,-56.1
3.01,-60.3
3.0133,-43.8
3.0167,-46.5
3.02,-54.6
3.0233,-71.4
3.0267,-55.8
3.03,-62.7
3.0333,-53.7
3.0367,-57.3
3.04,-61.8
3.0433,-57.9
3.0467,-60.9
3.05,-65.4
3.0533,-51.6
3.0567,-56.1
3.06,-58.2
3.0633,-58.5
3.0667,-57
3.07,-61.5
3.0733,-59.7
3.0767,-60
3.08,-61.5
3.0833,-64.5
3.0867,-61.5
3.09,-57.6
3.0933,-60.9
3.0967,-60.9
3.1,-59.1
3.1033,-54.6
3.1067,-60
3.11,-54.3
3.1133,-62.4
3.1167,-48.3
3.12,-59.4
3.1233,-42.6
3.1267,-62.7
3.13,-69.6
3.1333,-64.2
3.1367,-61.2
3.14,-62.1
3.1433,-72
3.1467,-55.5
3.15,-60.3
3.1533,-56.7
3.1567,-60.6
3.16,-59.1
3.1633,-63.9
3.1667,-70.8
3.17,-58.2
3.1733,-64.5
3.1767,-61.5
3.18,-60.9
3.1833,-66.9
3.1867,-61.2
3.19,-59.1
3.1933,-54.9
3.1967,-60
3.2,-66.6
3.2033,-62.7
3.2067,-65.4
3.21,-60
3.2133,-55.5
3.2167,-59.7
3.22,-56.7
3.2233,-63.6
3.2267,-60.3
3.23,-63.3
3.2333,-56.4
3.2367,-55.5
3.24,-63.6
3.2433,-58.8
3.2467,-65.4
3.25,-50.7
3.2533,-50.4
3.2567,-60.3
3.26,-66.6
3.2633,-55.2
3.2667,-60
3.27,-69
3.2733,-54.6
3.2767,-59.1
3.28,-63.3
3.2833,-62.4
3.2867,-59.4
3.29,-68.1
3.2933,-55.2
3.2967,-60
3.3,-57
3.3033,-62.7
3.3067,-61.8
3.31,-51.6
3.3133,-53.7
3.3167,-66
3.32,-61.2
3.3233,-57.3
3.3267,-57.3
3.33,-61.5
3.3333,-63.6
3.3367,-54.3
3.34,-65.7
3.3433,-61.8
3.3467,-61.2
3.35,-60.3
3.3533,-56.4
3.3567,-54.9
3.36,-63.9
3.3633,-65.4
3.3667,-58.5
3.37,-61.2
3.3733,-60.3
3.3767,-61.5
3.38,-57.6
3.3833,-62.4
3.3867,-57
3.39,-68.7
3.3933,-46.5
3.3967,-52.8
3.4,-48.3
3.4033,-51
3.4067,-61.5
3.41,-63
3.4133,-54.9
3.4167,-67.2
3.42,-56.4
3.4233,-60.3
3.4267,-59.7
3.43,-61.2
3.4333,-53.1
3.4367,-59.1
3.44,-56.7
3.4433,-62.1
3.4467,-54.3
3.45,-53.1
3.4533,-55.8
3.4567,-54.6
3.46,-48
3.4633,-49.5
3.4667,-52.8
3.47,-61.5
3.4733,-52.2
3.4767,-51.3
3.48,-52.5
3.4833,-58.2
3.4867,-55.2
3.49,-53.7
3.4933,-52.2
3.4967,-55.5
3.5,-54.9
3.5033,-56.7
3.5067,-52.8
3.51,-51
3.5133,-51.6
3.5167,-45.3
3.52,-63.3
3.5233,-61.8
3.5267,-35.4
3.53,-63.9
3.5333,-42.3
3.5367,-57.9
3.54,-47.7
3.5433,-54
3.5467,-55.8
3.55,-53.7
3.5533,-46.5
3.5567,-54
3.56,-54.3
3.5633,-55.8
3.5667,-51.3
3.57,-54.9
3.5733,-45.6
3.5767,-60.3
3.58,-56.1
3.5833,-54.3
3.5867,-60
3.59,-54
3.5933,-55.2
3.5967,-55.2
3.6,-54.3
3.6033,-58.2
3.6067,-56.7
3.61,-58.8
3.6133,-51.3
3.6167,-51.6
3.62,-56.7
3.6233,-63.3
3.6267,-60
3.63,-54.9
3.6333,-52.8
3.6367,-57.6
3.64,-56.7
3.6433,-63.3
3.6467,-55.8
3.65,-57
3.6533,-49.2
3.6567,-59.4
3.66,-54.6
3.6633,-49.2
3.6667,-42.6
3.67,-50.7
3.6733,-72
3.6767,-57
3.68,-44.7
3.6833,-57
3.6867,-66.9
3.69,-54.9
3.6933,-54
3.6967,-49.8
3.7,-54.9
3.7033,-52.2
3.7067,-63.3
3.71,-38.1
3.7133,-59.4
3.7167,-63.9
3.72,-53.7
3.7233,-56.1
3.7267,-54.9
3.73,-58.2
3.7333,-50.7
3.7367,-54
3.74,-60.3
3.7433,-50.7
3.7467,-54.3
3.75,-57
3.7533,-46.8
3.7567,-54.3
3.76,-53.1
3.7633,-52.8
3.7667,-53.1
3.77,-57.3
3.7733,-52.8
3.7767,-50.4
3.78,-51.6
3.7833,-57.9
3.7867,-53.7
3.79,-55.5
3.7933,-50.1
3.7967,-52.2
3.8,-36.9
3.8033,-46.8
3.8067,-58.8
3.81,-51.3
3.8133,-54.9
3.8167,-59.1
3.82,-55.2
3.8233,-57.3
3.8267,-57.9
3.83,-53.4
3.8333,-54
3.8367,-50.1
3.84,-54.9
3.8433,-64.2
3.8467,-56.4
3.85,-51.6
3.8533,-47.7
3.8567,-61.2
3.86,-52.8
3.8633,-49.5
3.8667,-57.3
3.87,-60.3
3.8733,-59.7
3.8767,-55.8
3.88,-47.1
3.8833,-56.7
3.8867,-55.5
3.89,-48.6
3.8933,-53.1
3.8967,-54.6
3.9,-50.1
3.9033,-54.6
3.9067,-53.1
3.91,-52.5
3.9133,-46.2
3.9167,-54.9
3.92,-51.9
3.9233,-60.3
3.9267,-48.9
3.93,-48.6
3.9333,-45
3.9367,-50.4
3.94,-37.8
3.9433,-51.6
3.9467,-56.1
3.95,-47.7
3.9533,-44.4
3.9567,-55.5
3.96,-51.9
3.9633,-52.8
3.9667,-52.8
3.97,-43.2
3.9733,-56.4
3.9767,-56.7
3.98,-50.1
3.9833,-48.9
3.9867,-54.3
3.99,-44.7
3.9933,-42
3.9967,-55.2
4,-48
4.0033,-50.7
4.0067,-52.2
4.01,-49.8
4.0133,-41.7
4.0167,-47.4
4.02,-48.6
4.0233,-49.5
4.0267,-48
4.03,-48.6
4.0333,-46.5
4.0367,-46.8
4.04,-49.2
4.0433,-46.8
4.0467,-44.4
4.05,-45.9
4.0533,-43.5
4.0567,-49.8
4.06,-51.3
4.0633,-47.4
4.0667,-47.1
4.07,-59.1
4.0733,-48.3
4.0767,-38.1
4.08,-39
4.0833,-59.7
4.0867,-50.1
4.09,-61.2
4.0933,-48.6
4.0967,-51
4.1,-45.3
4.1033,-49.5
4.1067,-52.5
4.11,-47.4
4.1133,-50.1
4.1167,-46.5
4.12,-45.9
4.1233,-58.2
4.1267,-46.5
4.13,-50.1
4.1333,-44.7
4.1367,-52.2
4.14,-43.5
4.1433,-44.7
4.1467,-51.6
4.15,-43.2
4.1533,-45.3
4.1567,-47.1
4.16,-48.6
4.1633,-51.3
4.1667,-46.2
4.17,-49.8
4.1733,-41.7
4.1767,-48.6
4.18,-46.8
4.1833,-51.6
4.1867,-45.3
4.19,-53.4
4.1933,-42
4.1967,-53.4
4.2,-48.9
4.2033,-36.3
4.2067,-42
4.21,-51.3
4.2133,-58.8
4.2167,-40.5
4.22,-63
4.2233,-54.6
4.2267,-48.9
4.23,-52.2
4.2333,-55.8
4.2367,-51.3
4.24,-57.6
4.2433,-54.9
4.2467,-54
4.25,-32.1
4.2533,-49.5
4.2567,-60.6
4.26,-47.4
4.2633,-55.5
4.2667,-55.2
4.27,-46.8
4.2733,-45.6
4.2767,-66.3
4.28,-46.5
4.2833,-55.2
4.2867,-53.7
4.29,-46.5
4.2933,-45
4.2967,-46.2
4.3,-51
4.3033,-53.7
4.3067,-44.7
4.31,-44.4
4.3133,-48.6
4.3167,-49.2
4.32,-54.9
4.3233,-53.1
4.3267,-46.8
4.33,-46.2
4.3333,-50.7
4.3367,-47.7
4.34,-48.9
4.3433,-44.1
4.3467,-42
4.35,-32.4
4.3533,-47.7
4.3567,-58.5
4.36,-61.2
4.3633,-50.1
4.3667,-54.3
4.37,-49.2
4.3733,-48.9
4.3767,-51.6
4.38,-48.6
4.3833,-48.6
4.3867,-48
4.39,-49.5
4.3933,-51.9
4.3967,-59.1
4.4,-46.5
4.4033,-57.3
4.4067,-50.4
4.41,-52.2
4.4133,-46.5
4.4167,-43.2
4.42,-54.3
4.4233,-54.9
4.4267,-54.6
4.43,-50.1
4.4333,-52.5
4.4367,-46.8
4.44,-45
4.4433,-62.1
4.4467,-50.7
4.45,-51.9
4.4533,-50.7
4.4567,-54.9
4.46,-50.4
4.4633,-45
4.4667,-52.8
4.47,-50.7
4.4733,-52.8
4.4767,-51.6
4.48,-52.8
4.4833,-42.6
4.4867,-50.4
4.49,-39.3
4.4933,-51.3
4.4967,-54.9
4.5,-54
4.5033,-49.8
4.5067,-53.1
4.51,-57.6
4.5133,-47.1
4.5167,-45.3
4.52,-54.3
4.5233,-51.3
4.5267,-54.3
4.53,-42.9
4.5333,-37.2
4.5367,-52.2
4.54,-67.2
4.5433,-56.4
4.5467,-51.9
4.55,-51.6
4.5533,-39.3
4.5567,-42.3
4.56,-60.3
4.5633,-53.4
4.5667,-53.7
4.57,-53.7
4.5733,-53.7
4.5767,-46.8
4.58,-58.8
4.5833,-52.8
4.5867,-53.7
4.59,-49.2
4.5933,-50.1
4.5967,-47.1
4.6,-50.7
4.6033,-52.8
4.6067,-51.6
4.61,-51.3
4.6133,-46.5
4.6167,-40.8
4.62,-55.5
4.6233,-54.6
4.6267,-48
4.63,-54.6
4.6333,-53.4
4.6367,-30.9
4.64,-36.9
4.6433,-45
4.6467,-67.8
4.65,-53.7
4.6533,-44.1
4.6567,-57
4.66,-52.8
4.6633,-39.3
4.6667,-51
4.67,-60.3
4.6733,-45.6
4.6767,-51.9
4.68,-53.1
4.6833,-55.2
4.6867,-52.5
4.69,-57.6
4.6933,-50.1
4.6967,-48
4.7,-57.3
4.7033,-58.5
4.7067,-49.8
4.71,-57
4.7133,-44.7
4.7167,-49.2
4.72,-50.1
4.7233,-52.8
4.7267,-48.3
4.73,-61.2
4.7333,-51
4.7367,-57.3
4.74,-53.4
4.7433,-53.1
4.7467,-53.4
4.75,-49.8
4.7533,-54
4.7567,-52.8
4.76,-63.3
4.7633,-47.1
4.7667,-55.2
4.77,-51.9
4.7733,-61.8
4.7767,-49.5
4.78,-60.6
4.7833,-43.8
4.7867,-50.4
4.79,-45.9
4.7933,-45.6
4.7967,-48
4.8,-45.9
4.8033,-58.2
4.8067,-56.4
4.81,-55.2
4.8133,-44.4
4.8167,-47.7
4.82,-54.9
4.8233,-50.4
4.8267,-55.2
4.83,-54.6
4.8333,-48.3
4.8367,-47.4
4.84,-54.6
4.8433,-50.1
4.8467,-46.8
4.85,-51.6
4.8533,-54
4.8567,-48.6
4.86,-57.9
4.8633,-46.5
4.8667,-50.1
4.87,-54.9
4.8733,-48.3
4.8767,-51
4.88,-56.1
4.8833,-45
4.8867,-45
4.89,-66.3
4.8933,-45.9
4.8967,-53.4
4.9,-61.8
4.9033,-58.5
4.9067,-53.7
4.91,-52.8
4.9133,-51.3
4.9167,-61.2
4.92,-50.7
4.9233,-49.2
4.9267,-57
4.93,-56.7
4.9333,-53.1
4.9367,-57.6
4.94,-50.7
4.9433,-50.7
4.9467,-55.8
4.95,-50.1
4.9533,-58.2
4.9567,-57.9
4.96,-55.5
4.9633,-54.3
4.9667,-52.8
4.97,-68.1
4.9733,-48.3
4.9767,-44.1
4.98,-56.1
4.9833,-61.2
4.9867,-51.9
4.99,-55.2
4.9933,-51.3
4.9967,-56.4
5,-60.9
5.0033,-52.5
5.0067,-55.8
5.01,-50.4
5.0133,-57.9
5.0167,-53.7
5.02,-59.4
5.0233,-58.2
5.0267,-51.3
5.03,-48.3
5.0333,-65.1
5.0367,-63.3
5.04,-59.1
5.0433,-55.8
5.0467,-49.8
5.05,-49.8
5.0533,-39.9
5.0567,-47.4
5.06,-70.5
5.0633,-70.2
5.0667,-58.5
5.07,-58.5
5.0733,-55.2
5.0767,-49.8
5.08,-65.1
5.0833,-55.5
5.0867,-61.8
5.09,-61.2
5.0933,-55.2
5.0967,-60.9
5.1,-55.8
5.1033,-60.6
5.1067,-56.4
5.11,-57.9
5.1133,-49.5
5.1167,-49.5
5.12,-60.6
5.1233,-56.4
5.1267,-60.6
5.13,-57
5.1333,-60
5.1367,-48.6
5.14,-58.2
5.1433,-58.8
5.1467,-54.3
5.15,-60.9
5.1533,-51
5.1567,-48
5.16,-55.2
5.1633,-51.9
5.1667,-65.4
5.17,-50.1
5.1733,-50.1
5.1767,-59.1
5.18,-62.4
5.1833,-51.3
5.1867,-60.6
5.19,-57.3
5.1933,-53.1
5.1967,-70.2
5.2,-54
5.2033,-60.9
5.2067,-58.5
5.21,-52.5
5.2133,-55.8
5.2167,-48.3
5.22,-56.7
5.2233,-70.8
5.2267,-66.6
5.23,-55.5
5.2333,-59.4
5.2367,-59.1
5.24,-61.8
5.2433,-51.3
5.2467,-52.5
5.25,-73.8
5.2533,-51.9
5.2567,-58.2
5.26,-58.8
5.2633,-61.8
5.2667,-53.1
5.27,-56.1
5.2733,-51.9
5.2767,-54.3
5.28,-60.3
5.2833,-55.8
5.2867,-57.3
5.29,-51
5.2933,-55.2
5.2967,-53.4
5.3,-59.7
5.3033,-53.1
5.3067,-52.5
5.31,-58.2
5.3133,-56.4
5.3167,-51.3
5.32,-54.9
5.3233,-50.1
5.3267,-52.8
5.33,-38.4
5.3333,-42.9
5.3367,-57.9
5.34,-54.3
5.3433,-61.5
5.3467,-71.7
5.35,-52.8
5.3533,-63.9
5.3567,-58.2
5.36,-64.2
5.3633,-55.2
5.3667,-49.8
5.37,-54.9
5.3733,-54
5.3767,-51.3
5.38,-43.8
5.3833,-54
5.3867,-60
5.39,-56.4
5.3933,-54.6
5.3967,-56.4
5.4,-57
5.4033,-57.9
5.4067,-55.5
5.41,-49.8
5.4133,-50.7
5.4167,-56.4
5.42,-51
5.4233,-58.2
5.4267,-56.4
5.43,-50.1
5.4333,-54.9
5.4367,-48.9
5.44,-56.1
5.4433,-48.9
5.4467,-52.5
5.45,-62.4
5.4533,-49.8
5.4567,-52.2
5.46,-42
5.4633,-66.6
5.4667,-53.7
5.47,-61.2
5.4733,-63.9
5.4767,-55.8
5.48,-46.5
5.4833,-64.8
5.4867,-63
5.49,-58.5
5.4933,-61.8
5.4967,-49.5
5.5,-54.9
5.5033,-45
5.5067,-64.2
5.51,-44.7
5.5133,-58.8
5.5167,-60.3
5.52,-47.1
5.5233,-51.9
5.5267,-67.2
5.53,-56.4
5.5333,-59.4
5.5367,-54.9
5.54,-66.6
5.5433,-56.4
5.5467,-63
5.55,-54.9
5.5533,-65.4
5.5567,-58.2
5.56,-59.1
5.5633,-56.7
5.5667,-60.6
5.57,-60
5.5733,-51.9
5.5767,-54.9
5.58,-64.2
5.5833,-58.8
5.5867,-57.9
5.59,-54.9
5.5933,-62.4
5.5967,-60.9
5.6,-57.6
5.6033,-42.3
5.6067,-37.8
5.61,-59.7
5.6133,-69.3
5.6167,-57.6
5.62,-63.6
5.6233,-60.6
5.6267,-52.2
5.63,-65.1
5.6333,-57.9
5.6367,-54.9
5.64,-65.7
5.6433,-57.9
5.6467,-61.2
5.65,-57.3
5.6533,-50.4
5.6567,-51.9
5.66,-63.6
5.6633,-49.5
5.6667,-60.9
5.67,-49.8
5.6733,-52.8
5.6767,-56.7
5.68,-61.8
5.6833,-59.1
5.6867,-61.8
5.69,-56.7
5.6933,-59.7
5.6967,-54.6
5.7,-60.9
5.7033,-57.6
5.7067,-63
5.71,-55.2
5.7133,-59.4
5.7167,-54.9
5.72,-60.9
5.7233,-57.9
5.7267,-63.6
5.73,-55.2
5.7333,-54.9
5.7367,-52.5
5.74,-67.8
5.7433,-47.1
5.7467,-63.9
5.75,-58.2
5.7533,-54.9
5.7567,-44.7
5.76,-69.9
5.7633,-67.8
5.7667,-65.7
5.77,-57.9
5.7733,-62.4
5.7767,-53.4
5.78,-58.5
5.7833,-64.5
5.7867,-65.7
5.79,-54.9
5.7933,-68.4
5.7967,-61.8
5.8,-65.7
5.8033,-61.2
5.8067,-64.2
5.81,-58.8
5.8133,-64.8
5.8167,-66.6
5.82,-60
5.8233,-59.1
5.8267,-60
5.83,-54.6
5.8333,-60
5.8367,-58.5
5.84,-62.7
5.8433,-59.1
5.8467,-62.7
5.85,-56.4
5.8533,-59.7
5.8567,-57.9
5.86,-62.7
5.8633,-55.8
5.8667,-58.5
5.87,-60
5.8733,-61.2
5.8767,-55.2
5.88,-62.4
5.8833,-54.6
5.8867,-59.4
5.89,-40.2
5.8933,-71.4
5.8967,-75
5.9,-69.9
5.9033,-68.4
5.9067,-60.3
5.91,-59.7
5.9133,-57.9
5.9167,-64.8
5.92,-59.7
5.9233,-66.6
5.9267,-58.2
5.93,-51.9
5.9333,-68.4
5.9367,-48.3
5.94,-51
5.9433,-65.1
5.9467,-71.4
5.95,-57.6
5.9533,-62.7
5.9567,-60.6
5.96,-60.9
5.9633,-60.6
5.9667,-60.6
5.97,-60
5.9733,-54.3
5.9767,-54
5.98,-58.8
5.9833,-56.1
5.9867,-48.6
5.99,-53.7
5.9933,-56.7
5.9967,-58.2
6,-61.8
6.0033,-59.1
6.0067,-54.6
6.01,-48.3
6.0133,-60.3
6.0167,-57.9
6.02,-43.8
6.0233,-46.5
6.0267,-59.1
6.03,-52.2
6.0333,-54.3
6.0367,-57
6.04,-59.1
6.0433,-59.7
6.0467,-56.7
6.05,-53.1
6.0533,-56.4
6.0567,-50.4
6.06,-60.6
6.0633,-55.2
6.0667,-63
6.07,-50.4
6.0733,-52.2
6.0767,-66.9
6.08,-64.5
6.0833,-61.8
6.0867,-59.4
6.09,-55.5
6.0933,-49.5
6.0967,-57
6.1,-66.6
6.1033,-59.1
6.1067,-62.4
6.11,-58.2
6.1133,-54.3
6.1167,-61.5
6.12,-61.2
6.1233,-64.2
6.1267,-62.4
6.13,-57.3
6.1333,-58.5
6.1367,-57.6
6.14,-62.1
6.1433,-57.9
6.1467,-56.4
6.15,-58.5
6.1533,-61.2
6.1567,-50.4
6.16,-57.3
6.1633,-51
6.1667,-40.8
6.17,-52.2
6.1733,-69
6.1767,-70.2
6.18,-60.9
6.1833,-73.8
6.1867,-65.4
6.19,-59.7
6.1933,-63
6.1967,-60
6.2,-67.2
6.2033,-53.1
6.2067,-65.7
6.21,-59.1
6.2133,-60.6
6.2167,-65.1
6.22,-63
6.2233,-60.3
6.2267,-73.5
6.23,-61.5
6.2333,-66.6
6.2367,-63
6.24,-69.6
6.2433,-63.3
6.2467,-64.2
6.25,-57
6.2533,-62.4
6.2567,-63
6.26,-65.1
6.2633,-65.1
6.2667,-56.7
6.27,-55.8
6.2733,-60.6
6.2767,-59.7
6.28,-63.6
6.2833,-50.4
6.2867,-65.7
6.29,-56.7
6.2933,-53.4
6.2967,-30.6
6.3,-83.7
6.3033,-65.1
6.3067,-58.2
6.31,-49.2
6.3133,-72.3
6.3167,-63.9
6.32,-69.6
6.3233,-56.1
6.3267,-60.6
6.33,-60.6
6.3333,-62.7
6.3367,-68.4
6.34,-57.3
6.3433,-60
6.3467,-65.7
6.35,-64.5
6.3533,-55.8
6.3567,-62.4
6.36,-61.5
6.3633,-61.2
6.3667,-57.9
6.37,-57.6
6.3733,-52.2
6.3767,-54
6.38,-59.7
6.3833,-60.9
6.3867,-57
6.39,-57
6.3933,-57
6.3967,-57.9
6.4,-60
6.4033,-59.4
6.4067,-59.1
6.41,-40.5
6.4133,-47.1
6.4167,-70.2
6.42,-65.1
6.4233,-45.6
6.4267,-52.8
6.43,-60
6.4333,-68.1
6.4367,-57
6.44,-57.6
6.4433,-57
6.4467,-57
6.45,-50.4
6.4533,-58.8
6.4567,-65.1
6.46,-62.4
6.4633,-66
6.4667,-68.1
6.47,-56.4
6.4733,-65.7
6.4767,-54.3
6.48,-66.3
6.4833,-56.7
6.4867,-63.6
6.49,-59.4
6.4933,-64.2
6.4967,-63
6.5,-61.5
6.5033,-59.1
6.5067,-61.8
6.51,-57.3
6.5133,-57.3
6.5167,-59.4
6.52,-59.1
6.5233,-62.1
6.5267,-56.7
6.53,-54.3
6.5333,-57.6
6.5367,-52.5
6.54,-65.4
6.5433,-55.5
6.5467,-57
6.55,-57
6.5533,-55.8
6.5567,-55.8
6.56,-55.2
6.5633,-42.6
6.5667,-60.3
6.57,-64.2
6.5733,-68.7
6.5767,-63.9
6.58,-62.4
6.5833,-61.5
6.5867,-66
6.59,-58.8
6.5933,-57
6.5967,-63.9
6.6,-66
6.6033,-56.4
6.6067,-60.9
6.61,-52.5
6.6133,-51.9
6.6167,-79.5
6.62,-67.5
6.6233,-60
6.6267,-63.9
6.63,-60
6.6333,-62.7
6.6367,-62.7
6.64,-65.7
6.6433,-61.5
6.6467,-66.3
6.65,-66.6
6.6533,-65.4
6.6567,-66.9
6.66,-60
6.6633,-69.6
6.6667,-63
6.67,-63.6
6.6733,-63.9
6.6767,-63.3
6.68,-64.8
6.6833,-66.6
6.6867,-63.3
6.69,-64.8
6.6933,-67.2
6.6967,-60.9
6.7,-58.2
6.7033,-55.2
6.7067,-66.6
6.71,-50.1
6.7133,-67.5
6.7167,-60.9
6.72,-71.1
6.7233,-70.2
6.7267,-68.1
6.73,-64.2
6.7333,-61.8
6.7367,-69
6.74,-58.5
6.7433,-56.4
6.7467,-55.8
6.75,-77.1
6.7533,-56.1
6.7567,-68.7
6.76,-59.7
6.7633,-63.3
6.7667,-56.4
6.77,-66.3
6.7733,-72
6.7767,-60.6
6.78,-71.4
6.7833,-64.8
6.7867,-62.1
6.79,-56.4
6.7933,-61.8
6.7967,-59.1
6.8,-65.7
6.8033,-63
6.8067,-60.3
6.81,-62.7
6.8133,-60.3
6.8167,-60.9
6.82,-59.1
6.8233,-61.5
6.8267,-56.4
6.83,-59.7
6.8333,-61.5
6.8367,-51.3
6.84,-61.2
6.8433,-59.7
6.8467,-57
6.85,-49.5
6.8533,-45.6
6.8567,-33.6
6.86,-73.2
6.8633,-71.7
6.8667,-65.7
6.87,-63
6.8733,-58.5
6.8767,-56.1
6.88,-66.6
6.8833,-61.8
6.8867,-61.8
6.89,-57.9
6.8933,-61.8
6.8967,-62.7
6.9,-67.5
6.9033,-61.2
6.9067,-57.3
6.91,-71.1
6.9133,-53.7
6.9167,-69.3
6.92,-66.3
6.9233,-63.6
6.9267,-64.2
6.93,-63
6.9333,-61.2
6.9367,-62.4
6.94,-68.7
6.9433,-64.8
6.9467,-68.7
6.95,-56.1
6.9533,-60
6.9567,-66.3
6.96,-61.2
6.9633,-60.6
6.9667,-71.1
6.97,-60
6.9733,-63
6.9767,-67.8
6.98,-54.6
6.9833,-65.7
6.9867,-57.6
6.99,-47.7
6.9933,-57
6.9967,-70.5
7,-52.5
7.0033,-62.4
7.0067,-66.3
7.01,-62.7
7.0133,-62.4
7.0167,-54.6
7.02,-63.6
7.0233,-39
7.0267,-69.9
7.03,-62.7
7.0333,-59.1
7.0367,-52.8
7.04,-65.4
7.0433,-57.3
7.0467,-67.5
7.05,-56.7
7.0533,-57.3
7.0567,-56.1
7.06,-66.6
7.0633,-60.6
7.0667,-55.8
7.07,-57
7.0733,-60
7.0767,-60.3
7.08,-67.5
7.0833,-60
7.0867,-56.1
7.09,-57
7.0933,-59.1
7.0967,-52.8
7.1,-58.5
7.1033,-62.1
7.1067,-57
7.11,-51
7.1133,-58.2
7.1167,-60.6
7.12,-51.9
7.1233,-55.2
7.1267,-45.6
7.13,-54.9
7.1333,-63.9
7.1367,-69.6
7.14,-62.1
7.1433,-59.1
7.1467,-56.4
7.15,-60
7.1533,-55.5
7.1567,-50.7
7.16,-53.1
7.1633,-58.5
7.1667,-60.3
7.17,-53.7
7.1733,-61.8
7.1767,-58.2
7.18,-51
7.1833,-60.6
7.1867,-57.3
7.19,-55.5
7.1933,-55.5
7.1967,-56.1
7.2,-64.2
7.2033,-57
7.2067,-53.4
7.21,-60.3
7.2133,-57.9
7.2167,-54
7.22,-57.6
7.2233,-51.9
7.2267,-55.8
7.23,-52.8
7.2333,-57.6
7.2367,-51.9
7.24,-51.9
7.2433,-54
7.2467,-47.1
7.25,-46.2
7.2533,-56.1
7.2567,-64.2
7.26,-32.4
7.2633,-56.1
7.2667,-68.1
7.27,-57
7.2733,-54.9
7.2767,-69
7.28,-53.7
7.2833,-69.6
7.2867,-45.9
7.29,-55.2
7.2933,-56.7
7.2967,-61.2
7.3,-53.7
7.3033,-48.6
7.3067,-44.1
7.31,-51.3
7.3133,-48.9
7.3167,-59.4
7.32,-63.3
7.3233,-57.9
7.3267,-56.4
7.33,-60.3
7.3333,-53.7
7.3367,-57.3
7.34,-56.7
7.3433,-54.3
7.3467,-51.3
7.35,-57.3
7.3533,-52.8
7.3567,-55.5
7.36,-54
7.3633,-54.9
7.3667,-52.5
7.37,-54
7.3733,-54
7.3767,-59.7
7.38,-52.5
7.3833,-57.9
7.3867,-53.7
7.39,-54.6
7.3933,-53.4
7.3967,-66
7.4,-51
7.4033,-50.1
7.4067,-52.5
7.41,-58.8
7.4133,-38.4
7.4167,-74.4
7.42,-52.2
7.4233,-78.3
7.4267,-64.2
7.43,-64.2
7.4333,-64.5
7.4367,-59.4
7.44,-66
7.4433,-64.8
7.4467,-58.8
7.45,-55.5
7.4533,-50.4
7.4567,-56.7
7.46,-73.5
7.4633,-64.5
7.4667,-62.4
7.47,-58.2
7.4733,-60.9
7.4767,-63
7.48,-61.5
7.4833,-60.9
7.4867,-58.8
7.49,-57.3
7.4933,-55.2
7.4967,-56.7
7.5,-55.8
7.5033,-60.6
7.5067,-49.2
7.51,-57.3
7.5133,-51.6
7.5167,-60.9
7.52,-60
7.5233,-57.3
7.5267,-48.3
7.53,-49.8
7.5333,-52.2
7.5367,-58.2
7.54,-52.5
7.5433,-40.5
7.5467,-46.5
7.55,-54
7.5533,-59.1
7.5567,-48.9
7.56,-63.3
7.5633,-63
7.5667,-48.3
7.57,-55.5
7.5733,-48.9
7.5767,-58.8
7.58,-49.2
7.5833,-49.5
7.5867,-46.8
7.59,-41.4
7.5933,-42.6
7.5967,-64.8
7.6,-57.9
7.6033,-49.2
7.6067,-48.9
7.61,-54.9
7.6133,-49.2
7.6167,-49.2
7.62,-61.2
7.6233,-56.7
7.6267,-51
7.63,-54.3
7.6333,-57.9
7.6367,-65.1
7.64,-48.9
7.6433,-58.5
7.6467,-56.4
7.65,-55.8
7.6533,-51.6
7.6567,-55.8
7.66,-58.8
7.6633,-58.5
7.6667,-50.4
7.67,-52.5
7.6733,-51.9
7.6767,-60.9
7.68,-47.1
7.6833,-51.9
7.6867,-60.9
7.69,-66
7.6933,-52.2
7.6967,-66.3
7.7,-49.5
7.7033,-64.8
7.7067,-63.3
7.71,-54.3
7.7133,-54.6
7.7167,-57.9
7.72,-62.7
7.7233,-58.5
7.7267,-60.3
7.73,-46.5
7.7333,-48.9
7.7367,-59.4
7.74,-58.5
7.7433,-61.8
7.7467,-52.8
7.75,-54.9
7.7533,-54
7.7567,-61.2
7.76,-54
7.7633,-59.4
7.7667,-55.8
7.77,-55.8
7.7733,-52.2
7.7767,-58.5
7.78,-51
7.7833,-57
7.7867,-44.4
7.79,-51.9
7.7933,-61.8
7.7967,-57.3
7.8,-60.9
7.8033,-66.9
7.8067,-54.6
7.81,-48.9
7.8133,-62.4
7.8167,-36.3
7.82,-56.4
7.8233,-68.7
7.8267,-55.2
7.83,-58.5
7.8333,-62.7
7.8367,-57.6
7.84,-57
7.8433,-60.3
7.8467,-59.4
7.85,-60
7.8533,-57.9
7.8567,-57.9
7.86,-56.7
7.8633,-51
7.8667,-64.2
7.87,-54.6
7.8733,-54.3
7.8767,-55.5
7.88,-59.4
7.8833,-54.3
7.8867,-55.8
7.89,-52.8
7.8933,-57
7.8967,-55.5
7.9,-57.9
7.9033,-54.6
7.9067,-49.5
7.91,-58.2
7.9133,-59.1
7.9167,-59.7
7.92,-52.2
7.9233,-57
7.9267,-44.1
7.93,-48.6
7.9333,-47.1
7.9367,-55.8
7.94,-51.6
7.9433,-50.1
7.9467,-52.2
7.95,-54.3
7.9533,-36.6
7.9567,-49.2
7.96,-61.2
7.9633,-59.7
7.9667,-44.7
7.97,-60
7.9733,-56.1
7.9767,-60
7.98,-58.5
7.9833,-56.1
7.9867,-50.7
7.99,-54.6
7.9933,-49.8
7.9967,-53.4
8,-38.7
8.0033,-65.7
8.0067,-52.2
8.01,-57.3
8.0133,-54.6
8.0167,-57.6
8.02,-51.9
8.0233,-48.9
8.0267,-53.4
8.03,-51.6
8.0333,-51
8.0367,-57.6
8.04,-53.7
8.0433,-52.8
8.0467,-44.1
8.05,-56.1
8.0533,-48.3
8.0567,-57.9
8.06,-52.5
8.0633,-56.1
8.0667,-47.7
8.07,-54.6
8.0733,-45
8.0767,-54
8.08,-54.3
8.0833,-56.1
8.0867,-46.8
8.09,-50.4
8.0933,-57.9
8.0967,-44.7
8.1,-42.9
8.1033,-68.7
8.1067,-57.3
8.11,-55.5
8.1133,-52.8
8.1167,-57
8.12,-60.3
8.1233,-57.3
8.1267,-54.3
8.13,-53.1
8.1333,-54
8.1367,-60.9
8.14,-52.2
8.1433,-53.7
8.1467,-48.3
8.15,-49.8
8.1533,-55.2
8.1567,-66.3
8.16,-55.5
8.1633,-61.5
8.1667,-53.7
8.17,-54
8.1733,-51.9
8.1767,-62.1
8.18,-58.2
8.1833,-60.6
8.1867,-53.1
8.19,-61.5
8.1933,-55.2
8.1967,-60.3
8.2,-58.5
8.2033,-55.2
8.2067,-54.3
8.21,-59.7
8.2133,-54.9
8.2167,-59.1
8.22,-53.4
8.2233,-60.6
8.2267,-58.5
8.23,-60.6
8.2333,-50.7
8.2367,-69.6
8.24,-56.7
8.2433,-40.8
8.2467,-53.4
8.25,-62.1
8.2533,-72.9
8.2567,-66.6
8.26,-67.8
8.2633,-60.3
8.2667,-57.6
8.27,-60.3
8.2733,-62.1
8.2767,-58.2
8.28,-65.1
8.2833,-50.4
8.2867,-61.5
8.29,-64.8
8.2933,-57.9
8.2967,-65.1
8.3,-68.1
8.3033,-59.1
8.3067,-66
8.31,-55.8
8.3133,-61.8
8.3167,-66
8.32,-61.8
8.3233,-60.3
8.3267,-55.8
8.33,-61.5
8.3333,-57.9
8.3367,-50.1
8.34,-63
8.3433,-54.9
8.3467,-49.2
8.35,-61.8
8.3533,-55.5
8.3567,-61.8
8.36,-56.4
8.3633,-57.3
8.3667,-51.6
8.37,-47.4
8.3733,-47.4
8.3767,-64.5
8.38,-54.9
8.3833,-56.1
8.3867,-42.6
8.39,-64.2
8.3933,-49.5
8.3967,-51.3
8.4,-63.9
8.4033,-57.6
8.4067,-52.8
8.41,-58.5
8.4133,-54.9
8.4167,-47.7
8.42,-65.4
8.4233,-61.8
8.4267,-53.1
8.43,-52.5
8.4333,-63.3
8.4367,-60.6
8.44,-52.5
8.4433,-52.8
8.4467,-56.1
8.45,-55.8
8.4533,-54.6
8.4567,-60.9
8.46,-48.9
8.4633,-52.5
8.4667,-50.4
8.47,-49.5
8.4733,-54
8.4767,-54.9
8.48,-54.6
8.4833,-55.5
8.4867,-54
8.49,-58.5
8.4933,-50.7
8.4967,-56.1
8.5,-48.6
8.5033,-57
8.5067,-55.8
8.51,-59.7
8.5133,-39.6
8.5167,-54.3
8.52,-61.2
8.5233,-58.5
8.5267,-53.4
8.53,-71.4
8.5333,-53.4
8.5367,-70.8
8.54,-57.6
8.5433,-56.7
8.5467,-59.4
8.55,-60.6
8.5533,-59.1
8.5567,-63.3
8.56,-64.5
8.5633,-56.4
8.5667,-57
8.57,-54.9
8.5733,-58.5
8.5767,-58.5
8.58,-60.9
8.5833,-55.8
8.5867,-55.5
8.59,-57.6
8.5933,-56.7
8.5967,-55.5
8.6,-58.5
8.6033,-58.5
8.6067,-59.1
8.61,-55.5
8.6133,-63.3
8.6167,-46.8
8.62,-53.1
8.6233,-64.5
8.6267,-57.6
8.63,-60
8.6333,-57.6
8.6367,-58.8
8.64,-51.9
8.6433,-58.2
8.6467,-59.4
8.65,-66.3
8.6533,-39
8.6567,-63.9
8.66,-73.5
8.6633,-61.8
8.6667,-48.6
8.67,-65.4
8.6733,-57.6
8.6767,-67.2
8.68,-60
8.6833,-68.4
8.6867,-57.3
8.69,-64.2
8.6933,-57.6
8.6967,-65.1
8.7,-55.8
8.7033,-63.9
8.7067,-56.7
8.71,-55.5
8.7133,-59.4
8.7167,-63
8.72,-56.1
8.7233,-57.9
8.7267,-53.4
8.73,-52.2
8.7333,-59.1
8.7367,-57.6
8.74,-61.8
8.7433,-68.4
8.7467,-40.5
8.75,-51
8.7533,-48.6
8.7567,-56.7
8.76,-54
8.7633,-49.5
8.7667,-50.1
8.77,-54.3
8.7733,-53.7
8.7767,-54.3
8.78,-63.3
8.7833,-48
8.7867,-48.6
8.79,-52.2
8.7933,-54.3
8.7967,-56.1
8.8,-57.6
8.8033,-60.6
8.8067,-45.9
8.81,-63.3
8.8133,-58.8
8.8167,-57.6
8.82,-56.7
8.8233,-52.8
8.8267,-52.5
8.83,-60.6
8.8333,-54
8.8367,-61.2
8.84,-56.1
8.8433,-49.8
8.8467,-57
8.85,-51.9
8.8533,-48
8.8567,-55.5
8.86,-58.2
8.8633,-50.4
8.8667,-58.2
8.87,-55.8
8.8733,-57.9
8.8767,-56.7
8.88,-52.8
8.8833,-60
8.8867,-56.7
8.89,-52.8
8.8933,-59.1
8.8967,-61.2
8.9,-56.1
8.9033,-61.2
8.9067,-56.4
8.91,-52.8
8.9133,-59.4
8.9167,-61.8
8.92,-58.5
8.9233,-63
8.9267,-43.5
8.93,-42.6
8.9333,-56.7
8.9367,-50.4
8.94,-63.6
8.9433,-52.8
8.9467,-47.4
8.95,-54.9
8.9533,-63.3
8.9567,-60
8.96,-62.4
8.9633,-57
8.9667,-54.9
8.97,-50.4
8.9733,-63.3
8.9767,-58.8
8.98,-46.5
8.9833,-58.2
8.9867,-69.9
8.99,-61.8
8.9933,-59.4
8.9967,-63.9
9,-61.5
9.0033,-55.5
9.0067,-60.3
9.01,-58.2
9.0133,-57.9
9.0167,-62.7
9.02,-54.9
9.0233,-56.4
9.0267,-53.7
9.03,-56.1
9.0333,-55.2
9.0367,-57.3
9.04,-54
9.0433,-45.6
9.0467,-46.8
9.05,-68.4
9.0533,-62.1
9.0567,-47.7
9.06,-71.4
9.0633,-42.3
9.0667,-66.3
9.07,-59.1
9.0733,-59.7
9.0767,-51
9.08,-65.1
9.0833,-62.7
9.0867,-66.9
9.09,-47.7
9.0933,-61.5
9.0967,-74.1
9.1,-56.4
9.1033,-63.3
9.1067,-58.5
9.11,-55.2
9.1133,-59.1
9.1167,-63
9.12,-62.7
9.1233,-62.7
9.1267,-60
9.13,-61.2
9.1333,-59.7
9.1367,-64.2
9.14,-58.5
9.1433,-58.5
9.1467,-64.2
9.15,-61.8
9.1533,-62.1
9.1567,-64.8
9.16,-61.8
9.1633,-58.8
9.1667,-59.7
9.17,-60.3
9.1733,-56.1
9.1767,-59.4
9.18,-65.4
9.1833,-50.4
9.1867,-46.8
9.19,-78.6
9.1933,-45.3
9.1967,-69.6
9.2,-53.7
9.2033,-66.9
9.2067,-67.8
9.21,-59.1
9.2133,-58.8
9.2167,-65.4
9.22,-54.3
9.2233,-65.4
9.2267,-66.9
9.23,-54.3
9.2333,-68.1
9.2367,-69
9.24,-65.1
9.2433,-66.3
9.2467,-67.2
9.25,-63.9
9.2533,-60.6
9.2567,-70.2
9.26,-65.1
9.2633,-60.3
9.2667,-62.7
9.27,-65.1
9.2733,-63.9
9.2767,-60
9.28,-63.3
9.2833,-62.7
9.2867,-71.1
9.29,-60.3
9.2933,-62.4
9.2967,-57.9
9.3,-69
9.3033,-66.6
9.3067,-68.1
9.31,-67.5
9.3133,-61.5
9.3167,-77.1
9.32,-54.9
9.3233,-57
9.3267,-72.9
9.33,-77.4
9.3333,-64.5
9.3367,-64.8
9.34,-62.4
9.3433,-69
9.3467,-68.7
9.35,-63.3
9.3533,-64.8
9.3567,-63.9
9.36,-59.4
9.3633,-60.9
9.3667,-62.1
9.37,-64.5
9.3733,-68.1
9.3767,-69.3
9.38,-61.8
9.3833,-69.3
9.3867,-62.7
9.39,-67.2
9.3933,-61.5
9.3967,-61.2
9.4,-62.4
9.4033,-76.5
9.4067,-63
9.41,-65.7
9.4133,-66.3
9.4167,-72
9.42,-65.1
9.4233,-69
9.4267,-64.5
9.43,-62.7
9.4333,-67.2
9.4367,-69
9.44,-69.9
9.4433,-64.8
9.4467,-64.2
9.45,-65.1
9.4533,-64.8
9.4567,-72
9.46,-68.7
9.4633,-62.1
9.4667,-64.5
9.47,-74.7
9.4733,-70.5
9.4767,-46.8
9.48,-70.2
9.4833,-63
9.4867,-64.2
9.49,-69.9
9.4933,-67.2
9.4967,-56.7
9.5,-75
9.5033,-64.8
9.5067,-59.7
9.51,-66.6
9.5133,-71.7
9.5167,-59.7
9.52,-61.2
9.5233,-59.4
9.5267,-64.2
9.53,-62.7
9.5333,-62.7
9.5367,-60.6
9.54,-63.9
9.5433,-55.5
9.5467,-60.6
9.55,-50.4
9.5533,-62.7
9.5567,-62.1
9.56,-58.8
9.5633,-58.2
9.5667,-54.3
9.57,-61.2
9.5733,-63
9.5767,-65.4
9.58,-62.4
9.5833,-64.8
9.5867,-59.1
9.59,-63.3
9.5933,-59.7
9.5967,-63.3
9.6,-58.8
9.6033,-60
9.6067,-59.4
9.61,-55.8
9.6133,-55.2
9.6167,-33
9.62,-73.5
9.6233,-51.9
9.6267,-58.2
9.63,-66.9
9.6333,-69.3
9.6367,-55.2
9.64,-62.4
9.6433,-55.5
9.6467,-69.6
9.65,-38.7
9.6533,-57.3
9.6567,-66.3
9.66,-60.3
9.6633,-56.1
9.6667,-60.9
9.67,-65.4
9.6733,-61.5
9.6767,-61.5
9.68,-57.9
9.6833,-56.1
9.6867,-54
9.69,-65.7
9.6933,-63
9.6967,-62.7
9.7,-59.7
9.7033,-58.8
9.7067,-55.8
9.71,-63.6
9.7133,-62.7
9.7167,-64.8
9.72,-57
9.7233,-66.6
9.7267,-51.3
9.73,-63
9.7333,-55.8
9.7367,-42.3
9.74,-75.6
9.7433,-66.6
9.7467,-56.1
9.75,-61.8
9.7533,-75.6
9.7567,-59.7
9.76,-71.7
9.7633,-60.3
9.7667,-66
9.77,-55.5
9.7733,-56.7
9.7767,-68.1
9.78,-61.5
9.7833,-60.3
9.7867,-60.3
9.79,-54.9
9.7933,-63.3
9.7967,-60
9.8,-63.3
9.8033,-63.6
9.8067,-59.4
9.81,-61.2
9.8133,-63
9.8167,-67.8
9.82,-67.5
9.8233,-61.8
9.8267,-61.8
9.83,-66
9.8333,-64.2
9.8367,-61.2
9.84,-62.1
9.8433,-58.5
9.8467,-68.4
9.85,-50.7
9.8533,-55.5
9.8567,-59.4
9.86,-61.2
9.8633,-54.3
9.8667,-59.7
9.87,-57
9.8733,-70.2
9.8767,-62.4
9.88,-52.8
9.8833,-47.4
9.8867,-65.7
9.89,-60.3
9.8933,-61.8
9.8967,-61.2
9.9,-63.9
9.9033,-58.2
9.9067,-55.5
9.91,-69
9.9133,-56.1
9.9167,-62.4
9.92,-60.9
9.9233,-55.5
9.9267,-53.1
9.93,-59.7
9.9333,-62.1
9.9367,-67.2
9.94,-62.7
9.9433,-57.6
9.9467,-59.7
9.95,-55.5
9.9533,-62.7
9.9567,-63.6
9.96,-64.2
9.9633,-62.1
9.9667,-60.6
9.97,-56.4
9.9733,-62.7
9.9767,-62.4
9.98,-60.6
9.9833,-58.5
9.9867,-59.1
9.99,-53.7
9.9933,-61.5
9.9967,-57
10,-56.4
10.0033,-58.8
10.0067,-53.4
10.01,-54.9
10.0133,-64.2
10.0167,-59.1
10.02,-53.4
10.0233,-47.7
10.0267,-43.2
10.03,-47.4
10.0333,-60.9
10.0367,-71.4
10.04,-64.5
10.0433,-56.1
10.0467,-59.7
10.05,-58.5
10.0533,-49.2
10.0567,-55.8
10.06,-63
10.0633,-42.9
10.0667,-51.9
10.07,-62.7
10.0733,-65.7
10.0767,-58.2
10.08,-57.3
10.0833,-59.1
10.0867,-55.8
10.09,-56.4
10.0933,-58.5
10.0967,-55.8
10.1,-55.8
10.1033,-58.5
10.1067,-55.8
10.11,-57.3
10.1133,-60.9
10.1167,-53.7
10.12,-55.8
10.1233,-50.4
10.1267,-57
10.13,-60.6
10.1333,-54.3
10.1367,-39
10.14,-63
10.1433,-53.7
10.1467,-55.2
10.15,-48.3
10.1533,-43.8
10.1567,-61.2
10.16,-65.4
10.1633,-52.8
10.1667,-45
10.17,-62.1
10.1733,-56.1
10.1767,-47.1
10.18,-47.1
10.1833,-58.2
10.1867,-54.9
10.19,-50.7
10.1933,-63.6
10.1967,-61.2
10.2,-66
10.2033,-56.1
10.2067,-62.4
10.21,-60.3
10.2133,-60.3
10.2167,-60.9
10.22,-60.6
10.2233,-58.2
10.2267,-55.8
10.23,-58.2
10.2333,-62.4
10.2367,-60.3
10.24,-56.7
10.2433,-54
10.2467,-54.3
10.25,-57.6
10.2533,-56.1
10.2567,-62.4
10.26,-56.7
10.2633,-57.3
10.2667,-58.8
10.27,-56.1
10.2733,-60
10.2767,-54.3
10.28,-63.9
10.2833,-59.7
10.2867,-56.4
10.29,-62.1
10.2933,-56.1
10.2967,-54.3
10.3,-69.3
10.3033,-64.2
10.3067,-61.5
10.31,-58.8
10.3133,-52.8
10.3167,-65.1
10.32,-72.6
10.3233,-54.9
10.3267,-58.8
10.33,-63.3
10.3333,-59.1
10.3367,-58.5
10.34,-58.2
10.3433,-58.2
10.3467,-56.7
10.35,-63
10.3533,-63
10.3567,-60.3
10.36,-61.5
10.3633,-56.1
10.3667,-57.6
10.37,-54.3
10.3733,-71.1
10.3767,-57.6
10.38,-58.5
10.3833,-56.7
10.3867,-62.7
10.39,-57.6
10.3933,-63.6
10.3967,-58.8
10.4,-62.1
10.4033,-58.2
10.4067,-62.1
10.41,-48.9
10.4133,-60.6
10.4167,-54.3
10.42,-73.5
10.4233,-56.7
10.4267,-51.3
10.43,-63
10.4333,-67.8
10.4367,-58.5
10.44,-64.2
10.4433,-51.9
10.4467,-47.4
10.45,-72
10.4533,-61.8
10.4567,-61.8
10.46,-62.1
10.4633,-58.5
10.4667,-59.4
10.47,-48
10.4733,-54.6
10.4767,-67.8
10.48,-59.4
10.4833,-59.7
10.4867,-59.4
10.49,-60.9
10.4933,-59.4
10.4967,-61.5
10.5,-61.8
10.5033,-56.1
10.5067,-61.2
10.51,-62.1
10.5133,-62.1
10.5167,-61.5
10.52,-62.4
10.5233,-57.9
10.5267,-60
10.53,-58.5
10.5333,-62.1
10.5367,-61.2
10.54,-47.1
10.5433,-55.2
10.5467,-56.7
10.55,-50.4
10.5533,-53.7
10.5567,-48
10.56,-49.5
10.5633,-53.7
10.5667,-38.7
10.57,-37.2
10.5733,-61.5
10.5767,-66
10.58,-59.7
10.5833,-47.7
10.5867,-55.2
10.59,-53.4
10.5933,-66
10.5967,-43.5
10.6,-54.9
10.6033,-37.2
10.6067,-48.6
10.61,-49.5
10.6133,-59.7
10.6167,-61.2
10.62,-57.9
10.6233,-52.8
10.6267,-52.2
10.63,-55.5
10.6333,-57
10.6367,-56.7
10.64,-51
10.6433,-52.2
10.6467,-54.9
10.65,-53.4
10.6533,-53.7
10.6567,-54.3
10.66,-57.6
10.6633,-50.1
10.6667,-50.7
10.67,-56.1
10.6733,-49.5
10.6767,-54.3
10.68,-53.4
10.6833,-52.8
10.6867,-54
10.69,-50.4
10.6933,-57.6
10.6967,-42
10.7,-48
10.7033,-56.7
10.7067,-54
10.71,-58.8
10.7133,-65.1
10.7167,-54
10.72,-58.5
10.7233,-61.2
10.7267,-59.7
10.73,-60
10.7333,-59.7
10.7367,-62.1
10.74,-52.8
10.7433,-58.2
10.7467,-63.9
10.75,-61.2
10.7533,-68.1
10.7567,-62.7
10.76,-63
10.7633,-58.2
10.7667,-59.7
10.77,-52.8
10.7733,-64.8
10.7767,-65.4
10.78,-61.8
10.7833,-57.6
10.7867,-59.4
10.79,-59.1
10.7933,-62.7
10.7967,-52.2
10.8,-59.7
10.8033,-54.6
10.8067,-60.6
10.81,-59.7
10.8133,-58.5
10.8167,-60.3
10.82,-47.4
10.8233,-65.1
10.8267,-51.3
10.83,-64.5
10.8333,-57
10.8367,-44.7
10.84,-69.9
10.8433,-57.6
10.8467,-56.1
10.85,-48
10.8533,-64.5
10.8567,-60
10.86,-58.8
10.8633,-55.2
10.8667,-61.8
10.87,-59.1
10.8733,-58.2
10.8767,-57.9
10.88,-59.7
10.8833,-54.6
10.8867,-60
10.89,-65.7
10.8933,-65.1
10.8967,-61.8
10.9,-62.7
10.9033,-57.6
10.9067,-64.5
10.91,-63.6
10.9133,-68.7
10.9167,-57.6
10.92,-59.4
10.9233,-60.3
10.9267,-66.9
10.93,-60.3
10.9333,-56.7
10.9367,-59.7
10.94,-62.7
10.9433,-57.6
10.9467,-62.1
10.95,-58.5
10.9533,-61.2
10.9567,-59.4
10.96,-55.5
10.9633,-59.1
10.9667,-42.6
10.97,-61.2
10.9733,-60
10.9767,-63.3
10.98,-62.1
10.9833,-59.7
10.9867,-59.7
10.99,-57.6
10.9933,-68.1
10.9967,-57.6
11,-67.8
11.0033,-55.2
11.0067,-58.8
11.01,-63.6
11.0133,-54.3
11.0167,-65.4
11.02,-62.4
11.0233,-54
11.0267,-67.5
11.03,-63.3
11.0333,-66.3
11.0367,-63.6
11.04,-60.6
11.0433,-59.1
11.0467,-59.4
11.05,-58.8
11.0533,-65.4
11.0567,-57.6
11.06,-62.1
11.0633,-53.1
11.0667,-56.4
11.07,-57.6
11.0733,-66
11.0767,-62.4
11.08,-62.1
11.0833,-61.2
11.0867,-61.2
11.09,-64.5
11.0933,-64.2
11.0967,-62.4
11.1,-55.5
11.1033,-59.1
11.1067,-55.2
11.11,-52.5
11.1133,-54
11.1167,-69.3
11.12,-73.2
11.1233,-61.8
11.1267,-67.2
11.13,-65.4
11.1333,-67.2
11.1367,-56.4
11.14,-68.4
11.1433,-69.3
11.1467,-60
11.15,-61.5
11.1533,-64.5
11.1567,-56.4
11.16,-53.7
11.1633,-74.1
11.1667,-61.5
11.17,-70.5
11.1733,-60.3
11.1767,-61.5
11.18,-69
11.1833,-58.5
11.1867,-63.6
11.19,-63
11.1933,-66
11.1967,-60.9
11.2,-64.2
11.2033,-56.7
11.2067,-62.4
11.21,-61.2
11.2133,-62.7
11.2167,-62.7
11.22,-57
11.2233,-60.3
11.2267,-64.2
11.23,-58.8
11.2333,-61.5
11.2367,-64.5
11.24,-55.5
11.2433,-51
11.2467,-58.5
11.25,-54.6
11.2533,-63.3
11.2567,-62.1
11.26,-43.5
11.2633,-67.2
11.2667,-69.3
11.27,-68.4
11.2733,-75
11.2767,-63.9
11.28,-64.2
11.2833,-65.1
11.2867,-59.1
11.29,-66.6
11.2933,-68.7
11.2967,-61.2
11.3,-64.2
11.3033,-64.8
11.3067,-74.1
11.31,-69.3
11.3133,-60
11.3167,-68.7
11.32,-69
11.3233,-63.6
11.3267,-66.6
11.33,-65.7
11.3333,-69.6
11.3367,-66
11.34,-69.3
11.3433,-62.7
11.3467,-74.4
11.35,-62.1
11.3533,-69.9
11.3567,-66.3
11.36,-70.8
11.3633,-60.6
11.3667,-65.1
11.37,-66.3
11.3733,-62.7
11.3767,-63
11.38,-61.8
11.3833,-59.1
11.3867,-65.7
11.39,-61.5
11.3933,-48.3
11.3967,-65.4
11.4,-66.3
11.4033,-51
11.4067,-59.7
11.41,-62.4
11.4133,-71.4
11.4167,-67.2
11.42,-70.5
11.4233,-66.6
11.4267,-69
11.43,-68.7
11.4333,-66.9
11.4367,-61.8
11.44,-71.7
11.4433,-64.5
11.4467,-69.3
11.45,-67.2
11.4533,-66.3
11.4567,-61.8
11.46,-61.5
11.4633,-64.2
11.4667,-68.4
11.47,-64.8
11.4733,-66
11.4767,-65.4
11.48,-65.1
11.4833,-59.1
11.4867,-57.6
11.49,-66
11.4933,-62.1
11.4967,-55.5
11.5,-51
11.5033,-64.2
11.5067,-50.4
11.51,-67.2
11.5133,-63.3
11.5167,-59.4
11.52,-61.5
11.5233,-57.6
11.5267,-56.1
11.53,-63.6
11.5333,-66.3
11.5367,-51.6
11.54,-66.3
11.5433,-51.9
11.5467,-61.8
11.55,-63.9
11.5533,-65.1
11.5567,-73.5
11.56,-64.2
11.5633,-64.8
11.5667,-65.4
11.57,-65.7
11.5733,-66.3
11.5767,-62.7
11.58,-64.2
11.5833,-64.8
11.5867,-65.1
11.59,-63.3
11.5933,-66.3
11.5967,-61.5
11.6,-63.9
11.6033,-56.4
11.6067,-57.6
11.61,-67.2
11.6133,-64.2
11.6167,-63.6
11.62,-60.9
11.6233,-64.8
11.6267,-63.3
11.63,-63
11.6333,-64.2
11.6367,-60.6
11.64,-62.4
11.6433,-56.1
11.6467,-51.9
11.65,-65.7
11.6533,-61.8
11.6567,-60.3
11.66,-62.1
11.6633,-51.6
11.6667,-61.8
11.67,-56.4
11.6733,-60.6
11.6767,-71.1
11.68,-63.3
11.6833,-61.5
11.6867,-63.9
11.69,-63.6
11.6933,-65.4
11.6967,-59.7
11.7,-61.2
11.7033,-57.6
11.7067,-57.3
11.71,-59.7
11.7133,-60.6
11.7167,-61.8
11.72,-59.4
11.7233,-57.3
11.7267,-57.6
11.73,-59.4
11.7333,-65.4
11.7367,-63.9
11.74,-64.2
11.7433,-60.3
11.7467,-63.3
11.75,-66.6
11.7533,-63
11.7567,-57.6
11.76,-59.4
11.7633,-57.6
11.7667,-67.2
11.77,-62.7
11.7733,-66.6
11.7767,-62.1
11.78,-60.3
11.7833,-64.2
11.7867,-62.7
11.79,-67.8
11.7933,-61.2
11.7967,-63.9
11.8,-60.9
11.8033,-62.7
11.8067,-58.5
11.81,-59.7
11.8133,-55.2
11.8167,-44.1
11.82,-68.4
11.8233,-67.2
11.8267,-51.3
11.83,-58.5
11.8333,-76.2
11.8367,-61.5
11.84,-70.8
11.8433,-60.6
11.8467,-60.6
11.85,-67.2
11.8533,-60.6
11.8567,-72.3
11.86,-45.6
11.8633,-65.7
11.8667,-64.5
11.87,-65.4
11.8733,-61.2
11.8767,-58.2
11.88,-58.8
11.8833,-60.3
11.8867,-60.3
11.89,-60.3
11.8933,-54.9
11.8967,-56.4
11.9,-66
11.9033,-68.4
11.9067,-51.6
11.91,-50.4
11.9133,-51.3
11.9167,-61.5
11.92,-71.7
11.9233,-42.9
11.9267,-48.9
11.93,-57
11.9333,-56.7
11.9367,-65.1
11.94,-56.4
11.9433,-59.7
11.9467,-62.7
11.95,-60.6
11.9533,-64.5
11.9567,-59.4
11.96,-63.3
11.9633,-60
11.9667,-61.5
11.97,-64.5
11.9733,-64.8
11.9767,-57.6
11.98,-63
11.9833,-55.2
11.9867,-61.2
11.99,-60.6
11.9933,-61.2
11.9967,-59.4
12,-50.4
12.0033,-56.4
12.0067,-57.9
12.01,-59.7
12.0133,-57
12.0167,-52.2
12.02,-58.8
12.0233,-52.2
12.0267,-62.7
12.03,-64.5
12.0333,-59.7
12.0367,-58.8
12.04,-52.5
12.0433,-54
12.0467,-57
12.05,-61.2
12.0533,-60.6
12.0567,-52.8
12.06,-52.8
12.0633,-60.3
12.0667,-59.4
12.07,-54.9
12.0733,-71.4
12.0767,-49.8
12.08,-62.4
12.0833,-59.1
12.0867,-55.5
12.09,-52.5
12.0933,-48
12.0967,-57.9
12.1,-61.8
12.1033,-68.4
12.1067,-49.8
12.11,-56.4
12.1133,-64.5
12.1167,-56.7
12.12,-63.9
12.1233,-54.3
12.1267,-55.5
12.13,-60.6
12.1333,-61.5
12.1367,-62.7
12.14,-64.2
12.1433,-53.4
12.1467,-58.5
12.15,-54.3
12.1533,-65.7
12.1567,-64.2
12.16,-59.7
12.1633,-60.9
12.1667,-55.5
12.17,-63.3
12.1733,-64.8
12.1767,-62.1
12.18,-52.8
12.1833,-58.5
12.1867,-64.2
12.19,-59.4
12.1933,-60.3
12.1967,-58.8
12.2,-49.2
12.2033,-54.3
12.2067,-71.7
12.21,-75
12.2133,-55.8
12.2167,-64.5
12.22,-66
12.2233,-66.6
12.2267,-59.7
12.23,-69
12.2333,-52.8
12.2367,-67.5
12.24,-56.1
12.2433,-72.3
12.2467,-57.6
12.25,-63.3
12.2533,-59.7
12.2567,-66.6
12.26,-58.8
12.2633,-62.1
12.2667,-63.9
12.27,-66
12.2733,-63.9
12.2767,-59.7
12.28,-65.1
12.2833,-58.2
12.2867,-62.7
12.29,-64.5
12.2933,-59.4
12.2967,-65.7
12.3,-53.7
12.3033,-57.3
12.3067,-60.3
12.31,-66.9
12.3133,-62.7
12.3167,-63
12.32,-59.7
12.3233,-62.4
12.3267,-65.4
12.33,-60.3
12.3333,-62.7
12.3367,-70.5
12.34,-52.5
12.3433,-45.9
12.3467,-63.6
12.35,-42
12.3533,-55.2
12.3567,-77.4
12.36,-64.2
12.3633,-67.2
12.3667,-66.3
12.37,-65.1
12.3733,-63.6
12.3767,-58.2
12.38,-39.9
12.3833,-59.1
12.3867,-68.4
12.39,-64.8
12.3933,-57.3
12.3967,-67.2
12.4,-57
12.4033,-57
12.4067,-63.6
12.41,-57.9
12.4133,-62.7
12.4167,-63
12.42,-59.7
12.4233,-60.6
12.4267,-60
12.43,-63.3
12.4333,-60
12.4367,-63.3
12.44,-60.9
12.4433,-63.3
12.4467,-59.7
12.45,-69.3
12.4533,-54.6
12.4567,-66.6
12.46,-62.4
12.4633,-50.4
12.4667,-48.3
12.47,-68.4
12.4733,-59.7
12.4767,-57.9
12.48,-62.4
12.4833,-66.3
12.4867,-45
12.49,-65.7
12.4933,-60.6
12.4967,-66.9
12.5,-59.1
12.5033,-58.8
12.5067,-60.3
12.51,-58.5
12.5133,-59.4
12.5167,-57
12.52,-45
12.5233,-54.6
12.5267,-62.1
12.53,-58.5
12.5333,-63
12.5367,-55.2
12.54,-59.7
12.5433,-48.3
12.5467,-55.5
12.55,-55.5
12.5533,-55.2
12.5567,-57
12.56,-53.1
12.5633,-56.1
12.5667,-54.9
12.57,-56.7
12.5733,-52.5
12.5767,-63.3
12.58,-53.7
12.5833,-56.4
12.5867,-60.6
12.59,-60
12.5933,-52.8
12.5967,-60
12.6,-55.2
12.6033,-55.5
12.6067,-40.5
12.61,-60.9
12.6133,-62.4
12.6167,-55.5
12.62,-51.6
12.6233,-48.3
12.6267,-63.6
12.63,-63.9
12.6333,-57.6
12.6367,-65.4
12.64,-51.9
12.6433,-49.5
12.6467,-47.4
12.65,-69.6
12.6533,-63.6
12.6567,-58.5
12.66,-64.2
12.6633,-61.8
12.6667,-60.6
12.67,-60.9
12.6733,-57
12.6767,-58.2
12.68,-56.4
12.6833,-54.3
12.6867,-61.8
12.69,-65.1
12.6933,-56.4
12.6967,-59.1
12.7,-56.7
12.7033,-61.2
12.7067,-56.7
12.71,-63.3
12.7133,-63.9
12.7167,-58.2
12.72,-58.5
12.7233,-59.7
12.7267,-52.2
12.73,-64.2
12.7333,-58.8
12.7367,-56.1
12.74,-52.2
12.7433,-58.5
12.7467,-45.9
12.75,-62.4
12.7533,-41.4
12.7567,-43.8
12.76,-47.7
12.7633,-73.8
12.7667,-62.1
12.77,-67.5
12.7733,-56.4
12.7767,-61.8
12.78,-54.3
12.7833,-62.1
12.7867,-54.6
12.79,-63.3
12.7933,-55.2
12.7967,-57.6
12.8,-54.9
12.8033,-59.7
12.8067,-45.6
12.81,-63.3
12.8133,-59.7
12.8167,-64.8
12.82,-54.3
12.8233,-54.3
12.8267,-60.9
12.83,-63.9
12.8333,-59.4
12.8367,-53.7
12.84,-55.5
12.8433,-52.8
12.8467,-57.6
12.85,-57
12.8533,-60
12.8567,-54.6
12.86,-54.6
12.8633,-51
12.8667,-58.5
12.87,-59.4
12.8733,-56.1
12.8767,-58.8
12.88,-54.9
12.8833,-53.1
12.8867,-51.3
12.89,-56.4
12.8933,-48.9
12.8967,-53.1
12.9,-50.1
12.9033,-63
12.9067,-51.6
12.91,-60.9
12.9133,-61.5
12.9167,-49.5
12.92,-60.9
12.9233,-56.4
12.9267,-53.4
12.93,-43.8
12.9333,-60.6
12.9367,-49.5
12.94,-52.8
12.9433,-60.6
12.9467,-57.3
12.95,-70.5
12.9533,-51.9
12.9567,-61.5
12.96,-54
12.9633,-54.6
12.9667,-52.2
12.97,-54.6
12.9733,-56.4
12.9767,-53.1
12.98,-56.7
12.9833,-55.5
12.9867,-51.9
12.99,-58.8
12.9933,-56.7
12.9967,-56.1
13,-48.3
13.0033,-53.7
13.0067,-52.2
13.01,-56.7
13.0133,-55.8
13.0167,-54.3
13.02,-47.7
13.0233,-55.8
13.0267,-51
13.03,-54.3
13.0333,-54
13.0367,-48.6
13.04,-38.1
13.0433,-39.9
13.0467,-75.9
13.05,-58.8
13.0533,-68.1
13.0567,-45.9
13.06,-53.4
13.0633,-64.2
13.0667,-56.7
13.07,-59.1
13.0733,-59.7
13.0767,-48.6
13.08,-53.7
13.0833,-54
13.0867,-48.6
13.09,-54.9
13.0933,-53.1
13.0967,-58.2
13.1,-55.8
13.1033,-50.1
13.1067,-51.3
13.11,-68.1
13.1133,-49.2
13.1167,-57.6
13.12,-53.4
13.1233,-54
13.1267,-57.9
13.13,-54.9
13.1333,-60
13.1367,-55.5
13.14,-49.2
13.1433,-56.7
13.1467,-57.3
13.15,-58.5
13.1533,-51.9
13.1567,-51
13.16,-61.5
13.1633,-62.4
13.1667,-53.4
13.17,-48
13.1733,-61.2
13.1767,-50.1
13.18,-58.5
13.1833,-46.8
13.1867,-53.7
13.19,-55.8
13.1933,-62.4
13.1967,-57.3
13.2,-55.5
13.2033,-56.7
13.2067,-53.4
13.21,-51.3
13.2133,-46.5
13.2167,-52.5
13.22,-56.7
13.2233,-61.8
13.2267,-58.5
13.23,-59.4
13.2333,-59.4
13.2367,-59.1
13.24,-53.7
13.2433,-54.9
13.2467,-57.9
13.25,-54.6
13.2533,-57.6
13.2567,-54
13.26,-49.5
13.2633,-58.8
13.2667,-53.4
13.27,-57.9
13.2733,-56.7
13.2767,-58.8
13.28,-55.2
13.2833,-54.9
13.2867,-55.8
13.29,-63.9
13.2933,-55.8
13.2967,-54.3
13.3,-55.8
13.3033,-53.1
13.3067,-52.2
13.31,-50.7
13.3133,-48.9
13.3167,-38.7
13.32,-69.3
13.3233,-37.5
13.3267,-47.4
13.33,-62.1
13.3333,-58.8
13.3367,-43.8
13.34,-63.3
13.3433,-48.9
13.3467,-57.9
13.35,-60.3
13.3533,-61.2
13.3567,-43.8
13.36,-53.4
13.3633,-61.2
13.3667,-56.1
13.37,-58.2
13.3733,-55.2
13.3767,-47.1
13.38,-52.5
13.3833,-54
13.3867,-48.9
13.39,-59.1
13.3933,-56.1
13.3967,-55.8
13.4,-44.7
13.4033,-50.4
13.4067,-47.7
13.41,-56.4
13.4133,-55.8
13.4167,-54
13.42,-48.3
13.4233,-54.3
13.4267,-51
13.43,-54.9
13.4333,-49.8
13.4367,-52.2
13.44,-45.6
13.4433,-57
13.4467,-53.1
13.45,-55.5
13.4533,-43.8
13.4567,-52.8
13.46,-56.7
13.4633,-46.8
13.4667,-58.5
13.47,-58.8
13.4733,-57.6
13.4767,-50.1
13.48,-52.8
13.4833,-39.6
13.4867,-48
13.49,-33.3
13.4933,-57.3
13.4967,-69.6
13.5,-48.6
13.5033,-52.8
13.5067,-48.3
13.51,-53.4
13.5133,-48.9
13.5167,-55.2
13.52,-40.8
13.5233,-51.3
13.5267,-47.7
13.53,-52.2
13.5333,-53.7
13.5367,-49.5
13.54,-50.7
13.5433,-48.3
13.5467,-52.5
13.55,-55.5
13.5533,-52.2
13.5567,-55.5
13.56,-51.6
13.5633,-48.9
13.5667,-50.4
13.57,-54
13.5733,-52.2
13.5767,-49.8
13.58,-54
13.5833,-47.7
13.5867,-50.1
13.59,-54.6
13.5933,-44.7
13.5967,-42.9
13.6,-47.1
13.6033,-49.8
13.6067,-66.3
13.61,-65.7
13.6133,-50.4
13.6167,-56.7
13.62,-58.8
13.6233,-55.2
13.6267,-51.6
13.63,-52.5
13.6333,-61.5
13.6367,-52.8
13.64,-50.7
13.6433,-60
13.6467,-50.4
13.65,-46.5
13.6533,-53.7
13.6567,-53.7
13.66,-50.4
13.6633,-54.9
13.6667,-51.9
13.67,-57.6
13.6733,-53.4
13.6767,-52.5
13.68,-53.4
13.6833,-54.9
13.6867,-56.7
13.69,-57
13.6933,-55.8
13.6967,-54.3
13.7,-43.8
13.7033,-65.1
13.7067,-56.4
13.71,-61.8
13.7133,-53.7
13.7167,-57
13.72,-55.2
13.7233,-53.7
13.7267,-50.4
13.73,-53.7
13.7333,-57.9
13.7367,-58.8
13.74,-50.7
13.7433,-52.8
13.7467,-51
13.75,-55.2
13.7533,-50.7
13.7567,-44.4
13.76,-49.2
13.7633,-66.9
13.7667,-53.4
13.77,-62.7
13.7733,-65.4
13.7767,-59.4
13.78,-58.2
13.7833,-51.3
13.7867,-42.3
13.79,-60
13.7933,-51
13.7967,-54.6
13.8,-50.4
13.8033,-54.6
13.8067,-51.9
13.81,-60
13.8133,-53.1
13.8167,-61.8
13.82,-50.4
13.8233,-57
13.8267,-59.7
13.83,-63.6
13.8333,-56.4
13.8367,-57.6
13.84,-48
13.8433,-54.3
13.8467,-51.3
13.85,-64.2
13.8533,-57.9
13.8567,-58.2
13.86,-45
13.8633,-44.1
13.8667,-50.1
13.87,-55.8
13.8733,-57.6
13.8767,-49.8
13.88,-53.1
13.8833,-62.7
13.8867,-60.3
13.89,-60.6
13.8933,-57
13.8967,-52.5
13.9,-56.7
13.9033,-54.6
13.9067,-55.2
13.91,-58.8
13.9133,-55.2
13.9167,-47.4
13.92,-54
13.9233,-49.8
13.9267,-56.1
13.93,-57.9
13.9333,-60.3
13.9367,-54
13.94,-51
13.9433,-53.1
13.9467,-53.7
13.95,-59.4
13.9533,-52.2
13.9567,-52.8
13.96,-53.4
13.9633,-54
13.9667,-57.9
13.97,-59.7
13.9733,-51
13.9767,-45.6
13.98,-55.2
13.9833,-39
13.9867,-60.9
13.99,-59.7
13.9933,-56.4
13.9967,-51.9
14,-50.1
14.0033,-51
14.0067,-60.6
14.01,-35.4
14.0133,-69.9
14.0167,-53.4
14.02,-56.4
14.0233,-48.6
14.0267,-57.3
14.03,-58.5
14.0333,-53.7
14.0367,-62.4
14.04,-57.3
14.0433,-54.3
14.0467,-54.3
14.05,-60.3
14.0533,-59.7
14.0567,-54
14.06,-58.2
14.0633,-54.9
14.0667,-56.1
14.07,-63
14.0733,-54.3
14.0767,-62.4
14.08,-57.6
14.0833,-55.5
14.0867,-56.7
14.09,-58.2
14.0933,-55.8
14.0967,-57.9
14.1,-46.2
14.1033,-61.8
14.1067,-50.4
14.11,-57
14.1133,-64.8
14.1167,-48
14.12,-42
14.1233,-63.3
14.1267,-48
14.13,-64.8
14.1333,-72.3
14.1367,-59.1
14.14,-42
14.1433,-65.1
14.1467,-50.4
14.15,-56.7
14.1533,-65.7
14.1567,-56.7
14.16,-57.6
14.1633,-55.8
14.1667,-57.3
14.17,-61.2
14.1733,-64.5
14.1767,-61.5
14.18,-54
14.1833,-58.2
14.1867,-59.4
14.19,-62.7
14.1933,-56.4
14.1967,-64.2
14.2,-56.7
14.2033,-55.8
14.2067,-54.3
14.21,-61.5
14.2133,-56.7
14.2167,-56.7
14.22,-55.8
14.2233,-57
14.2267,-57.3
14.23,-60
14.2333,-62.1
14.2367,-49.2
14.24,-47.7
14.2433,-55.2
14.2467,-57
14.25,-52.8
14.2533,-57.6
14.2567,-49.2
14.26,-47.7
14.2633,-56.7
14.2667,-62.4
14.27,-40.8
14.2733,-64.8
14.2767,-51.9
14.28,-52.2
14.2833,-49.5
14.2867,-57.9
14.29,-54.9
14.2933,-53.1
14.2967,-50.7
14.3,-38.7
14.3033,-53.7
14.3067,-57
14.31,-60
14.3133,-55.2
14.3167,-45.6
14.32,-57.3
14.3233,-60.3
14.3267,-53.4
14.33,-56.4
14.3333,-54
14.3367,-56.4
14.34,-47.7
14.3433,-49.8
14.3467,-57.6
14.35,-55.5
14.3533,-56.1
14.3567,-46.8
14.36,-44.4
14.3633,-51.9
14.3667,-52.2
14.37,-51
14.3733,-52.2
14.3767,-45.9
14.38,-53.4
14.3833,-47.1
14.3867,-54.3
14.39,-50.7
14.3933,-52.2
14.3967,-48.9
14.4,-53.7
14.4033,-40.2
14.4067,-39
14.41,-48.6
14.4133,-63
14.4167,-52.8
14.42,-41.7
14.4233,-48.6
14.4267,-62.7
14.43,-62.4
14.4333,-60.3
14.4367,-53.7
14.44,-60.3
14.4433,-58.5
14.4467,-61.2
14.45,-45.6
14.4533,-58.2
14.4567,-57.3
14.46,-50.7
14.4633,-62.1
14.4667,-56.1
14.47,-60.9
14.4733,-55.8
14.4767,-64.5
14.48,-68.1
14.4833,-59.4
14.4867,-63.9
14.49,-56.1
14.4933,-62.1
14.4967,-65.1
14.5,-62.1
14.5033,-57.3
14.5067,-62.4
14.51,-58.2
14.5133,-55.8
14.5167,-56.1
14.52,-49.5
14.5233,-55.8
14.5267,-64.8
14.53,-68.7
14.5333,-48.6
14.5367,-47.7
14.54,-59.7
14.5433,-67.2
14.5467,-60.6
14.55,-52.5
14.5533,-57
14.5567,-69.3
14.56,-54
14.5633,-58.8
14.5667,-58.2
14.57,-66.6
14.5733,-52.8
14.5767,-55.8
14.58,-61.5
14.5833,-63.3
14.5867,-56.1
14.59,-61.8
14.5933,-54.9
14.5967,-61.5
14.6,-53.1
14.6033,-56.7
14.6067,-60
14.61,-58.2
14.6133,-59.7
14.6167,-51.6
14.62,-57
14.6233,-51
14.6267,-51
14.63,-57.3
14.6333,-57.6
14.6367,-51
14.64,-58.2
14.6433,-43.8
14.6467,-60.9
14.65,-63.9
14.6533,-50.4
14.6567,-44.4
14.66,-68.4
14.6633,-53.7
14.6667,-50.4
14.67,-61.8
14.6733,-63
14.6767,-50.7
14.68,-54
14.6833,-65.7
14.6867,-61.2
14.69,-51
14.6933,-56.7
14.6967,-53.7
14.7,-47.1
14.7033,-52.5
14.7067,-59.1
14.71,-53.1
14.7133,-60.6
14.7167,-45.6
14.72,-55.5
14.7233,-42.9
14.7267,-46.2
14.73,-55.2
14.7333,-62.7
14.7367,-58.8
14.74,-57.3
14.7433,-54.9
14.7467,-57.3
14.75,-49.2
14.7533,-50.1
14.7567,-56.7
14.76,-57.9
14.7633,-57.3
14.7667,-59.4
14.77,-57.3
14.7733,-55.2
14.7767,-48
14.78,-47.4
14.7833,-56.1
14.7867,-54
14.79,-50.7
14.7933,-54.9
14.7967,-52.2
14.8,-53.7
14.8033,-51
14.8067,-53.4
14.81,-35.7
14.8133,-46.8
14.8167,-48.3
14.82,-54
14.8233,-64.2
14.8267,-61.8
14.83,-59.4
14.8333,-56.1
14.8367,-54
14.84,-53.1
14.8433,-51
14.8467,-49.5
14.85,-62.7
14.8533,-31.8
14.8567,-60.9
14.86,-57.3
14.8633,-51
14.8667,-52.5
14.87,-54
14.8733,-55.5
14.8767,-51.3
14.88,-53.7
14.8833,-54.9
14.8867,-53.7
14.89,-49.5
14.8933,-60.3
14.8967,-50.1
14.9,-53.1
14.9033,-52.8
14.9067,-59.4
14.91,-53.1
14.9133,-50.4
14.9167,-49.2
14.92,-53.4
14.9233,-50.1
14.9267,-45.9
14.93,-52.2
14.9333,-65.7
14.9367,-42.3
14.94,-57.3
14.9433,-50.7
14.9467,-43.5
14.95,-56.1
14.9533,-56.7
14.9567,-51.6
14.96,-48.9
14.9633,-33.9
14.9667,-66.9
14.97,-60.3
14.9733,-61.8
14.9767,-45.6
14.98,-40.2
14.9833,-52.5
14.9867,-59.1
14.99,-50.7
14.9933,-58.2
14.9967,-51.9
15,-52.2
15.0033,-53.4
15.0067,-58.2
15.01,-55.2
15.0133,-55.2
15.0167,-52.8
15.02,-54
15.0233,-53.1
15.0267,-55.5
15.03,-54
15.0333,-51.9
15.0367,-46.8
15.04,-49.5
15.0433,-54
15.0467,-59.4
15.05,-53.1
15.0533,-52.5
15.0567,-49.5
15.06,-54.9
15.0633,-51.3
15.0667,-65.7
15.07,-62.1
15.0733,-53.1
15.0767,-59.7
15.08,-56.7
15.0833,-39.6
15.0867,-46.8
15.09,-66
15.0933,-60.9
15.0967,-65.7
15.1,-54.9
15.1033,-51.9
15.1067,-58.2
15.11,-57.9
15.1133,-60.3
15.1167,-57.9
15.12,-57.3
15.1233,-43.2
15.1267,-59.1
15.13,-62.4
15.1333,-54.9
15.1367,-48.9
15.14,-50.4
15.1433,-51
15.1467,-65.7
15.15,-51.6
15.1533,-52.8
15.1567,-57.9
15.16,-51.3
15.1633,-53.4
15.1667,-56.4
15.17,-50.4
15.1733,-63
15.1767,-53.7
15.18,-58.8
15.1833,-53.7
15.1867,-59.7
15.19,-49.8
15.1933,-60.3
15.1967,-52.8
15.2,-54.3
15.2033,-54.3
15.2067,-58.8
15.21,-51.6
15.2133,-53.7
15.2167,-48.3
15.22,-56.4
15.2233,-55.2
15.2267,-63.6
15.23,-43.8
15.2333,-44.1
15.2367,-32.7
15.24,-64.2
15.2433,-42.9
15.2467,-54
15.25,-49.5
15.2533,-60.9
15.2567,-48
15.26,-56.4
15.2633,-47.1
15.2667,-56.1
15.27,-49.5
15.2733,-57.3
15.2767,-50.1
15.28,-50.1
15.2833,-49.2
15.2867,-51.6
15.29,-47.1
15.2933,-48.6
15.2967,-48
15.3,-53.7
15.3033,-47.7
15.3067,-56.7
15.31,-43.5
15.3133,-48
15.3167,-50.1
15.32,-51.6
15.3233,-51.9
15.3267,-52.8
15.33,-53.7
15.3333,-50.1
15.3367,-49.2
15.34,-52.2
15.3433,-46.8
15.3467,-57.3
15.35,-51
15.3533,-45
15.3567,-42
15.36,-58.8
15.3633,-48.6
15.3667,-56.4
15.37,-45.9
15.3733,-35.7
15.3767,-34.5
15.38,-61.5
15.3833,-50.1
15.3867,-59.4
15.39,-57
15.3933,-51.3
15.3967,-50.1
15.4,-39.9
15.4033,-39
15.4067,-64.5
15.41,-54.6
15.4133,-44.1
15.4167,-46.2
15.42,-54.9
15.4233,-43.8
15.4267,-58.2
15.43,-51.9
15.4333,-54.3
15.4367,-45
15.44,-47.7
15.4433,-47.7
15.4467,-51.6
15.45,-52.5
15.4533,-51.3
15.4567,-47.1
15.46,-48.9
15.4633,-44.1
15.4667,-53.7
15.47,-49.5
15.4733,-47.7
15.4767,-48.3
15.48,-42
15.4833,-35.7
15.4867,-52.8
15.49,-46.5
15.4933,-46.8
15.4967,-33.6
15.5,-50.7
15.5033,-42.3
15.5067,-35.7
15.51,-56.1
15.5133,-47.4
15.5167,-53.7
15.52,-48.3
15.5233,-53.7
15.5267,-50.1
15.53,-41.7
15.5333,-50.4
15.5367,-48.3
15.54,-48
15.5433,-52.8
15.5467,-51.3
15.55,-51
15.5533,-50.1
15.5567,-48
15.56,-46.5
15.5633,-53.4
15.5667,-58.5
15.57,-50.4
15.5733,-50.1
15.5767,-51.3
15.58,-51.9
15.5833,-52.2
15.5867,-53.4
15.59,-49.2
15.5933,-54.6
15.5967,-48.6
15.6,-49.5
15.6033,-48.3
15.6067,-54
15.61,-50.1
15.6133,-49.5
15.6167,-44.1
15.62,-44.1
15.6233,-43.5
15.6267,-25.8
15.63,-29.4
15.6333,-71.7
15.6367,-44.4
15.64,-40.2
15.6433,-49.8
15.6467,-51.3
15.65,-47.1
15.6533,-53.7
15.6567,-53.7
15.66,-35.4
15.6633,-36
15.6667,-75.9
15.67,-52.5
15.6733,-52.5
15.6767,-46.2
15.68,-43.5
15.6833,-55.5
15.6867,-57.6
15.69,-53.1
15.6933,-51.9
15.6967,-57
15.7,-54
15.7033,-49.8
15.7067,-60.3
15.71,-55.5
15.7133,-54.6
15.7167,-52.8
15.72,-54.6
15.7233,-53.7
15.7267,-58.5
15.73,-54.6
15.7333,-55.5
15.7367,-51.9
15.74,-56.1
15.7433,-49.8
15.7467,-58.8
15.75,-52.8
15.7533,-54.6
15.7567,-57.9
15.76,-49.2
15.7633,-45.6
15.7667,-51.6
15.77,-42.6
15.7733,-56.4
15.7767,-46.8
15.78,-67.8
15.7833,-48.6
15.7867,-61.5
15.79,-55.5
15.7933,-57.6
15.7967,-49.8
15.8,-54.6
15.8033,-59.1
15.8067,-58.5
15.81,-52.5
15.8133,-52.2
15.8167,-54.6
15.82,-59.7
15.8233,-51
15.8267,-54.3
15.83,-59.7
15.8333,-51.9
15.8367,-52.8
15.84,-46.5
15.8433,-52.8
15.8467,-58.5
15.85,-52.5
15.8533,-55.2
15.8567,-48
15.86,-50.7
15.8633,-49.2
15.8667,-50.7
15.87,-43.5
15.8733,-51.3
15.8767,-38.4
15.88,-52.5
15.8833,-39
15.8867,-51.9
15.89,-62.1
15.8933,-50.1
15.8967,-47.7
15.9,-40.2
15.9033,-45
15.9067,-55.5
15.91,-51.6
15.9133,-53.4
15.9167,-43.5
15.92,-54.6
15.9233,-50.4
15.9267,-50.1
15.93,-54
15.9333,-50.1
15.9367,-53.4
15.94,-51.6
15.9433,-49.5
15.9467,-33.9
15.95,-58.5
15.9533,-48.9
15.9567,-37.8
15.96,-44.7
15.9633,-63
15.9667,-57.3
15.97,-55.2
15.9733,-58.5
15.9767,-53.1
15.98,-47.7
15.9833,-53.1
15.9867,-49.8
15.99,-52.5
15.9933,-50.1
15.9967,-46.8
16,-51.3
16.0033,-49.5
16.0067,-51.3
16.01,-45.9
16.0133,-49.2
16.0167,-48.6
16.02,-47.4
16.0233,-48.9
16.0267,-44.1
16.03,-45.6
16.0333,-46.8
16.0367,-46.2
16.04,-48
16.0433,-51.6
16.0467,-42.6
16.05,-43.2
16.0533,-51.9
16.0567,-32.1
16.06,-37.5
16.0633,-40.2
16.0667,-57.3
16.07,-60.9
16.0733,-51
16.0767,-54
16.08,-45.3
16.0833,-43.2
16.0867,-63
16.09,-51
16.0933,-41.7
16.0967,-46.5
16.1,-56.1
16.1033,-55.2
16.1067,-57.9
16.11,-53.1
16.1133,-51.9
16.1167,-46.2
16.12,-53.1
16.1233,-51
16.1267,-47.4
16.13,-46.8
16.1333,-49.8
16.1367,-53.1
16.14,-43.5
16.1433,-45.3
16.1467,-51
16.15,-44.7
16.1533,-52.8
16.1567,-39.3
16.16,-51
16.1633,-47.1
16.1667,-44.4
16.17,-43.5
16.1733,-35.1
16.1767,-44.7
16.18,-36.9
16.1833,-38.4
16.1867,-41.4
16.19,-56.4
16.1933,-56.4
16.1967,-51.3
16.2,-40.8
16.2033,-49.5
16.2067,-51.9
16.21,-47.4
16.2133,-41.4
16.2167,-51.3
16.22,-41.4
16.2233,-48.3
16.2267,-52.8
16.23,-49.2
16.2333,-56.7
16.2367,-44.1
16.24,-54
16.2433,-49.2
16.2467,-55.5
16.25,-50.7
16.2533,-44.7
16.2567,-54.6
16.26,-49.2
16.2633,-52.5
16.2667,-51.3
16.27,-47.7
16.2733,-44.1
16.2767,-48.3
16.28,-51.6
16.2833,-45.9
16.2867,-47.1
16.29,-48.6
16.2933,-49.2
16.2967,-43.5
16.3,-45.3
16.3033,-39.9
16.3067,-58.2
16.31,-33.9
16.3133,-53.1
16.3167,-33.6
16.32,-44.7
16.3233,-45.6
16.3267,-42
16.33,-27
16.3333,-50.7
16.3367,-48.3
16.34,-40.8
16.3433,-47.7
16.3467,-47.4
16.35,-44.4
16.3533,-48.6
16.3567,-43.5
16.36,-39.3
16.3633,-45.9
16.3667,-48
16.37,-41.1
16.3733,-46.5
16.3767,-44.7
16.38,-45.6
16.3833,-42.9
16.3867,-50.7
16.39,-51
16.3933,-53.1
16.3967,-43.2
16.4,-46.2
16.4033,-48
16.4067,-50.4
16.41,-45.3
16.4133,-48.3
16.4167,-46.5
16.42,-49.8
16.4233,-52.5
16.4267,-50.7
16.43,-51
16.4333,-48.6
16.4367,-50.4
16.44,-44.7
16.4433,-45
16.4467,-39.6
16.45,-50.4
16.4533,-38.1
16.4567,-48
16.46,-57.6
16.4633,-55.8
16.4667,-58.5
16.47,-47.1
16.4733,-48.3
16.4767,-44.7
16.48,-52.8
16.4833,-46.8
16.4867,-50.7
16.49,-56.4
16.4933,-57.3
16.4967,-50.4
16.5,-47.1
16.5033,-56.4
16.5067,-48.3
16.51,-60
16.5133,-54.3
16.5167,-54.6
16.52,-54.9
16.5233,-55.2
16.5267,-58.2
16.53,-56.1
16.5333,-49.5
16.5367,-52.5
16.54,-48.3
16.5433,-56.1
16.5467,-45
16.55,-55.2
16.5533,-49.2
16.5567,-51.3
16.56,-55.8
16.5633,-51.6
16.5667,-50.4
16.57,-59.1
16.5733,-49.5
16.5767,-54.6
16.58,-54
16.5833,-47.4
16.5867,-40.8
16.59,-55.8
16.5933,-47.1
16.5967,-34.5
16.6,-51.9
16.6033,-64.8
16.6067,-47.1
16.61,-56.7
16.6133,-49.8
16.6167,-49.8
16.62,-50.1
16.6233,-39.9
16.6267,-50.1
16.63,-52.2
16.6333,-38.4
16.6367,-61.2
16.64,-57.6
16.6433,-52.2
16.6467,-53.1
16.65,-56.7
16.6533,-48.3
16.6567,-59.1
16.66,-52.2
16.6633,-59.4
16.6667,-48.9
16.67,-48.9
16.6733,-54.6
16.6767,-49.8
16.68,-50.7
16.6833,-51.9
16.6867,-50.1
16.69,-53.1
16.6933,-47.4
16.6967,-44.4
16.7,-49.8
16.7033,-52.5
16.7067,-50.1
16.71,-49.5
16.7133,-44.4
16.7167,-53.7
16.72,-47.7
16.7233,-51.9
16.7267,-57
16.73,-44.4
16.7333,-52.2
16.7367,-35.7
16.74,-33.3
16.7433,-69
16.7467,-46.2
16.75,-57
16.7533,-56.1
16.7567,-45.9
16.76,-54.3
16.7633,-48.6
16.7667,-41.7
16.77,-51.6
16.7733,-62.1
16.7767,-51.3
16.78,-50.7
16.7833,-50.4
16.7867,-58.5
16.79,-50.7
16.7933,-46.8
16.7967,-50.7
16.8,-52.2
16.8033,-53.4
16.8067,-53.7
16.81,-51.6
16.8133,-52.8
16.8167,-48.6
16.82,-51.6
16.8233,-50.7
16.8267,-57.3
16.83,-48.9
16.8333,-52.5
16.8367,-50.7
16.84,-52.2
16.8433,-51.3
16.8467,-48.6
16.85,-48.6
16.8533,-50.7
16.8567,-52.8
16.86,-49.2
16.8633,-47.4
16.8667,-57
16.87,-56.7
16.8733,-48.3
16.8767,-45.3
16.88,-37.5
16.8833,-41.7
16.8867,-63
16.89,-41.1
16.8933,-54.9
16.8967,-58.8
16.9,-46.5
16.9033,-54.9
16.9067,-45.9
16.91,-52.2
16.9133,-47.1
16.9167,-45
16.92,-46.5
16.9233,-50.7
16.9267,-49.8
16.93,-45.3
16.9333,-52.5
16.9367,-53.4
16.94,-50.7
16.9433,-50.4
16.9467,-52.2
16.95,-47.7
16.9533,-48.3
16.9567,-47.4
16.96,-48.9
16.9633,-50.4
16.9667,-57
16.97,-52.8
16.9733,-48.9
16.9767,-48.6
16.98,-50.1
16.9833,-48.9
16.9867,-56.1
16.99,-50.1
16.9933,-46.5
16.9967,-49.2
17,-46.5
17.0033,-53.4
17.0067,-47.4
17.01,-58.8
17.0133,-42.6
17.0167,-52.8
17.02,-48
17.0233,-36.9
17.0267,-45.6
17.03,-53.4
17.0333,-40.2
17.0367,-34.2
17.04,-45
17.0433,-53.4
17.0467,-57
17.05,-52.8
17.0533,-55.8
17.0567,-45.3
17.06,-42
17.0633,-48.9
17.0667,-51.6
17.07,-49.5
17.0733,-49.5
17.0767,-50.1
17.08,-50.4
17.0833,-48
17.0867,-49.8
17.09,-52.2
17.0933,-46.8
17.0967,-46.5
17.1,-45.6
17.1033,-49.8
17.1067,-47.7
17.11,-51.6
17.1133,-46.2
17.1167,-49.5
17.12,-44.1
17.1233,-50.7
17.1267,-43.2
17.13,-46.2
17.1333,-33.3
17.1367,-48.6
17.14,-59.1
17.1433,-31.2
17.1467,-42.6
17.15,-38.4
17.1533,-64.8
17.1567,-51.3
17.16,-51.6
17.1633,-60
17.1667,-43.8
17.17,-49.8
17.1733,-54
17.1767,-51.9
17.18,-47.4
17.1833,-52.8
17.1867,-50.1
17.19,-52.5
17.1933,-49.5
17.1967,-50.7
17.2,-41.1
17.2033,-52.8
17.2067,-52.5
17.21,-51
17.2133,-50.7
17.2167,-50.1
17.22,-47.1
17.2233,-50.4
17.2267,-47.4
17.23,-47.7
17.2333,-43.8
17.2367,-48
17.24,-43.8
17.2433,-42
17.2467,-48.9
17.25,-46.5
17.2533,-43.8
17.2567,-44.1
17.26,-46.2
17.2633,-52.2
17.2667,-50.1
17.27,-42.6
17.2733,-45.6
17.2767,-35.4
17.28,-45.6
17.2833,-41.1
17.2867,-53.7
17.29,-43.2
17.2933,-25.8
17.2967,-42.9
17.3,-38.1
17.3033,-53.7
17.3067,-43.2
17.31,-51
17.3133,-38.7
17.3167,-46.2
17.32,-46.2
17.3233,-45.6
17.3267,-44.1
17.33,-47.7
17.3333,-47.4
17.3367,-47.7
17.34,-37.2
17.3433,-50.4
17.3467,-42.9
17.35,-39.3
17.3533,-39.9
17.3567,-47.4
17.36,-45.6
17.3633,-46.5
17.3667,-48.3
17.37,-45.9
17.3733,-46.8
17.3767,-43.5
17.38,-42.6
17.3833,-42.3
17.3867,-43.5
17.39,-46.2
17.3933,-36.9
17.3967,-43.8
17.4,-45
17.4033,-44.4
17.4067,-43.5
17.41,-48
17.4133,-45
17.4167,-38.4
17.42,-41.1
17.4233,-47.1
17.4267,-52.2
17.43,-44.4
17.4333,-38.7
17.4367,-50.7
17.44,-40.5
17.4433,-42.3
17.4467,-47.7
17.45,-50.1
17.4533,-49.8
17.4567,-45.9
17.46,-37.5
17.4633,-40.5
17.4667,-51.3
17.47,-43.8
17.4733,-44.7
17.4767,-37.8
17.48,-47.1
17.4833,-47.7
17.4867,-43.2
17.49,-45
17.4933,-48.3
17.4967,-40.8
17.5,-46.5
17.5033,-42
17.5067,-47.1
17.51,-34.5
17.5133,-44.4
17.5167,-48.6
17.52,-41.1
17.5233,-41.7
17.5267,-44.7
17.53,-43.5
17.5333,-38.7
17.5367,-37.8
17.54,-42
17.5433,-39.6
17.5467,-41.7
17.55,-34.8
17.5533,-35.7
17.5567,-46.8
17.56,-21.6
17.5633,-31.8
17.5667,-39
17.57,-44.1
17.5733,-31.5
17.5767,-48.6
17.58,-42.9
17.5833,-47.4
17.5867,-42.9
17.59,-43.8
17.5933,-31.8
17.5967,-46.5
17.6,-42.3
17.6033,-49.5
17.6067,-42.9
17.61,-43.2
17.6133,-37.2
17.6167,-43.2
17.62,-40.2
17.6233,-49.2
17.6267,-46.2
17.63,-45.6
17.6333,-41.1
17.6367,-47.4
17.64,-41.4
17.6433,-50.1
17.6467,-41.4
17.65,-41.4
17.6533,-41.4
17.6567,-48
17.66,-36.3
17.6633,-45
17.6667,-42.9
17.67,-43.5
17.6733,-45
17.6767,-40.2
17.68,-42.3
17.6833,-57.9
17.6867,-46.2
17.69,-41.7
17.6933,-36.3
17.6967,-50.7
17.7,-39
17.7033,-38.4
17.7067,-38.1
17.71,-45.6
17.7133,-45
17.7167,-51.9
17.72,-48.6
17.7233,-52.2
17.7267,-40.5
17.73,-29.7
17.7333,-43.5
17.7367,-50.4
17.74,-44.7
17.7433,-53.7
17.7467,-41.7
17.75,-46.5
17.7533,-45.6
17.7567,-53.4
17.76,-45.9
17.7633,-49.5
17.7667,-48.6
17.77,-48.9
17.7733,-42
17.7767,-47.4
17.78,-41.1
17.7833,-50.1
17.7867,-47.7
17.79,-48
17.7933,-47.4
17.7967,-43.8
17.8,-42
17.8033,-48.6
17.8067,-42.6
17.81,-47.7
17.8133,-40.2
17.8167,-47.4
17.82,-41.7
17.8233,-44.1
17.8267,-42.3
17.83,-39.9
17.8333,-47.1
17.8367,-43.2
17.84,-26.1
17.8433,-52.5
17.8467,-57.6
17.85,-30
17.8533,-47.7
17.8567,-45.3
17.86,-46.8
17.8633,-48.6
17.8667,-40.5
17.87,-48.6
17.8733,-36.3
17.8767,-48.6
17.88,-39
17.8833,-48.3
17.8867,-43.8
17.89,-50.4
17.8933,-41.1
17.8967,-48.9
17.9,-45.9
17.9033,-45
17.9067,-44.1
17.91,-45.6
17.9133,-36.9
17.9167,-43.2
17.92,-45.6
17.9233,-48.6
17.9267,-39
17.93,-39.6
17.9333,-39.9
17.9367,-40.5
17.94,-44.4
17.9433,-45
17.9467,-39.9
17.95,-40.8
17.9533,-40.5
17.9567,-46.5
17.96,-44.7
17.9633,-48.6
17.9667,-38.7
17.97,-40.8
17.9733,-39.9
17.9767,-42.6
17.98,-44.4
17.9833,-27.3
17.9867,-42.6
17.99,-45
17.9933,-35.4
17.9967,-46.8
18,-53.1
18.0033,-38.7
18.0067,-50.7
18.01,-39.3
18.0133,-43.8
18.0167,-46.2
18.02,-44.4
18.0233,-47.1
18.0267,-52.8
18.03,-41.1
18.0333,-36.9
18.0367,-49.2
18.04,-39.3
18.0433,-46.2
18.0467,-44.1
18.05,-35.4
18.0533,-38.4
18.0567,-36.9
18.06,-40.5
18.0633,-40.2
18.0667,-35.1
18.07,-40.2
18.0733,-41.1
18.0767,-38.4
18.08,-37.2
18.0833,-44.1
18.0867,-41.4
18.09,-39.9
18.0933,-35.4
18.0967,-45.9
18.1,-39
18.1033,-39.9
18.1067,-42.9
18.11,-40.2
18.1133,-30
18.1167,-37.8
18.12,-42.3
18.1233,-37.2
18.1267,-27.9
18.13,-47.4
18.1333,-22.2
18.1367,-28.5
18.14,-38.1
18.1433,-53.7
18.1467,-44.7
18.15,-40.5
18.1533,-33.9
18.1567,-43.2
18.16,-31.5
18.1633,-46.8
18.1667,-38.7
18.17,-39.6
18.1733,-30.3
18.1767,-38.1
18.18,-44.1
18.1833,-36.6
18.1867,-41.1
18.19,-35.7
18.1933,-38.7
18.1967,-34.8
18.2,-42.6
18.2033,-41.7
18.2067,-37.5
18.21,-32.1
18.2133,-40.5
18.2167,-36.3
18.22,-37.2
18.2233,-38.1
18.2267,-42.3
18.23,-38.1
18.2333,-34.2
18.2367,-36.9
18.24,-38.4
18.2433,-36.9
18.2467,-38.7
18.25,-39.3
18.2533,-39.9
18.2567,-39.3
18.26,-38.7
18.2633,-47.4
18.2667,-39.6
18.27,-46.8
18.2733,-14.7
18.2767,-44.4
18.28,-44.4
18.2833,-48
18.2867,-39.6
18.29,-62.7
18.2933,-38.1
18.2967,-54.6
18.3,-38.7
18.3033,-42
18.3067,-31.2
18.31,-48.6
18.3133,-39
18.3167,-38.4
18.32,-43.2
18.3233,-48.6
18.3267,-44.4
18.33,-40.8
18.3333,-34.2
18.3367,-45.9
18.34,-43.5
18.3433,-44.4
18.3467,-42.9
18.35,-43.2
18.3533,-39.9
18.3567,-46.2
18.36,-40.5
18.3633,-40.8
18.3667,-44.4
18.37,-41.7
18.3733,-38.4
18.3767,-43.5
18.38,-40.5
18.3833,-42.9
18.3867,-46.5
18.39,-42.3
18.3933,-34.8
18.3967,-42.3
18.4,-37.5
18.4033,-34.8
18.4067,-39.6
18.41,-42
18.4133,-26.7
18.4167,-32.7
18.42,-42.9
18.4233,-26.4
18.4267,-51
18.43,-42.3
18.4333,-30
18.4367,-41.4
18.44,-43.8
18.4433,-44.1
18.4467,-38.4
18.45,-48.3
18.4533,-35.7
18.4567,-37.8
18.46,-40.5
18.4633,-48.6
18.4667,-27.6
18.47,-45
18.4733,-42
18.4767,-38.7
18.48,-44.7
18.4833,-43.8
18.4867,-45.9
18.49,-43.2
18.4933,-42.6
18.4967,-39.6
18.5,-38.7
18.5033,-41.7
18.5067,-40.2
18.51,-41.7
18.5133,-42.9
18.5167,-35.4
18.52,-37.5
18.5233,-38.7
18.5267,-40.2
18.53,-38.1
18.5333,-39.6
18.5367,-38.7
18.54,-37.8
18.5433,-44.1
18.5467,-30.9
18.55,-24.9
18.5533,-34.2
18.5567,-41.4
18.56,-35.7
18.5633,-42.9
18.5667,-53.4
18.57,-34.5
18.5733,-38.4
18.5767,-44.4
18.58,-19.5
18.5833,-42.3
18.5867,-33.3
18.59,-42.9
18.5933,-47.4
18.5967,-43.5
18.6,-43.2
18.6033,-36
18.6067,-40.8
18.61,-40.2
18.6133,-41.7
18.6167,-45.3
18.62,-42.3
18.6233,-45
18.6267,-42.3
18.63,-40.5
18.6333,-43.2
18.6367,-44.7
18.64,-47.7
18.6433,-40.2
18.6467,-37.5
18.65,-42
18.6533,-39
18.6567,-45
18.66,-42
18.6633,-47.1
18.6667,-44.4
18.67,-43.5
18.6733,-43.2
18.6767,-43.2
18.68,-41.4
18.6833,-49.2
18.6867,-38.7
18.69,-30.9
18.6933,-39.3
18.6967,-55.5
18.7,-30.9
18.7033,-54
18.7067,-53.7
18.71,-43.5
18.7133,-44.4
18.7167,-41.7
18.72,-50.7
18.7233,-46.5
18.7267,-38.7
18.73,-48.9
18.7333,-45.3
18.7367,-33.3
18.74,-48
18.7433,-40.5
18.7467,-42.3
18.75,-40.2
18.7533,-47.4
18.7567,-35.1
18.76,-43.5
18.7633,-44.1
18.7667,-51.6
18.77,-45.3
18.7733,-37.2
18.7767,-53.1
18.78,-42
18.7833,-39.9
18.7867,-40.8
18.79,-46.2
18.7933,-43.8
18.7967,-48.9
18.8,-43.5
18.8033,-40.5
18.8067,-43.5
18.81,-43.5
18.8133,-33.9
18.8167,-40.8
18.82,-45.6
18.8233,-38.7
18.8267,-35.1
18.83,-44.7
18.8333,-34.2
18.8367,-37.8
18.84,-40.8
18.8433,-43.8
18.8467,-28.2
18.85,-41.7
18.8533,-47.4
18.8567,-39
18.86,-39.3
18.8633,-39.6
18.8667,-49.5
18.87,-34.5
18.8733,-46.8
18.8767,-38.4
18.88,-42.3
18.8833,-46.2
18.8867,-47.1
18.89,-35.1
18.8933,-38.7
18.8967,-48.9
18.9,-50.1
18.9033,-38.7
18.9067,-48.3
18.91,-44.1
18.9133,-41.4
18.9167,-42.3
18.92,-47.4
18.9233,-44.7
18.9267,-39.3
18.93,-43.5
18.9333,-40.2
18.9367,-45.6
18.94,-41.1
18.9433,-56.1
18.9467,-39.3
18.95,-39.6
18.9533,-49.5
18.9567,-39.3
18.96,-46.5
18.9633,-44.1
18.9667,-30.9
18.97,-31.5
18.9733,-45
18.9767,-42
18.98,-37.8
18.9833,-50.7
18.9867,-49.5
18.99,-45
18.9933,-37.8
18.9967,-40.8
19,-36.6
19.0033,-44.4
19.0067,-38.4
19.01,-41.4
19.0133,-30.6
19.0167,-39
19.02,-45.3
19.0233,-44.7
19.0267,-42
19.03,-35.4
19.0333,-42.6
19.0367,-33.3
19.04,-43.2
19.0433,-44.7
19.0467,-45.9
19.05,-42.9
19.0533,-45.6
19.0567,-40.5
19.06,-42.3
19.0633,-47.1
19.0667,-43.2
19.07,-42.3
19.0733,-43.2
19.0767,-39.3
19.08,-42
19.0833,-46.5
19.0867,-36.3
19.09,-37.5
19.0933,-42.3
19.0967,-35.4
19.1,-42
19.1033,-38.1
19.1067,-39.3
19.11,-36.9
19.1133,-33.3
19.1167,-42.3
19.12,-33.3
19.1233,-58.5
19.1267,-50.4
19.13,-43.2
19.1333,-36
19.1367,-43.8
19.14,-48.9
19.1433,-35.1
19.1467,-39.3
19.15,-30.9
19.1533,-51.3
19.1567,-42.6
19.16,-47.1
19.1633,-66.9
19.1667,-43.2
19.17,-41.7
19.1733,-47.4
19.1767,-46.5
19.18,-44.7
19.1833,-45.3
19.1867,-45
19.19,-44.7
19.1933,-42.3
19.1967,-40.8
19.2,-41.1
19.2033,-46.2
19.2067,-39.6
19.21,-42.6
19.2133,-41.1
19.2167,-37.2
19.22,-47.1
19.2233,-45.6
19.2267,-34.8
19.23,-39.9
19.2333,-45.6
19.2367,-39.9
19.24,-37.2
19.2433,-44.1
19.2467,-47.7
19.25,-21
19.2533,-40.2
19.2567,-38.7
19.26,-50.7
19.2633,-48.9
19.2667,-50.7
19.27,-42.6
19.2733,-46.8
19.2767,-40.5
19.28,-49.8
19.2833,-46.8
19.2867,-45.9
19.29,-43.2
19.2933,-52.5
19.2967,-45.9
19.3,-50.4
19.3033,-46.8
19.3067,-41.7
19.31,-43.5
19.3133,-49.2
19.3167,-45
19.32,-45.3
19.3233,-47.7
19.3267,-45.9
19.33,-45.3
19.3333,-49.2
19.3367,-36.3
19.34,-46.8
19.3433,-43.8
19.3467,-45.3
19.35,-44.1
19.3533,-45.9
19.3567,-47.4
19.36,-51.6
19.3633,-45
19.3667,-38.7
19.37,-40.2
19.3733,-48.3
19.3767,-49.5
19.38,-56.1
19.3833,-30.3
19.3867,-50.4
19.39,-52.8
19.3933,-48.6
19.3967,-39
19.4,-47.1
19.4033,-50.7
19.4067,-49.8
19.41,-44.1
19.4133,-42.9
19.4167,-43.2
19.42,-51.9
19.4233,-50.7
19.4267,-49.5
19.43,-45
19.4333,-48
19.4367,-51.6
19.44,-44.7
19.4433,-47.7
19.4467,-54
19.45,-51
19.4533,-49.5
19.4567,-36.6
19.46,-47.1
19.4633,-45.3
19.4667,-48.6
19.47,-46.8
19.4733,-45
19.4767,-37.8
19.48,-44.4
19.4833,-47.4
19.4867,-52.2
19.49,-42
19.4933,-44.7
19.4967,-45
19.5,-43.2
19.5033,-43.8
19.5067,-40.8
19.51,-38.4
19.5133,-46.2
19.5167,-40.5
19.52,-47.4
19.5233,-43.2
19.5267,-38.7
19.53,-50.4
19.5333,-46.2
19.5367,-36.6
19.54,-52.5
19.5433,-54.9
19.5467,-51.6
19.55,-44.1
19.5533,-52.2
19.5567,-42
19.56,-51
19.5633,-44.1
19.5667,-52.2
19.57,-41.7
19.5733,-47.1
19.5767,-39
19.58,-51
19.5833,-47.1
19.5867,-52.2
19.59,-42.3
19.5933,-48.6
19.5967,-48.6
19.6,-51.9
19.6033,-51.9
19.6067,-48.3
19.61,-49.8
19.6133,-52.5
19.6167,-51.3
19.62,-52.8
19.6233,-48.3
19.6267,-43.5
19.63,-54
19.6333,-52.2
19.6367,-38.1
19.64,-57.3
19.6433,-55.2
19.6467,-45.6
19.65,-51
19.6533,-40.2
19.6567,-52.8
19.66,-60.6
19.6633,-51.6
19.6667,-47.1
19.67,-39
19.6733,-57.6
19.6767,-51.9
19.68,-43.2
19.6833,-40.8
19.6867,-51.3
19.69,-54
19.6933,-48.9
19.6967,-54.6
19.7,-54.3
19.7033,-51
19.7067,-55.5
19.71,-51.3
19.7133,-52.8
19.7167,-49.5
19.72,-57.3
19.7233,-51
19.7267,-49.5
19.73,-47.1
19.7333,-48.9
19.7367,-49.8
19.74,-50.1
19.7433,-48.6
19.7467,-46.8
19.75,-41.1
19.7533,-41.4
19.7567,-47.4
19.76,-45.6
19.7633,-45.6
19.7667,-50.1
19.77,-40.8
19.7733,-46.5
19.7767,-45.9
19.78,-47.1
19.7833,-41.4
19.7867,-33.6
19.79,-45.3
19.7933,-38.1
19.7967,-36.3
19.8,-48.6
19.8033,-51
19.8067,-45.9
19.81,-45.6
19.8133,-43.5
19.8167,-44.1
19.82,-52.8
19.8233,-45
19.8267,-42
19.83,-39.3
19.8333,-46.2
19.8367,-47.7
19.84,-53.1
19.8433,-56.1
19.8467,-43.8
19.85,-50.7
19.8533,-49.2
19.8567,-46.2
19.86,-51
19.8633,-50.1
19.8667,-49.5
19.87,-48
19.8733,-45.3
19.8767,-44.4
19.88,-48.9
19.8833,-47.1
19.8867,-47.7
19.89,-49.8
19.8933,-47.4
19.8967,-44.4
19.9,-49.5
19.9033,-42.9
19.9067,-49.2
19.91,-44.4
19.9133,-44.4
19.9167,-43.2
19.92,-44.7
19.9233,-47.1
19.9267,-41.1
19.93,-37.8
19.9333,-48.9
19.9367,-33.6
19.94,-46.8
19.9433,-43.8
19.9467,-41.1
19.95,-46.2
19.9533,-36.6
19.9567,-46.5
19.96,-45.3
19.9633,-45.6
19.9667,-40.8
19.97,-43.5
19.9733,-34.5
19.9767,-41.1
19.98,-41.4
19.9833,-46.2
19.9867,-44.4
19.99,-38.4
19.9933,-41.1
19.9967,-40.2
20,-51.3
20.0033,-43.8
20.0067,-45
20.01,-43.8
20.0133,-41.7
20.0167,-43.5
20.02,-49.5
20.0233,-42.6
20.0267,-39.3
20.03,-43.5
20.0333,-51
20.0367,-39.3
20.04,-50.4
20.0433,-42
20.0467,-42.3
20.05,-36.6
20.0533,-44.7
20.0567,-42.6
20.06,-45.6
20.0633,-40.8
20.0667,-38.7
20.07,-40.5
20.0733,-36
20.0767,-42.9
20.08,-49.5
20.0833,-25.5
20.0867,-27.6
20.09,-56.1
20.0933,-40.8
20.0967,-50.7
20.1,-40.5
20.1033,-50.1
20.1067,-41.1
20.11,-36
20.1133,-52.8
20.1167,-34.2
20.12,-45.3
20.1233,-43.2
20.1267,-48.3
20.13,-43.2
20.1333,-42.6
20.1367,-45.6
20.14,-51
20.1433,-43.8
20.1467,-40.5
20.15,-39.3
20.1533,-40.2
20.1567,-38.7
20.16,-46.2
20.1633,-46.5
20.1667,-39.3
20.17,-41.4
20.1733,-41.7
20.1767,-44.7
20.18,-37.2
20.1833,-42.9
20.1867,-34.5
20.19,-34.2
20.1933,-41.4
20.1967,-44.7
20.2,-42
20.2033,-37.8
20.2067,-38.7
20.21,-38.7
20.2133,-43.5
20.2167,-30.3
20.22,-46.8
20.2233,-37.8
20.2267,-45.9
20.23,-49.2
20.2333,-47.1
20.2367,-50.1
20.24,-51.3
20.2433,-50.1
20.2467,-40.5
20.25,-43.8
20.2533,-46.5
20.2567,-54.3
20.26,-56.1
20.2633,-49.8
20.2667,-51.3
20.27,-49.8
20.2733,-47.7
20.2767,-51
20.28,-44.7
20.2833,-48.3
20.2867,-50.7
20.29,-43.8
20.2933,-43.5
20.2967,-45
20.3,-54.6
20.3033,-47.4
20.3067,-50.4
20.31,-42.6
20.3133,-35.7
20.3167,-46.8
20.32,-55.5
20.3233,-48.6
20.3267,-46.5
20.33,-47.1
20.3333,-46.2
20.3367,-38.7
20.34,-57.9
20.3433,-36.3
20.3467,-43.2
20.35,-43.2
20.3533,-54.6
20.3567,-48.3
20.36,-47.1
20.3633,-38.7
20.3667,-54
20.37,-47.7
20.3733,-44.1
20.3767,-49.2
20.38,-43.2
20.3833,-45.6
20.3867,-55.5
20.39,-43.8
20.3933,-35.1
20.3967,-61.5
20.4,-51.3
20.4033,-47.7
20.4067,-53.1
20.41,-44.4
20.4133,-42
20.4167,-48.6
20.42,-51
20.4233,-45.3
20.4267,-48.6
20.43,-46.5
20.4333,-52.8
20.4367,-45
20.44,-51
20.4433,-47.7
20.4467,-47.7
20.45,-45
20.4533,-48
20.4567,-46.8
20.46,-54.3
20.4633,-47.7
20.4667,-39.3
20.47,-45.6
20.4733,-44.7
20.4767,-39.9
20.48,-60.6
20.4833,-42.6
20.4867,-39
20.49,-50.4
20.4933,-52.8
20.4967,-57
20.5,-56.7
20.5033,-49.5
20.5067,-48.6
20.51,-39.6
20.5133,-62.4
20.5167,-48.9
20.52,-57
20.5233,-46.8
20.5267,-45
20.53,-45.3
20.5333,-53.7
20.5367,-49.2
20.54,-51.9
20.5433,-48.3
20.5467,-42
20.55,-43.2
20.5533,-45.3
20.5567,-45.9
20.56,-44.7
20.5633,-51.6
20.5667,-46.5
20.57,-52.2
20.5733,-47.7
20.5767,-48.6
20.58,-52.8
20.5833,-50.4
20.5867,-43.8
20.59,-41.7
20.5933,-48.9
20.5967,-49.5
20.6,-43.2
20.6033,-45.9
20.6067,-39.9
20.61,-48.9
20.6133,-43.5
20.6167,-51
20.62,-47.1
20.6233,-43.5
20.6267,-40.2
20.63,-40.5
20.6333,-54.6
20.6367,-56.7
20.64,-50.1
20.6433,-44.4
20.6467,-50.7
20.65,-44.4
20.6533,-38.1
20.6567,-44.4
20.66,-43.5
20.6633,-46.2
20.6667,-43.2
20.67,-47.1
20.6733,-40.8
20.6767,-47.4
20.68,-44.4
20.6833,-37.8
20.6867,-47.7
20.69,-51.3
20.6933,-41.4
20.6967,-48.9
20.7,-49.8
20.7033,-48.6
20.7067,-41.4
20.71,-41.1
20.7133,-50.4
20.7167,-52.8
20.72,-47.7
20.7233,-55.2
20.7267,-42.3
20.73,-40.5
20.7333,-42.6
20.7367,-55.5
20.74,-50.1
20.7433,-42
20.7467,-48
20.75,-42.3
20.7533,-44.4
20.7567,-43.8
20.76,-40.5
20.7633,-52.8
20.7667,-42.6
20.77,-32.7
20.7733,-54.6
20.7767,-52.2
20.78,-48
20.7833,-40.8
20.7867,-48
20.79,-53.7
20.7933,-44.4
20.7967,-46.2
20.8,-58.8
20.8033,-46.5
20.8067,-51.9
20.81,-45.6
20.8133,-52.5
20.8167,-52.8
20.82,-46.5
20.8233,-49.2
20.8267,-54.6
20.83,-49.8
20.8333,-45.9
20.8367,-53.1
20.84,-56.1
20.8433,-50.1
20.8467,-52.8
20.85,-55.5
20.8533,-51
20.8567,-50.7
20.86,-56.1
20.8633,-42.6
20.8667,-49.2
20.87,-43.8
20.8733,-63.3
20.8767,-39.3
20.88,-49.2
20.8833,-44.7
20.8867,-47.1
20.89,-45.9
20.8933,-40.5
20.8967,-40.8
20.9,-50.1
20.9033,-50.1
20.9067,-48
20.91,-45.3
20.9133,-53.1
20.9167,-48
20.92,-53.1
20.9233,-44.1
20.9267,-42.9
20.93,-38.1
20.9333,-37.8
20.9367,-48.3
20.94,-40.8
20.9433,-43.5
20.9467,-42.3
20.95,-46.5
20.9533,-45.6
20.9567,-48
20.96,-48
20.9633,-41.7
20.9667,-42.9
20.97,-46.8
20.9733,-41.1
20.9767,-41.7
20.98,-39.9
20.9833,-45.3
20.9867,-39.9
20.99,-39.6
20.9933,-45
20.9967,-49.5
21,-38.4
21.0033,-41.1
21.0067,-39.3
21.01,-46.5
21.0133,-38.4
21.0167,-47.1
21.02,-42.9
21.0233,-45.3
21.0267,-39.6
21.03,-46.2
21.0333,-28.8
21.0367,-50.1
21.04,-49.8
21.0433,-44.7
21.0467,-28.2
21.05,-48.9
21.0533,-48
21.0567,-42.3
21.06,-39.3
21.0633,-38.7
21.0667,-44.7
21.07,-49.5
21.0733,-43.8
21.0767,-46.2
21.08,-42.3
21.0833,-49.2
21.0867,-44.4
21.09,-43.8
21.0933,-42.3
21.0967,-42.3
21.1,-52.8
21.1033,-51.6
21.1067,-46.2
21.11,-46.5
21.1133,-48.3
21.1167,-53.4
21.12,-48.3
21.1233,-42.9
21.1267,-39.9
21.13,-42.6
21.1333,-40.5
21.1367,-41.1
21.14,-43.5
21.1433,-41.1
21.1467,-43.8
21.15,-40.5
21.1533,-41.7
21.1567,-43.2
21.16,-47.7
21.1633,-42.6
21.1667,-41.4
21.17,-41.4
21.1733,-42.9
21.1767,-48.6
21.18,-36
21.1833,-45.3
21.1867,-31.8
21.19,-49.2
21.1933,-45.3
21.1967,-49.8
21.2,-40.8
21.2033,-51
21.2067,-35.4
21.21,-50.4
21.2133,-42.3
21.2167,-45.3
21.22,-44.7
21.2233,-34.2
21.2267,-37.8
21.23,-50.1
21.2333,-43.8
21.2367,-53.7
21.24,-43.5
21.2433,-45.3
21.2467,-45
21.25,-43.8
21.2533,-45.3
21.2567,-48.9
21.26,-43.2
21.2633,-44.1
21.2667,-42.3
21.27,-39.6
21.2733,-44.1
21.2767,-46.8
21.28,-47.1
21.2833,-46.5
21.2867,-39
21.29,-44.4
21.2933,-47.4
21.2967,-45.9
21.3,-41.1
21.3033,-50.4
21.3067,-39.3
21.31,-41.7
21.3133,-41.1
21.3167,-42.3
21.32,-34.8
21.3233,-42.3
21.3267,-43.5
21.33,-23.7
21.3333,-35.4
21.3367,-68.4
21.34,-47.1
21.3433,-44.4
21.3467,-49.5
21.35,-39
21.3533,-40.5
21.3567,-48
21.36,-44.4
21.3633,-46.5
21.3667,-48.3
21.37,-44.1
21.3733,-47.4
21.3767,-47.7
21.38,-43.8
21.3833,-43.5
21.3867,-40.2
21.39,-38.1
21.3933,-43.8
21.3967,-45
21.4,-39.9
21.4033,-33.3
21.4067,-34.8
21.41,-48
21.4133,-40.5
21.4167,-36.6
21.42,-38.1
21.4233,-59.1
21.4267,-47.7
21.43,-23.1
21.4333,-28.8
21.4367,-63.6
21.44,-43.5
21.4433,-46.5
21.4467,-52.2
21.45,-34.8
21.4533,-39
21.4567,-34.8
21.46,-54.6
21.4633,-47.4
21.4667,-42.9
21.47,-41.4
21.4733,-40.8
21.4767,-43.5
21.48,-42.3
21.4833,-43.5
21.4867,-41.4
21.49,-42
21.4933,-36
21.4967,-49.2
21.5,-45.3
21.5033,-46.2
21.5067,-46.2
21.51,-41.4
21.5133,-42.3
21.5167,-43.8
21.52,-41.7
21.5233,-45
21.5267,-39
21.53,-33.3
21.5333,-45.6
21.5367,-45
21.54,-38.7
21.5433,-45
21.5467,-41.4
21.55,-41.4
21.5533,-43.8
21.5567,-36.9
21.56,-35.4
21.5633,-49.5
21.5667,-39.9
21.57,-37.8
21.5733,-42.3
21.5767,-32.1
21.58,-40.8
21.5833,-45.6
21.5867,-40.5
21.59,-43.5
21.5933,-40.8
21.5967,-39
21.6,-44.1
21.6033,-43.5
21.6067,-38.1
21.61,-39.6
21.6133,-40.8
21.6167,-52.2
21.62,-48.3
21.6233,-48
21.6267,-43.2
21.63,-34.8
21.6333,-49.2
21.6367,-56.1
21.64,-42.9
21.6433,-40.5
21.6467,-43.2
21.65,-41.7
21.6533,-40.5
21.6567,-46.2
21.66,-41.7
21.6633,-37.8
21.6667,-39.9
21.67,-43.8
21.6733,-37.2
21.6767,-41.4
21.68,-38.4
21.6833,-33
21.6867,-30
21.69,-33.6
21.6933,-30.6
21.6967,-27.6
21.7,-36.3
21.7033,-44.4
21.7067,-21
21.71,-18
21.7133,-35.1
21.7167,-42
21.72,-39.6
21.7233,-42.6
21.7267,-32.1
21.73,-35.4
21.7333,-33
21.7367,-43.2
21.74,-34.5
21.7433,-41.1
21.7467,-22.2
21.75,-31.5
21.7533,-44.1
21.7567,-31.8
21.76,-38.1
21.7633,-54
21.7667,-30
21.77,-39
21.7733,-35.4
21.7767,-44.4
21.78,-39.6
21.7833,-42.9
21.7867,-45.9
21.79,-41.4
21.7933,-41.1
21.7967,-42.3
21.8,-44.4
21.8033,-39
21.8067,-36.6
21.81,-41.4
21.8133,-38.7
21.8167,-43.8
21.82,-45
21.8233,-41.4
21.8267,-34.5
21.83,-47.7
21.8333,-39
21.8367,-45
21.84,-44.4
21.8433,-43.5
21.8467,-36.6
21.85,-42.9
21.8533,-33.9
21.8567,-37.2
21.86,-44.1
21.8633,-39.3
21.8667,-34.5
21.87,-37.8
21.8733,-26.1
21.8767,-41.7
21.88,-43.8
21.8833,-21
21.8867,-47.4
21.89,-48.6
21.8933,-37.5
21.8967,-40.2
21.9,-49.8
21.9033,-37.5
21.9067,-28.5
21.91,-32.1
21.9133,-38.4
21.9167,-43.5
21.92,-34.2
21.9233,-42
21.9267,-32.4
21.93,-39.3
21.9333,-36.3
21.9367,-40.8
21.94,-37.8
21.9433,-42.9
21.9467,-32.7
21.95,-38.7
21.9533,-37.2
21.9567,-43.8
21.96,-38.4
21.9633,-42.3
21.9667,-39.9
21.97,-43.2
21.9733,-39.3
21.9767,-42.3
21.98,-37.5
21.9833,-36.3
21.9867,-42.3
21.99,-35.1
21.9933,-32.1
21.9967,-47.1
22,-37.2
22.0033,-36
22.0067,-37.8
22.01,-29.1
22.0133,-23.4
22.0167,-57.3
22.02,-37.8
22.0233,-47.4
22.0267,-40.2
22.03,-41.1
22.0333,-41.7
22.0367,-41.1
22.04,-44.4
22.0433,-27.3
22.0467,-33.9
22.05,-39.6
22.0533,-43.8
22.0567,-47.1
22.06,-39.3
22.0633,-42.9
22.0667,-39.6
22.07,-43.2
22.0733,-37.8
22.0767,-43.8
22.08,-39.3
22.0833,-38.1
22.0867,-39.6
22.09,-39
22.0933,-39.6
22.0967,-48.3
22.1,-42.9
22.1033,-41.4
22.1067,-37.5
22.11,-36.9
22.1133,-41.7
22.1167,-46.5
22.12,-37.5
22.1233,-41.4
22.1267,-39.3
22.13,-37.8
22.1333,-36.9
22.1367,-41.7
22.14,-43.2
22.1433,-42
22.1467,-40.5
22.15,-40.8
22.1533,-34.5
22.1567,-11.1
22.16,-53.7
22.1633,-42.6
22.1667,-42.6
22.17,-44.1
22.1733,-39
22.1767,-45.9
22.18,-39.6
22.1833,-39
22.1867,-25.8
22.19,-44.4
22.1933,-42.6
22.1967,-52.2
22.2,-42
22.2033,-37.2
22.2067,-36.9
22.21,-33.3
22.2133,-41.4
22.2167,-44.4
22.22,-42.3
22.2233,-39.9
22.2267,-42
22.23,-43.5
22.2333,-47.7
22.2367,-47.1
22.24,-45
22.2433,-46.8
22.2467,-42.6
22.25,-43.8
22.2533,-43.2
22.2567,-50.4
22.26,-39.3
22.2633,-47.1
22.2667,-41.4
22.27,-48.6
22.2733,-43.8
22.2767,-46.8
22.28,-48.6
22.2833,-39.6
22.2867,-34.2
22.29,-42
22.2933,-46.2
22.2967,-42
22.3,-25.8
22.3033,-40.2
22.3067,-41.4
22.31,-37.5
22.3133,-49.5
22.3167,-41.1
22.32,-45
22.3233,-32.7
22.3267,-45.9
22.33,-37.2
22.3333,-30.3
22.3367,-44.7
22.34,-50.7
22.3433,-40.5
22.3467,-41.4
22.35,-40.2
22.3533,-40.5
22.3567,-43.8
22.36,-38.1
22.3633,-44.4
22.3667,-39.9
22.37,-31.5
22.3733,-38.1
22.3767,-42
22.38,-41.1
22.3833,-42.9
22.3867,-37.2
22.39,-38.4
22.3933,-42
22.3967,-45.6
22.4,-35.4
22.4033,-42.6
22.4067,-36.6
22.41,-39.3
22.4133,-41.7
22.4167,-44.1
22.42,-43.8
22.4233,-45.9
22.4267,-36.9
22.43,-45
22.4333,-33.3
22.4367,-36.9
22.44,-31.2
22.4433,-33.9
22.4467,-29.7
22.45,-46.5
22.4533,-51
22.4567,-52.2
22.46,-52.2
22.4633,-48
22.4667,-34.2
22.47,-29.7
22.4733,-51.9
22.4767,-43.2
22.48,-37.8
22.4833,-49.5
22.4867,-38.4
22.49,-45.9
22.4933,-45.3
22.4967,-45
22.5,-43.2
22.5033,-46.5
22.5067,-43.2
22.51,-39
22.5133,-42.9
22.5167,-42.6
22.52,-44.4
22.5233,-39.3
22.5267,-45.6
22.53,-41.4
22.5333,-40.5
22.5367,-42.6
22.54,-45
22.5433,-41.1
22.5467,-43.8
22.55,-45
22.5533,-44.7
22.5567,-46.2
22.56,-40.2
22.5633,-43.5
22.5667,-37.5
22.57,-43.2
22.5733,-44.4
22.5767,-36.9
22.58,-33.6
22.5833,-51.3
22.5867,-48.9
22.59,-46.2
22.5933,-48.9
22.5967,-51.9
22.6,-47.7
22.6033,-45.3
22.6067,-33.9
22.61,-42.3
22.6133,-47.7
22.6167,-45
22.62,-44.7
22.6233,-47.7
22.6267,-47.4
22.63,-50.7
22.6333,-45.3
22.6367,-48.6
22.64,-42.9
22.6433,-42.3
22.6467,-42.9
22.65,-43.5
22.6533,-44.1
22.6567,-45.3
22.66,-42.3
22.6633,-47.4
22.6667,-48
22.67,-44.7
22.6733,-43.2
22.6767,-45.6
22.68,-45
22.6833,-40.2
22.6867,-48
22.69,-46.2
22.6933,-47.7
22.6967,-40.2
22.7,-42.6
22.7033,-48.9
22.7067,-36.3
22.71,-26.4
22.7133,-54.3
22.7167,-52.8
22.72,-46.8
22.7233,-47.1
22.7267,-51.6
22.73,-48.9
22.7333,-45.6
22.7367,-51.9
22.74,-48.6
22.7433,-43.5
22.7467,-40.5
22.75,-48.9
22.7533,-36.3
22.7567,-56.1
22.76,-35.1
22.7633,-55.8
22.7667,-48.6
22.77,-43.8
22.7733,-51
22.7767,-49.5
22.78,-52.5
22.7833,-49.2
22.7867,-46.2
22.79,-42.9
22.7933,-44.1
22.7967,-45.9
22.8,-45
22.8033,-43.8
22.8067,-46.5
22.81,-43.5
22.8133,-41.4
22.8167,-43.2
22.82,-45.3
22.8233,-35.4
22.8267,-45
22.83,-42
22.8333,-36.6
22.8367,-51
22.84,-45
22.8433,-46.5
22.8467,-44.1
22.85,-35.4
22.8533,-32.1
22.8567,-38.1
22.86,-35.7
22.8633,-59.7
22.8667,-41.4
22.87,-43.2
22.8733,-46.2
22.8767,-55.2
22.88,-43.2
22.8833,-49.2
22.8867,-41.7
22.89,-54
22.8933,-52.2
22.8967,-54.9
22.9,-43.2
22.9033,-49.2
22.9067,-46.5
22.91,-48.3
22.9133,-48.3
22.9167,-50.1
22.92,-47.7
22.9233,-50.7
22.9267,-50.4
22.93,-43.8
22.9333,-51
22.9367,-50.1
22.94,-49.8
22.9433,-51.3
22.9467,-48.3
22.95,-50.1
22.9533,-52.8
22.9567,-57.6
22.96,-46.2
22.9633,-49.8
22.9667,-48.6
22.97,-54.6
22.9733,-52.2
22.9767,-59.4
22.98,-46.2
22.9833,-35.4
22.9867,-55.8
22.99,-33.9
22.9933,-55.2
22.9967,-57.3
23,-52.5
23.0033,-54.6
23.0067,-51.9
23.01,-39.3
23.0133,-42.6
23.0167,-55.2
23.02,-48
23.0233,-53.4
23.0267,-51
23.03,-53.7
23.0333,-48
23.0367,-47.1
23.04,-58.5
23.0433,-48.3
23.0467,-55.2
23.05,-48.3
23.0533,-51.9
23.0567,-52.2
23.06,-50.1
23.0633,-49.5
23.0667,-46.8
23.07,-49.5
23.0733,-50.1
23.0767,-50.7
23.08,-46.8
23.0833,-44.1
23.0867,-43.8
23.09,-50.7
23.0933,-48.6
23.0967,-52.5
23.1,-48.9
23.1033,-44.1
23.1067,-39.3
23.11,-39.6
23.1133,-61.2
23.1167,-41.7
23.12,-61.2
23.1233,-47.7
23.1267,-52.8
23.13,-48.6
23.1333,-58.5
23.1367,-59.1
23.14,-54
23.1433,-54.6
23.1467,-54.3
23.15,-50.7
23.1533,-57
23.1567,-52.2
23.16,-58.8
23.1633,-53.1
23.1667,-51.6
23.17,-54.9
23.1733,-60
23.1767,-43.5
23.18,-59.1
23.1833,-47.7
23.1867,-48
23.19,-51.3
23.1933,-50.1
23.1967,-52.8
23.2,-59.4
23.2033,-44.4
23.2067,-51.3
23.21,-51.3
23.2133,-50.7
23.2167,-49.2
23.22,-44.4
23.2233,-62.1
23.2267,-61.5
23.23,-50.7
23.2333,-57.9
23.2367,-54.9
23.24,-48.3
23.2433,-51.3
23.2467,-51
23.25,-60
23.2533,-51.3
23.2567,-55.2
23.26,-54
23.2633,-44.4
23.2667,-46.2
23.27,-51
23.2733,-50.1
23.2767,-57.9
23.28,-47.4
23.2833,-52.2
23.2867,-51
23.29,-50.1
23.2933,-59.7
23.2967,-52.5
23.3,-55.5
23.3033,-51.6
23.3067,-51.6
23.31,-44.1
23.3133,-55.2
23.3167,-43.2
23.32,-49.2
23.3233,-48.6
23.3267,-47.1
23.33,-44.4
23.3333,-43.5
23.3367,-59.4
23.34,-44.7
23.3433,-44.4
23.3467,-43.5
23.35,-42.6
23.3533,-51.6
23.3567,-51.6
23.36,-51.3
23.3633,-39.3
23.3667,-39.9
23.37,-52.8
23.3733,-34.5
23.3767,-50.4
23.38,-37.8
23.3833,-54.9
23.3867,-48.6
23.39,-50.1
23.3933,-43.8
23.3967,-48
23.4,-42.3
23.4033,-37.8
23.4067,-48.6
23.41,-34.5
23.4133,-61.8
23.4167,-49.8
23.42,-63.6
23.4233,-31.8
23.4267,-53.4
23.43,-41.7
23.4333,-56.4
23.4367,-59.7
23.44,-52.5
23.4433,-45
23.4467,-49.8
23.45,-54.3
23.4533,-60.6
23.4567,-52.8
23.46,-53.7
23.4633,-51.3
23.4667,-47.4
23.47,-53.4
23.4733,-52.2
23.4767,-56.4
23.48,-47.4
23.4833,-53.7
23.4867,-52.5
23.49,-55.5
23.4933,-50.7
23.4967,-51.6
23.5,-51.3
23.5033,-48.9
23.5067,-53.4
23.51,-54.6
23.5133,-61.8
23.5167,-51.9
23.52,-50.4
23.5233,-50.1
23.5267,-56.7
23.53,-27.3
23.5333,-62.4
23.5367,-64.8
23.54,-60
23.5433,-60.9
23.5467,-57.9
23.55,-50.7
23.5533,-57.3
23.5567,-58.2
23.56,-64.2
23.5633,-48.6
23.5667,-57.9
23.57,-61.5
23.5733,-63.9
23.5767,-56.1
23.58,-59.4
23.5833,-56.1
23.5867,-55.8
23.59,-52.5
23.5933,-59.7
23.5967,-53.7
23.6,-53.1
23.6033,-57.3
23.6067,-50.7
23.61,-51
23.6133,-55.8
23.6167,-59.1
23.62,-54
23.6233,-45.6
23.6267,-55.5
23.63,-54.6
23.6333,-56.1
23.6367,-57.3
23.64,-54.6
23.6433,-53.1
23.6467,-59.1
23.65,-46.5
23.6533,-56.4
23.6567,-53.1
23.66,-50.7
23.6633,-42
23.6667,-46.2
23.67,-60.3
23.6733,-43.2
23.6767,-47.7
23.68,-57.6
23.6833,-54
23.6867,-60.9
23.69,-50.1
23.6933,-61.5
23.6967,-48.9
23.7,-54.3
23.7033,-52.8
23.7067,-56.7
23.71,-55.2
23.7133,-68.1
23.7167,-58.8
23.72,-61.8
23.7233,-53.7
23.7267,-56.4
23.73,-57.3
23.7333,-61.8
23.7367,-62.4
23.74,-65.1
23.7433,-51.6
23.7467,-55.5
23.75,-59.7
23.7533,-58.5
23.7567,-60.3
23.76,-55.5
23.7633,-59.4
23.7667,-59.4
23.77,-55.2
23.7733,-61.8
23.7767,-62.1
23.78,-60.3
23.7833,-60
23.7867,-56.1
23.79,-42.3
23.7933,-60
23.7967,-64.8
23.8,-48.9
23.8033,-68.4
23.8067,-59.7
23.81,-57.3
23.8133,-58.8
23.8167,-59.4
23.82,-57.3
23.8233,-51.3
23.8267,-63.6
23.83,-52.8
23.8333,-54.9
23.8367,-58.2
23.84,-61.2
23.8433,-61.5
23.8467,-66.9
23.85,-58.8
23.8533,-60.9
23.8567,-62.1
23.86,-56.7
23.8633,-57
23.8667,-62.7
23.87,-60
23.8733,-64.5
23.8767,-57.3
23.88,-64.5
23.8833,-55.5
23.8867,-61.2
23.89,-54.6
23.8933,-60.6
23.8967,-57
23.9,-58.8
23.9033,-56.1
23.9067,-58.5
23.91,-56.7
23.9133,-53.4
23.9167,-59.4
23.92,-56.1
23.9233,-39.3
23.9267,-56.4
23.93,-53.7
23.9333,-55.2
23.9367,-51.6
23.94,-57.9
23.9433,-59.7
23.9467,-56.4
23.95,-56.1
23.9533,-66.6
23.9567,-56.4
23.96,-59.4
23.9633,-45
23.9667,-54
23.97,-65.7
23.9733,-59.4
23.9767,-58.5
23.98,-58.8
23.9833,-61.8
23.9867,-49.5
23.99,-54.6
23.9933,-67.5
23.9967,-63.9
24,-56.7
24.0033,-62.7
24.0067,-57.9
24.01,-53.4
24.0133,-59.4
24.0167,-58.5
24.02,-60
24.0233,-57.9
24.0267,-60.3
24.03,-60.6
24.0333,-60.9
24.0367,-54.3
24.04,-57.9
24.0433,-54.3
24.0467,-53.4
24.05,-51.6
24.0533,-62.1
24.0567,-54.9
24.06,-49.8
24.0633,-51.3
24.0667,-48.6
24.07,-47.4
24.0733,-32.4
24.0767,-57.9
24.08,-65.7
24.0833,-48.3
24.0867,-48.3
24.09,-57.9
24.0933,-64.8
24.0967,-60
24.1,-56.4
24.1033,-39
24.1067,-55.5
24.11,-52.2
24.1133,-62.1
24.1167,-54.3
24.12,-55.2
24.1233,-58.2
24.1267,-58.8
24.13,-55.2
24.1333,-62.7
24.1367,-54.3
24.14,-56.7
24.1433,-46.5
24.1467,-53.4
24.15,-59.4
24.1533,-54
24.1567,-56.1
24.16,-56.4
24.1633,-51
24.1667,-46.8
24.17,-48.6
24.1733,-55.2
24.1767,-50.1
24.18,-55.2
24.1833,-51
24.1867,-51.9
24.19,-53.7
24.1933,-58.8
24.1967,-49.2
24.2,-55.2
24.2033,-49.2
24.2067,-50.7
24.21,-40.5
24.2133,-57.9
24.2167,-50.7
24.22,-37.2
24.2233,-39
24.2267,-55.8
24.23,-45.3
24.2333,-68.7
24.2367,-53.4
24.24,-46.8
24.2433,-47.7
24.2467,-53.4
24.25,-40.5
24.2533,-46.5
24.2567,-53.4
24.26,-56.4
24.2633,-51
24.2667,-47.1
24.27,-45.9
24.2733,-60.6
24.2767,-57.6
24.28,-57.3
24.2833,-48
24.2867,-51.9
24.29,-54.3
24.2933,-54.6
24.2967,-49.2
24.3,-54.9
24.3033,-51.6
24.3067,-54.9
24.31,-53.7
24.3133,-48.9
24.3167,-47.7
24.32,-46.8
24.3233,-48
24.3267,-55.2
24.33,-47.4
24.3333,-51.3
24.3367,-48.9
24.34,-46.8
24.3433,-49.5
24.3467,-45
24.35,-40.2
24.3533,-33.9
24.3567,-50.1
24.36,-53.4
24.3633,-54.9
24.3667,-52.8
24.37,-55.5
24.3733,-48.6
24.3767,-60
24.38,-47.1
24.3833,-47.4
24.3867,-51.9
24.39,-52.5
24.3933,-55.5
24.3967,-50.1
24.4,-49.8
24.4033,-48.3
24.4067,-51
24.41,-65.1
24.4133,-57.6
24.4167,-56.4
24.42,-54.9
24.4233,-51.9
24.4267,-56.4
24.43,-50.7
24.4333,-53.1
24.4367,-51
24.44,-54.3
24.4433,-51.6
24.4467,-53.4
24.45,-54
24.4533,-57.3
24.4567,-53.7
24.46,-49.8
24.4633,-53.4
24.4667,-42.9
24.47,-50.7
24.4733,-56.4
24.4767,-55.2
24.48,-33.3
24.4833,-59.4
24.4867,-33.6
24.49,-57.9
24.4933,-51
24.4967,-47.4
24.5,-54.9
24.5033,-60.6
24.5067,-45.6
24.51,-48.6
24.5133,-66
24.5167,-48.3
24.52,-52.5
24.5233,-60.6
24.5267,-45.3
24.53,-52.8
24.5333,-57.6
24.5367,-62.4
24.54,-51.6
24.5433,-53.4
24.5467,-56.4
24.55,-53.4
24.5533,-54.9
24.5567,-57.6
24.56,-49.8
24.5633,-54.9
24.5667,-52.5
24.57,-54.6
24.5733,-56.4
24.5767,-55.5
24.58,-52.2
24.5833,-47.4
24.5867,-55.8
24.59,-49.8
24.5933,-52.5
24.5967,-54
24.6,-52.2
24.6033,-48
24.6067,-49.8
24.61,-50.7
24.6133,-51.6
24.6167,-52.8
24.62,-55.8
24.6233,-33
24.6267,-49.2
24.63,-48.6
24.6333,-55.8
24.6367,-46.8
24.64,-55.8
24.6433,-46.8
24.6467,-62.1
24.65,-54.3
24.6533,-52.2
24.6567,-60.6
24.66,-56.7
24.6633,-56.7
24.6667,-49.2
24.67,-60.6
24.6733,-58.5
24.6767,-54.6
24.68,-57.6
24.6833,-45.9
24.6867,-56.4
24.69,-52.8
24.6933,-61.8
24.6967,-59.1
24.7,-54
24.7033,-55.8
24.7067,-51.9
24.71,-59.7
24.7133,-56.1
24.7167,-58.5
24.72,-54
24.7233,-51
24.7267,-54.6
24.73,-53.1
24.7333,-53.1
24.7367,-48.9
24.74,-54.3
24.7433,-53.1
24.7467,-52.2
24.75,-43.5
24.7533,-37.5
24.7567,-51.9
24.76,-57
24.7633,-58.8
24.7667,-54.3
24.77,-50.1
24.7733,-58.8
24.7767,-53.1
24.78,-55.2
24.7833,-51.6
24.7867,-55.5
24.79,-58.8
24.7933,-37.8
24.7967,-53.1
24.8,-64.8
24.8033,-44.4
24.8067,-61.8
24.81,-62.1
24.8133,-51.9
24.8167,-62.4
24.82,-65.1
24.8233,-54.3
24.8267,-54
24.83,-54.3
24.8333,-58.2
24.8367,-51.9
24.84,-57
24.8433,-56.4
24.8467,-54
24.85,-53.7
24.8533,-52.8
24.8567,-55.2
24.86,-52.8
24.8633,-45.9
24.8667,-53.1
24.87,-59.7
24.8733,-57.6
24.8767,-56.1
24.88,-51.9
24.8833,-60
24.8867,-53.7
24.89,-54.6
24.8933,-59.4
24.8967,-58.2
24.9,-45
24.9033,-44.1
24.9067,-55.2
24.91,-41.7
24.9133,-79.8
24.9167,-58.8
24.92,-61.8
24.9233,-57
24.9267,-51.3
24.93,-54.3
24.9333,-57
24.9367,-53.4
24.94,-54.3
24.9433,-48
24.9467,-56.4
24.95,-60.9
24.9533,-54
24.9567,-45.9
24.96,-53.7
24.9633,-63.6
24.9667,-52.8
24.97,-57.6
24.9733,-56.1
24.9767,-51.6
24.98,-51
24.9833,-50.4
24.9867,-54.3
24.99,-54
24.9933,-55.8
24.9967,-47.1
25,-58.2
25.0033,-62.1
25.0067,-47.7
25.01,-57
25.0133,-52.5
25.0167,-56.4
25.02,-53.7
25.0233,-54.3
25.0267,-44.7
25.03,-56.7
25.0333,-52.8
25.0367,-49.8
25.04,-62.1
25.0433,-61.2
25.0467,-56.7
25.05,-62.4
25.0533,-58.8
25.0567,-57
25.06,-54.9
25.0633,-56.1
25.0667,-52.2
25.07,-55.2
25.0733,-55.2
25.0767,-53.4
25.08,-55.5
25.0833,-54.9
25.0867,-50.4
25.09,-54.3
25.0933,-51
25.0967,-46.8
25.1,-49.2
25.1033,-56.1
25.1067,-56.1
25.11,-60.3
25.1133,-54.9
25.1167,-48.9
25.12,-53.7
25.1233,-54
25.1267,-53.7
25.13,-54.3
25.1333,-58.2
25.1367,-58.5
25.14,-63.6
25.1433,-59.7
25.1467,-45
25.15,-55.8
25.1533,-55.2
25.1567,-54.9
25.16,-58.5
25.1633,-44.4
25.1667,-63.9
25.17,-57.3
25.1733,-50.1
25.1767,-44.7
25.18,-53.4
25.1833,-59.1
25.1867,-58.2
25.19,-49.2
25.1933,-62.7
25.1967,-57
25.2,-53.1
25.2033,-55.5
25.2067,-52.2
25.21,-54.3
25.2133,-54.3
25.2167,-55.8
25.22,-56.7
25.2233,-52.5
25.2267,-63.3
25.23,-48
25.2333,-59.4
25.2367,-57
25.24,-48.9
25.2433,-49.8
25.2467,-52.8
25.25,-48.9
25.2533,-49.5
25.2567,-51
25.26,-51.9
25.2633,-54
25.2667,-50.4
25.27,-61.2
25.2733,-54
25.2767,-51
25.28,-53.7
25.2833,-52.5
25.2867,-50.4
25.29,-61.5
25.2933,-56.4
25.2967,-54.3
25.3,-53.7
25.3033,-51.3
25.3067,-49.8
25.31,-45.9
25.3133,-58.5
25.3167,-27.6
25.32,-52.5
25.3233,-62.4
25.3267,-61.5
25.33,-52.2
25.3333,-65.1
25.3367,-53.4
25.34,-53.4
25.3433,-56.4
25.3467,-56.7
25.35,-60.9
25.3533,-65.7
25.3567,-48.6
25.36,-63.3
25.3633,-54.3
25.3667,-61.5
25.37,-63.9
25.3733,-57.3
25.3767,-61.5
25.38,-52.8
25.3833,-57.3
25.3867,-58.8
25.39,-58.8
25.3933,-58.2
25.3967,-59.4
25.4,-62.7
25.4033,-54.9
25.4067,-57.9
25.41,-62.4
25.4133,-60.6
25.4167,-59.7
25.42,-60
25.4233,-56.1
25.4267,-57
25.43,-62.4
25.4333,-50.4
25.4367,-54.3
25.44,-58.5
25.4433,-56.1
25.4467,-56.4
25.45,-60.6
25.4533,-46.5
25.4567,-69
25.46,-65.7
25.4633,-60.3
25.4667,-66.9
25.47,-61.2
25.4733,-59.1
25.4767,-59.7
25.48,-66.9
25.4833,-56.1
25.4867,-51.6
25.49,-72.3
25.4933,-62.4
25.4967,-54
25.5,-57.9
25.5033,-62.7
25.5067,-59.1
25.51,-63.6
25.5133,-56.1
25.5167,-65.7
25.52,-66.6
25.5233,-57.9
25.5267,-58.2
25.53,-64.8
25.5333,-64.5
25.5367,-62.1
25.54,-58.2
25.5433,-53.7
25.5467,-59.4
25.55,-62.7
25.5533,-56.7
25.5567,-53.7
25.56,-55.5
25.5633,-59.4
25.5667,-68.4
25.57,-64.2
25.5733,-58.8
25.5767,-59.7
25.58,-64.5
25.5833,-65.7
25.5867,-57
25.59,-57.6
25.5933,-69
25.5967,-68.7
25.6,-45.3
25.6033,-56.7
25.6067,-66.6
25.61,-61.8
25.6133,-62.1
25.6167,-71.4
25.62,-63.3
25.6233,-64.2
25.6267,-64.8
25.63,-68.7
25.6333,-64.2
25.6367,-61.5
25.64,-63
25.6433,-69.9
25.6467,-59.7
25.65,-77.7
25.6533,-75
25.6567,-63.6
25.66,-63
25.6633,-59.7
25.6667,-65.1
25.67,-74.1
25.6733,-74.1
25.6767,-63.3
25.68,-64.8
25.6833,-64.8
25.6867,-61.2
25.69,-66.3
25.6933,-67.2
25.6967,-64.8
25.7,-60.3
25.7033,-64.2
25.7067,-61.5
25.71,-60.6
25.7133,-54.3
25.7167,-60.6
25.72,-64.5
25.7233,-51.6
25.7267,-60.6
25.73,-65.4
25.7333,-71.7
25.7367,-56.1
25.74,-73.2
25.7433,-63.6
25.7467,-67.2
25.75,-64.8
25.7533,-60.6
25.7567,-69.3
25.76,-58.8
25.7633,-72.3
25.7667,-60
25.77,-58.8
25.7733,-71.4
25.7767,-65.1
25.78,-63.3
25.7833,-58.5
25.7867,-57.3
25.79,-60.9
25.7933,-62.7
25.7967,-60
25.8,-55.5
25.8033,-65.4
25.8067,-63.9
25.81,-63
25.8133,-66.6
25.8167,-59.4
25.82,-58.2
25.8233,-65.7
25.8267,-62.7
25.83,-63
25.8333,-67.2
25.8367,-61.5
25.84,-57
25.8433,-57.3
25.8467,-58.8
25.85,-69
25.8533,-62.4
25.8567,-60.9
25.86,-62.1
25.8633,-59.7
25.8667,-46.2
25.87,-63.9
25.8733,-47.1
25.8767,-76.2
25.88,-58.2
25.8833,-63.9
25.8867,-64.8
25.89,-67.8
25.8933,-65.1
25.8967,-63
25.9,-52.8
25.9033,-59.4
25.9067,-60.3
25.91,-63.9
25.9133,-46.5
25.9167,-62.4
25.92,-66.3
25.9233,-59.7
25.9267,-68.1
25.93,-67.8
25.9333,-63.6
25.9367,-62.7
25.94,-60.9
25.9433,-65.1
25.9467,-62.7
25.95,-63
25.9533,-61.8
25.9567,-67.5
25.96,-63.3
25.9633,-66.3
25.9667,-60
25.97,-63.9
25.9733,-65.1
25.9767,-64.5
25.98,-62.1
25.9833,-63.3
25.9867,-62.7
25.99,-63.3
25.9933,-59.7
25.9967,-71.4
26,-63.9
26.0033,-74.7
26.0067,-33.6
26.01,-62.7
26.0133,-88.2
26.0167,-76.5
26.02,-71.4
26.0233,-66
26.0267,-74.1
26.03,-74.1
26.0333,-71.4
26.0367,-72.6
26.04,-66.3
26.0433,-72.9
26.0467,-66
26.05,-66.6
26.0533,-63.9
26.0567,-64.2
26.06,-68.7
26.0633,-67.5
26.0667,-66.9
26.07,-77.1
26.0733,-67.5
26.0767,-63
26.08,-59.7
26.0833,-65.1
26.0867,-61.2
26.09,-62.1
26.0933,-71.1
26.0967,-68.4
26.1,-63.3
26.1033,-57.6
26.1067,-66.6
26.11,-65.4
26.1133,-63.9
26.1167,-66.6
26.12,-63.3
26.1233,-61.2
26.1267,-58.8
26.13,-67.5
26.1333,-60.6
26.1367,-63.9
26.14,-66.9
26.1433,-61.2
26.1467,-69.6
26.15,-69
26.1533,-62.4
26.1567,-64.8
26.16,-67.8
26.1633,-67.2
26.1667,-73.8
26.17,-70.8
26.1733,-64.8
26.1767,-67.2
26.18,-67.5
26.1833,-61.2
26.1867,-71.1
26.19,-70.2
26.1933,-69.3
26.1967,-66.6
26.2,-64.5
26.2033,-64.2
26.2067,-67.2
26.21,-64.8
26.2133,-66
26.2167,-66.9
26.22,-66.3
26.2233,-66.3
26.2267,-61.2
26.23,-66.9
26.2333,-64.8
26.2367,-69
26.24,-61.2
26.2433,-63.9
26.2467,-64.5
26.25,-70.8
26.2533,-62.7
26.2567,-66.3
26.26,-61.5
26.2633,-64.2
26.2667,-62.7
26.27,-57
26.2733,-46.2
26.2767,-65.1
26.28,-56.4
26.2833,-72.9
26.2867,-66
26.29,-55.2
26.2933,-69.9
26.2967,-63.9
26.3,-67.8
26.3033,-68.7
26.3067,-56.1
26.31,-64.8
26.3133,-55.8
26.3167,-65.1
26.32,-64.5
26.3233,-69
26.3267,-61.8
26.33,-70.2
26.3333,-61.5
26.3367,-66.3
26.34,-64.5
26.3433,-66.9
26.3467,-63
26.35,-69
26.3533,-70.2
26.3567,-63.3
26.36,-67.2
26.3633,-70.8
26.3667,-63.3
26.37,-67.8
26.3733,-67.2
26.3767,-66.3
26.38,-58.2
26.3833,-68.4
26.3867,-64.5
26.39,-68.4
26.3933,-68.7
26.3967,-67.5
26.4,-67.5
26.4033,-66.3
26.4067,-65.1
26.41,-56.1
26.4133,-54
26.4167,-42
26.42,-72.9
26.4233,-77.7
26.4267,-66.9
26.43,-73.2
26.4333,-60.6
26.4367,-68.4
26.44,-58.2
26.4433,-63.6
26.4467,-64.5
26.45,-78.6
26.4533,-61.5
26.4567,-61.5
26.46,-64.5
26.4633,-67.8
26.4667,-65.1
26.47,-65.4
26.4733,-67.5
26.4767,-69
26.48,-69.9
26.4833,-63
26.4867,-71.1
26.49,-59.4
26.4933,-65.4
26.4967,-65.4
26.5,-60.9
26.5033,-64.8
26.5067,-66
26.51,-71.4
26.5133,-60.9
26.5167,-64.8
26.52,-61.5
26.5233,-67.2
26.5267,-59.7
26.53,-67.5
26.5333,-66.3
26.5367,-70.2
26.54,-58.2
26.5433,-65.7
26.5467,-67.8
26.55,-62.7
26.5533,-63.6
26.5567,-72.3
26.56,-66.3
26.5633,-39.3
26.5667,-61.2
26.57,-71.4
26.5733,-75
26.5767,-72.6
26.58,-65.4
26.5833,-69
26.5867,-68.1
26.59,-65.1
26.5933,-68.1
26.5967,-52.2
26.6,-78.3
26.6033,-67.2
26.6067,-66.6
26.61,-69.6
26.6133,-66.3
26.6167,-65.4
26.62,-60
26.6233,-64.8
26.6267,-70.2
26.63,-69.9
26.6333,-65.4
26.6367,-67.2
26.64,-64.2
26.6433,-66
26.6467,-69.6
26.65,-70.5
26.6533,-71.1
26.6567,-68.7
26.66,-68.7
26.6633,-66.3
26.6667,-64.5
26.67,-77.1
26.6733,-64.2
26.6767,-61.5
26.68,-64.5
26.6833,-67.2
26.6867,-65.7
26.69,-67.8
26.6933,-57.3
26.6967,-68.4
26.7,-49.5
26.7033,-61.2
26.7067,-59.7
26.71,-75.9
26.7133,-72.6
26.7167,-76.8
26.72,-75.3
26.7233,-58.2
26.7267,-67.5
26.73,-58.8
26.7333,-72.3
26.7367,-76.8
26.74,-70.2
26.7433,-68.1
26.7467,-74.7
26.75,-67.8
26.7533,-62.7
26.7567,-57
26.76,-71.1
26.7633,-68.7
26.7667,-70.5
26.77,-71.4
26.7733,-73.5
26.7767,-66.3
26.78,-65.7
26.7833,-61.5
26.7867,-67.8
26.79,-70.2
26.7933,-66
26.7967,-64.5
26.8,-66.3
26.8033,-59.4
26.8067,-61.2
26.81,-63.3
26.8133,-60.3
26.8167,-58.8
26.82,-42.3
26.8233,-70.8
26.8267,-63.3
26.83,-66.3
26.8333,-68.1
26.8367,-65.4
26.84,-69.9
26.8433,-48.3
26.8467,-61.8
26.85,-71.7
26.8533,-71.1
26.8567,-60.9
26.86,-67.8
26.8633,-62.4
26.8667,-55.2
26.87,-57.3
26.8733,-70.5
26.8767,-63.9
26.88,-56.4
26.8833,-63.3
26.8867,-67.8
26.89,-68.1
26.8933,-64.2
26.8967,-65.1
26.9,-59.4
26.9033,-63.9
26.9067,-63
26.91,-65.7
26.9133,-62.1
26.9167,-60.3
26.92,-61.5
26.9233,-62.7
26.9267,-58.5
26.93,-65.4
26.9333,-61.8
26.9367,-61.8
26.94,-59.4
26.9433,-63.9
26.9467,-66.9
26.95,-69.6
26.9533,-66.3
26.9567,-62.4
26.96,-61.2
26.9633,-64.2
26.9667,-72
26.97,-66.6
26.9733,-50.1
26.9767,-43.2
26.98,-83.4
26.9833,-60.3
26.9867,-68.1
26.99,-62.1
26.9933,-66
26.9967,-69
27,-58.5
27.0033,-67.8
27.0067,-67.5
27.01,-62.4
27.0133,-68.1
27.0167,-63.6
27.02,-61.2
27.0233,-69
27.0267,-66
27.03,-64.2
27.0333,-63.9
27.0367,-64.5
27.04,-63.9
27.0433,-64.8
27.0467,-66.3
27.05,-67.2
27.0533,-68.1
27.0567,-63.9
27.06,-67.2
27.0633,-61.8
27.0667,-67.5
27.07,-64.8
27.0733,-62.4
27.0767,-60.6
27.08,-65.7
27.0833,-63.3
27.0867,-68.1
27.09,-67.2
27.0933,-58.8
27.0967,-60.3
27.1,-65.4
27.1033,-58.8
27.1067,-65.4
27.11,-65.7
27.1133,-55.8
27.1167,-46.5
27.12,-66.3
27.1233,-67.2
27.1267,-60.9
27.13,-73.8
27.1333,-66.9
27.1367,-63
27.14,-69.3
27.1433,-65.1
27.1467,-68.4
27.15,-68.4
27.1533,-66.3
27.1567,-67.2
27.16,-62.1
27.1633,-66.6
27.1667,-59.1
27.17,-64.8
27.1733,-63.6
27.1767,-66.3
27.18,-61.2
27.1833,-57.9
27.1867,-64.5
27.19,-65.1
27.1933,-58.8
27.1967,-58.8
27.2,-58.5
27.2033,-55.2
27.2067,-64.2
27.21,-54.6
27.2133,-56.4
27.2167,-58.2
27.22,-60.9
27.2233,-61.5
27.2267,-60.9
27.23,-60.9
27.2333,-61.8
27.2367,-52.5
27.24,-56.1
27.2433,-33.3
27.2467,-58.5
27.25,-54.9
27.2533,-58.5
27.2567,-69.6
27.26,-52.2
27.2633,-48.3
27.2667,-56.4
27.27,-60.3
27.2733,-62.4
27.2767,-61.5
27.28,-55.2
27.2833,-55.5
27.2867,-63.9
27.29,-57.6
27.2933,-55.2
27.2967,-67.5
27.3,-60
27.3033,-57
27.3067,-64.2
27.31,-60.9
27.3133,-55.2
27.3167,-57
27.32,-56.4
27.3233,-58.2
27.3267,-56.1
27.33,-60.3
27.3333,-61.8
27.3367,-57.3
27.34,-61.8
27.3433,-60
27.3467,-57.9
27.35,-62.7
27.3533,-61.5
27.3567,-61.2
27.36,-62.7
27.3633,-61.5
27.3667,-61.5
27.37,-61.2
27.3733,-58.2
27.3767,-51.3
27.38,-63.6
27.3833,-57.6
27.3867,-62.1
27.39,-66
27.3933,-57
27.3967,-60.6
27.4,-69.3
27.4033,-69
27.4067,-53.7
27.41,-61.5
27.4133,-60.3
27.4167,-50.4
27.42,-57.3
27.4233,-63.6
27.4267,-69.9
27.43,-67.2
27.4333,-62.1
27.4367,-55.5
27.44,-53.1
27.4433,-67.8
27.4467,-62.7
27.45,-63
27.4533,-56.4
27.4567,-61.8
27.46,-59.1
27.4633,-54.9
27.4667,-63
27.47,-58.8
27.4733,-57.3
27.4767,-58.8
27.48,-58.2
27.4833,-59.7
27.4867,-55.8
27.49,-59.1
27.4933,-60.3
27.4967,-57.6
27.5,-61.2
27.5033,-58.8
27.5067,-57.3
27.51,-60.9
27.5133,-59.1
27.5167,-61.5
27.52,-47.7
27.5233,-54.9
27.5267,-60.9
27.53,-48
27.5333,-60
27.5367,-57.9
27.54,-69.9
27.5433,-62.4
27.5467,-70.8
27.55,-58.5
27.5533,-64.2
27.5567,-56.4
27.56,-53.7
27.5633,-60
27.5667,-65.7
27.57,-51.9
27.5733,-62.1
27.5767,-62.4
27.58,-56.4
27.5833,-56.7
27.5867,-65.7
27.59,-62.4
27.5933,-66.3
27.5967,-55.8
27.6,-61.5
27.6033,-51
27.6067,-57.9
27.61,-60
27.6133,-61.8
27.6167,-52.8
27.62,-57
27.6233,-63.3
27.6267,-58.8
27.63,-60
27.6333,-58.2
27.6367,-52.2
27.64,-62.1
27.6433,-58.2
27.6467,-57.9
27.65,-60
27.6533,-53.7
27.6567,-52.8
27.66,-54.6
27.6633,-49.5
27.6667,-62.1
27.67,-70.2
27.6733,-52.2
27.6767,-60.9
27.68,-66.3
27.6833,-60.9
27.6867,-65.1
27.69,-63.9
27.6933,-49.2
27.6967,-54.6
27.7,-52.8
27.7033,-72.6
27.7067,-69.3
27.71,-59.7
27.7133,-62.7
27.7167,-66.6
27.72,-54.3
27.7233,-69.3
27.7267,-62.4
27.73,-71.1
27.7333,-60.9
27.7367,-59.1
27.74,-65.4
27.7433,-63.9
27.7467,-65.1
27.75,-64.5
27.7533,-66.6
27.7567,-63
27.76,-63.9
27.7633,-59.4
27.7667,-66.3
27.77,-61.2
27.7733,-59.1
27.7767,-63.3
27.78,-58.2
27.7833,-58.2
27.7867,-62.4
27.79,-53.7
27.7933,-59.1
27.7967,-59.1
27.8,-73.2
27.8033,-45
27.8067,-52.8
27.81,-60
27.8133,-54.6
27.8167,-55.2
27.82,-76.8
27.8233,-50.7
27.8267,-61.8
27.83,-69.3
27.8333,-66.6
27.8367,-58.2
27.84,-61.2
27.8433,-55.5
27.8467,-64.5
27.85,-58.2
27.8533,-63
27.8567,-61.8
27.86,-56.1
27.8633,-60.6
27.8667,-64.5
27.87,-56.4
27.8733,-65.4
27.8767,-60.3
27.88,-62.7
27.8833,-57
27.8867,-61.8
27.89,-65.4
27.8933,-61.2
27.8967,-61.5
27.9,-61.2
27.9033,-62.4
27.9067,-63.6
27.91,-61.2
27.9133,-60
27.9167,-51.6
27.92,-62.7
27.9233,-50.1
27.9267,-53.7
27.93,-51.3
27.9333,-61.2
27.9367,-37.5
27.94,-63.6
27.9433,-70.2
27.9467,-64.8
27.95,-66
27.9533,-65.7
27.9567,-60
27.96,-58.5
27.9633,-54.6
27.9667,-68.4
27.97,-61.8
27.9733,-55.8
27.9767,-49.8
27.98,-64.8
27.9833,-58.2
27.9867,-75.3
27.99,-57.3
27.9933,-71.4
27.9967,-60.6
28,-62.4
28.0033,-58.8
28.0067,-63.9
28.01,-61.5
28.0133,-59.7
28.0167,-54.9
28.02,-57.6
28.0233,-66
28.0267,-67.2
28.03,-46.5
28.0333,-54
28.0367,-54.9
28.04,-72
28.0433,-60.9
28.0467,-57.3
28.05,-51
28.0533,-74.1
28.0567,-60.6
28.06,-59.7
28.0633,-47.1
28.0667,-59.7
28.07,-57.3
28.0733,-74.1
28.0767,-59.7
28.08,-62.4
28.0833,-58.2
28.0867,-66.9
28.09,-54.6
28.0933,-62.4
28.0967,-53.7
28.1,-55.2
28.1033,-60.6
28.1067,-66.9
28.11,-65.7
28.1133,-60
28.1167,-54.9
28.12,-57.9
28.1233,-54.9
28.1267,-65.1
28.13,-61.5
28.1333,-66.6
28.1367,-59.4
28.14,-60.9
28.1433,-60.6
28.1467,-67.8
28.15,-63
28.1533,-60.3
28.1567,-62.7
28.16,-63.6
28.1633,-64.8
28.1667,-66
28.17,-54.3
28.1733,-69.3
28.1767,-56.4
28.18,-58.5
28.1833,-64.5
28.1867,-61.8
28.19,-59.4
28.1933,-54.9
28.1967,-60
28.2,-66.6
28.2033,-57
28.2067,-49.5
28.21,-65.4
28.2133,-51.9
28.2167,-66
28.22,-56.1
28.2233,-57.9
28.2267,-62.4
28.23,-54.9
28.2333,-62.7
28.2367,-53.1
28.24,-58.8
28.2433,-54.9
28.2467,-63.9
28.25,-52.8
28.2533,-61.5
28.2567,-50.7
28.26,-60.3
28.2633,-52.8
28.2667,-58.2
28.27,-57
28.2733,-56.7
28.2767,-49.8
28.28,-55.5
28.2833,-56.4
28.2867,-57.3
28.29,-56.4
28.2933,-50.1
28.2967,-46.5
28.3,-45.3
28.3033,-54.9
28.3067,-63
28.31,-57.6
28.3133,-48.9
28.3167,-52.8
28.32,-61.5
28.3233,-62.4
28.3267,-53.4
28.33,-43.2
28.3333,-53.4
28.3367,-55.8
28.34,-52.2
28.3433,-60.6
28.3467,-52.5
28.35,-51.9
28.3533,-63
28.3567,-56.1
28.36,-62.1
28.3633,-56.7
28.3667,-59.4
28.37,-55.5
28.3733,-56.4
28.3767,-53.7
28.38,-56.4
28.3833,-54.3
28.3867,-57.3
28.39,-53.7
28.3933,-56.4
28.3967,-60
28.4,-54.3
28.4033,-49.8
28.4067,-55.2
28.41,-53.7
28.4133,-53.1
28.4167,-37.8
28.42,-58.2
28.4233,-55.2
28.4267,-57.9
28.43,-49.5
28.4333,-53.1
28.4367,-48.3
28.44,-59.4
28.4433,-50.4
28.4467,-50.4
28.45,-59.1
28.4533,-50.1
28.4567,-60.3
28.46,-59.4
28.4633,-50.7
28.4667,-53.4
28.47,-50.7
28.4733,-48.3
28.4767,-61.2
28.48,-48.6
28.4833,-48
28.4867,-57
28.49,-46.8
28.4933,-56.1
28.4967,-52.2
28.5,-57.9
28.5033,-52.8
28.5067,-65.7
28.51,-63.6
28.5133,-50.7
28.5167,-56.1
28.52,-59.7
28.5233,-56.1
28.5267,-59.1
28.53,-48
28.5333,-53.4
28.5367,-57.9
28.54,-62.1
28.5433,-51.3
28.5467,-60
28.55,-52.8
28.5533,-58.5
28.5567,-45.6
28.56,-53.4
28.5633,-46.8
28.5667,-56.4
28.57,-52.8
28.5733,-52.5
28.5767,-51.9
28.58,-51.3
28.5833,-59.4
28.5867,-48
28.59,-48.3
28.5933,-55.8
28.5967,-46.2
28.6,-54.6
28.6033,-49.5
28.6067,-44.7
28.61,-64.2
28.6133,-61.5
28.6167,-54
28.62,-49.8
28.6233,-61.2
28.6267,-55.2
28.63,-60
28.6333,-55.5
28.6367,-49.5
28.64,-61.2
28.6433,-63.6
28.6467,-46.5
28.65,-46.8
28.6533,-57.3
28.6567,-58.8
28.66,-56.1
28.6633,-61.2
28.6667,-53.4
28.67,-52.8
28.6733,-57.6
28.6767,-55.5
28.68,-55.8
28.6833,-56.4
28.6867,-59.7
28.69,-57.9
28.6933,-56.4
28.6967,-58.2
28.7,-57.6
28.7033,-58.2
28.7067,-60.6
28.71,-52.8
28.7133,-61.2
28.7167,-61.2
28.72,-58.8
28.7233,-61.8
28.7267,-68.4
28.73,-54
28.7333,-58.2
28.7367,-52.2
28.74,-61.2
28.7433,-57.6
28.7467,-62.4
28.75,-56.7
28.7533,-54.6
28.7567,-53.1
28.76,-60
28.7633,-43.5
28.7667,-54
28.77,-74.7
28.7733,-55.8
28.7767,-41.1
28.78,-56.4
28.7833,-60.9
28.7867,-74.7
28.79,-57.3
28.7933,-65.1
28.7967,-62.7
28.8,-58.8
28.8033,-51.6
28.8067,-61.2
28.81,-63
28.8133,-63.3
28.8167,-61.2
28.82,-60.9
28.8233,-60.6
28.8267,-62.7
28.83,-61.2
28.8333,-57.3
28.8367,-66
28.84,-62.4
28.8433,-63.3
28.8467,-63.3
28.85,-65.4
28.8533,-60.9
28.8567,-62.1
28.86,-63.3
28.8633,-65.4
28.8667,-63
28.87,-61.5
28.8733,-56.4
28.8767,-57.3
28.88,-58.8
28.8833,-59.7
28.8867,-60.9
28.89,-56.7
28.8933,-61.8
28.8967,-51.6
28.9,-61.8
28.9033,-53.1
28.9067,-58.8
28.91,-48.6
28.9133,-71.1
28.9167,-43.8
28.92,-66
28.9233,-68.7
28.9267,-61.2
28.93,-70.2
28.9333,-64.2
28.9367,-66
28.94,-57.9
28.9433,-57.3
28.9467,-57
28.95,-64.5
28.9533,-57.6
28.9567,-50.4
28.96,-60
28.9633,-60
28.9667,-59.1
28.97,-59.7
28.9733,-67.8
28.9767,-56.4
28.98,-64.8
28.9833,-62.4
28.9867,-63
28.99,-58.5
28.9933,-56.1
28.9967,-54
29,-57.6
29.0033,-61.2
29.0067,-62.4
29.01,-57.6
29.0133,-53.4
29.0167,-53.7
29.02,-56.1
29.0233,-59.1
29.0267,-56.1
29.03,-56.7
29.0333,-57.3
29.0367,-53.4
29.04,-61.5
29.0433,-53.7
29.0467,-54
29.05,-55.2
29.0533,-52.2
29.0567,-52.2
29.06,-40.8
29.0633,-59.4
29.0667,-51.9
29.07,-61.8
29.0733,-64.2
29.0767,-52.2
29.08,-57.6
29.0833,-55.8
29.0867,-56.4
29.09,-58.2
29.0933,-52.5
29.0967,-55.5
29.1,-49.5
29.1033,-64.5
29.1067,-51.6
29.11,-60
29.1133,-53.4
29.1167,-56.1
29.12,-51.9
29.1233,-54
29.1267,-58.5
29.13,-61.2
29.1333,-53.7
29.1367,-51.9
29.14,-59.1
29.1433,-57.9
29.1467,-45.9
29.15,-51.3
29.1533,-57.9
29.1567,-50.7
29.16,-50.1
29.1633,-55.8
29.1667,-52.5
29.17,-59.1
29.1733,-61.8
29.1767,-51.9
29.18,-51.3
29.1833,-56.4
29.1867,-62.7
29.19,-46.8
29.1933,-50.1
29.1967,-58.5
29.2,-51.3
29.2033,-60.3
29.2067,-57.6
29.21,-64.5
29.2133,-55.5
29.2167,-53.1
29.22,-49.8
29.2233,-58.5
29.2267,-60
29.23,-57
29.2333,-57.6
29.2367,-60.3
29.24,-55.2
29.2433,-61.5
29.2467,-58.2
29.25,-56.7
29.2533,-59.1
29.2567,-57.6
29.26,-59.4
29.2633,-55.8
29.2667,-52.5
29.27,-54.6
29.2733,-56.1
29.2767,-58.5
29.28,-57.9
29.2833,-55.2
29.2867,-60.9
29.29,-57
29.2933,-54.6
29.2967,-59.1
29.3,-57.6
29.3033,-59.7
29.3067,-59.4
29.31,-54.6
29.3133,-53.1
29.3167,-56.7
29.32,-57.3
29.3233,-51.6
29.3267,-50.7
29.33,-51.6
29.3333,-46.8
29.3367,-60.6
29.34,-55.8
29.3433,-61.5
29.3467,-64.2
29.35,-52.8
29.3533,-59.4
29.3567,-60.9
29.36,-53.4
29.3633,-54.9
29.3667,-54.6
29.37,-68.4
29.3733,-56.4
29.3767,-42
29.38,-59.1
29.3833,-64.5
29.3867,-61.8
29.39,-64.8
29.3933,-57
29.3967,-56.1
29.4,-59.7
29.4033,-57
29.4067,-64.8
29.41,-60.9
29.4133,-60
29.4167,-57.3
29.42,-56.1
29.4233,-61.5
29.4267,-58.8
29.43,-61.8
29.4333,-54.9
29.4367,-62.7
29.44,-55.8
29.4433,-50.4
29.4467,-60.6
29.45,-55.8
29.4533,-54.3
29.4567,-48.9
29.46,-55.2
29.4633,-84.3
29.4667,-66.3
29.47,-51
29.4733,-51
29.4767,-61.5
29.48,-60.9
29.4833,-72.9
29.4867,-67.5
29.49,-66.6
29.4933,-57.6
29.4967,-62.4
29.5,-65.7
29.5033,-63.3
29.5067,-60.9
29.51,-65.1
29.5133,-61.8
29.5167,-61.5
29.52,-61.2
29.5233,-69.3
29.5267,-63.9
29.53,-65.1
29.5333,-62.1
29.5367,-59.1
29.54,-66.3
29.5433,-64.2
29.5467,-66.9
29.55,-60.3
29.5533,-65.7
29.5567,-60.9
29.56,-63
29.5633,-67.2
29.5667,-63.3
29.57,-61.5
29.5733,-62.1
29.5767,-59.7
29.58,-57
29.5833,-68.7
29.5867,-58.5
29.59,-59.1
29.5933,-63.6
29.5967,-50.7
29.6,-58.5
29.6033,-61.8
29.6067,-52.8
29.61,-61.8
29.6133,-62.7
29.6167,-67.2
29.62,-67.8
29.6233,-70.8
29.6267,-63.6
29.63,-63.6
29.6333,-66.6
29.6367,-70.2
29.64,-62.1
29.6433,-64.2
29.6467,-65.7
29.65,-67.5
29.6533,-60
29.6567,-67.2
29.66,-64.5
29.6633,-67.2
29.6667,-69.3
29.67,-63.6
29.6733,-64.5
29.6767,-62.7
29.68,-62.4
29.6833,-65.7
29.6867,-60.3
29.69,-65.4
29.6933,-59.1
29.6967,-55.8
29.7,-61.8
29.7033,-65.4
29.7067,-63.6
29.71,-59.7
29.7133,-58.2
29.7167,-59.1
29.72,-57.6
29.7233,-61.8
29.7267,-63
29.73,-59.7
29.7333,-51.9
29.7367,-45.6
29.74,-51.6
29.7433,-63
29.7467,-59.7
29.75,-61.2
29.7533,-61.5
29.7567,-66
29.76,-59.7
29.7633,-62.7
29.7667,-58.8
29.77,-65.7
29.7733,-56.7
29.7767,-64.8
29.78,-57
29.7833,-59.7
29.7867,-54.3
29.79,-68.4
29.7933,-64.8
29.7967,-70.2
29.8,-65.7
29.8033,-68.1
29.8067,-62.4
29.81,-73.2
29.8133,-63.3
29.8167,-66.9
29.82,-63.9
29.8233,-66.6
29.8267,-68.1
29.83,-62.1
29.8333,-58.2
29.8367,-63
29.84,-61.2
29.8433,-65.7
29.8467,-62.4
29.85,-64.5
29.8533,-59.1
29.8567,-65.4
29.86,-60.3
29.8633,-65.4
29.8667,-52.2
29.87,-58.8
29.8733,-52.8
29.8767,-69.9
29.88,-52.5
29.8833,-59.7
29.8867,-51
29.89,-46.8
29.8933,-59.7
29.8967,-71.7
29.9,-59.1
29.9033,-72
29.9067,-56.1
29.91,-59.7
29.9133,-60.9
29.9167,-60
29.92,-48.3
29.9233,-62.4
29.9267,-64.2
29.93,-59.1
29.9333,-53.4
29.9367,-60.9
29.94,-52.8
29.9433,-60
29.9467,-61.8
29.95,-64.2
29.9533,-51.3
29.9567,-62.7
29.96,-54.3
29.9633,-58.5
29.9667,-55.2
29.97,-57.3
29.9733,-52.5
29.9767,-57.3
29.98,-53.4
29.9833,-66.3
29.9867,-49.8
29.99,-58.5
29.9933,-48
29.9967,-55.8
30,-45.6
30.0033,-54.6
30.0067,-53.7
30.01,-47.7
30.0133,-36.3
30.0167,-48.6
30.02,-54
30.0233,-75.3
30.0267,-41.7
30.03,-52.5
30.0333,-61.5
30.0367,-66.3
30.04,-56.4
30.0433,-47.1
30.0467,-62.4
30.05,-61.2
30.0533,-56.7
30.0567,-59.1
30.06,-63.9
30.0633,-56.7
30.0667,-65.4
30.07,-60
30.0733,-57
30.0767,-61.2
30.08,-53.4
30.0833,-63
30.0867,-56.7
30.09,-55.8
30.0933,-59.1
30.0967,-57
30.1,-52.2
30.1033,-62.4
30.1067,-63.3
30.11,-56.4
30.1133,-55.2
30.1167,-56.7
30.12,-60
30.1233,-63.9
30.1267,-52.8
30.13,-56.1
30.1333,-53.7
30.1367,-62.4
30.14,-46.5
30.1433,-55.5
30.1467,-57
30.15,-51
30.1533,-39.9
30.1567,-63.9
30.16,-40.2
30.1633,-24.9
30.1667,-71.4
30.17,-72.6
30.1733,-59.7
30.1767,-52.5
30.18,-50.1
30.1833,-67.2
30.1867,-55.5
30.19,-58.8
30.1933,-56.4
30.1967,-52.8
30.2,-57.3
30.2033,-58.8
30.2067,-58.8
30.21,-58.8
30.2133,-50.4
30.2167,-57.3
30.22,-51.3
30.2233,-53.4
30.2267,-57.3
30.23,-57.9
30.2333,-54
30.2367,-56.1
30.24,-56.4
30.2433,-58.2
30.2467,-57
30.25,-59.7
30.2533,-52.8
30.2567,-57.9
30.26,-59.7
30.2633,-60
30.2667,-50.4
30.27,-53.4
30.2733,-51.6
30.2767,-55.2
30.28,-53.7
30.2833,-60
30.2867,-56.4
30.29,-49.8
30.2933,-47.1
30.2967,-47.7
30.3,-55.2
30.3033,-68.7
30.3067,-57
30.31,-62.1
30.3133,-54.6
30.3167,-61.5
30.32,-62.7
30.3233,-58.5
30.3267,-51.9
30.33,-51.3
30.3333,-51
30.3367,-58.8
30.34,-63.9
30.3433,-62.7
30.3467,-68.1
30.35,-61.2
30.3533,-60.3
30.3567,-56.7
30.36,-62.7
30.3633,-58.5
30.3667,-61.8
30.37,-59.4
30.3733,-63.9
30.3767,-55.2
30.38,-59.1
30.3833,-61.5
30.3867,-60
30.39,-60.6
30.3933,-59.1
30.3967,-60.6
30.4,-58.8
30.4033,-61.8
30.4067,-61.2
30.41,-60.3
30.4133,-52.5
30.4167,-58.2
30.42,-57
30.4233,-61.2
30.4267,-48.3
30.43,-53.4
30.4333,-60.9
30.4367,-57.9
30.44,-49.8
30.4433,-64.8
30.4467,-46.2
30.45,-62.4
30.4533,-48.6
30.4567,-72
30.46,-63.6
30.4633,-55.2
30.4667,-58.2
30.47,-65.4
30.4733,-52.2
30.4767,-54.9
30.48,-61.5
30.4833,-61.8
30.4867,-59.7
30.49,-58.5
30.4933,-57.6
30.4967,-60.6
30.5,-54.9
30.5033,-65.4
30.5067,-59.1
30.51,-57.3
30.5133,-59.4
30.5167,-60.3
30.52,-60.3
30.5233,-61.8
30.5267,-59.4
30.53,-63
30.5333,-54
30.5367,-57.6
30.54,-59.7
30.5433,-60.3
30.5467,-57.9
30.55,-56.4
30.5533,-55.2
30.5567,-48.9
30.56,-66.6
30.5633,-36.3
30.5667,-32.1
30.57,-63.6
30.5733,-65.1
30.5767,-65.4
30.58,-61.8
30.5833,-56.1
30.5867,-64.2
30.59,-63.6
30.5933,-53.7
30.5967,-48.3
30.6,-51.9
30.6033,-55.8
30.6067,-58.2
30.61,-56.4
30.6133,-63.6
30.6167,-57
30.62,-54.6
30.6233,-66.9
30.6267,-60.6
30.63,-61.2
30.6333,-59.1
30.6367,-61.5
30.64,-60.6
30.6433,-59.4
30.6467,-58.2
30.65,-63.9
30.6533,-60.3
30.6567,-59.1
30.66,-61.2
30.6633,-62.1
30.6667,-61.8
30.67,-63.3
30.6733,-64.2
30.6767,-53.4
30.68,-52.8
30.6833,-60.3
30.6867,-60.9
30.69,-59.1
30.6933,-60.3
30.6967,-66.6
30.7,-67.8
30.7033,-47.4
30.7067,-49.5
30.71,-60.3
30.7133,-60.6
30.7167,-65.7
30.72,-60.6
30.7233,-66.6
30.7267,-56.1
30.73,-51.9
30.7333,-77.7
30.7367,-59.1
30.74,-63.9
30.7433,-61.8
30.7467,-59.1
30.75,-62.4
30.7533,-68.1
30.7567,-68.1
30.76,-59.7
30.7633,-64.5
30.7667,-65.1
30.77,-57.9
30.7733,-62.4
30.7767,-63
30.78,-62.4
30.7833,-57.9
30.7867,-60.6
30.79,-55.5
30.7933,-59.4
30.7967,-57.9
30.8,-58.2
30.8033,-60
30.8067,-57.3
30.81,-55.8
30.8133,-60.9
30.8167,-57.6
30.82,-55.8
30.8233,-58.8
30.8267,-52.5
30.83,-52.8
30.8333,-55.2
30.8367,-56.7
30.84,-52.8
30.8433,-57.9
30.8467,-55.2
30.85,-67.2
30.8533,-40.2
30.8567,-54.6
30.86,-40.5
30.8633,-81.3
30.8667,-45.6
30.87,-53.7
30.8733,-54.9
30.8767,-65.7
30.88,-63.9
30.8833,-63
30.8867,-61.5
30.89,-48.6
30.8933,-48
30.8967,-59.4
30.9,-59.1
30.9033,-67.8
30.9067,-60.3
30.91,-63.3
30.9133,-61.8
30.9167,-63.3
30.92,-65.1
30.9233,-65.1
30.9267,-61.5
30.93,-61.5
30.9333,-58.5
30.9367,-63
30.94,-70.8
30.9433,-58.2
30.9467,-58.8
30.95,-58.8
30.9533,-56.4
30.9567,-60.9
30.96,-58.2
30.9633,-62.1
30.9667,-58.2
30.97,-60.6
30.9733,-56.4
30.9767,-56.4
30.98,-61.5
30.9833,-63
30.9867,-56.7
30.99,-44.4
30.9933,-65.4
30.9967,-52.5
31,-57
31.0033,-63
31.0067,-65.7
31.01,-63
31.0133,-62.1
31.0167,-62.1
31.02,-51.6
31.0233,-68.4
31.0267,-62.4
31.03,-57
31.0333,-59.7
31.0367,-59.7
31.04,-53.7
31.0433,-56.4
31.0467,-61.8
31.05,-56.1
31.0533,-61.8
31.0567,-57.6
31.06,-60
31.0633,-58.5
31.0667,-58.5
31.07,-57.9
31.0733,-56.1
31.0767,-57.3
31.08,-55.5
31.0833,-64.5
31.0867,-61.5
31.09,-51.9
31.0933,-56.4
31.0967,-60.9
31.1,-56.1
31.1033,-56.1
31.1067,-60.3
31.11,-54.6
31.1133,-57.6
31.1167,-47.7
31.12,-56.4
31.1233,-67.2
31.1267,-36.6
31.13,-46.8
31.1333,-64.5
31.1367,-66.6
31.14,-58.5
31.1433,-61.5
31.1467,-57.3
31.15,-56.4
31.1533,-54.3
31.1567,-56.1
31.16,-57
31.1633,-48
31.1667,-53.4
31.17,-67.8
31.1733,-59.7
31.1767,-64.2
31.18,-63
31.1833,-66.3
31.1867,-63.6
31.19,-59.7
31.1933,-59.1
31.1967,-60
31.2,-64.5
31.2033,-60.6
31.2067,-61.8
31.21,-61.8
31.2133,-57.3
31.2167,-63.3
31.22,-56.4
31.2233,-63
31.2267,-59.1
31.23,-60.9
31.2333,-66
31.2367,-59.7
31.24,-60.3
31.2433,-63.6
31.2467,-60.6
31.25,-61.2
31.2533,-60.6
31.2567,-61.5
31.26,-59.7
31.2633,-60.3
31.2667,-53.7
31.27,-37.8
31.2733,-55.8
31.2767,-72
31.28,-59.1
31.2833,-69.3
31.2867,-69.6
31.29,-64.2
31.2933,-65.1
31.2967,-61.2
31.3,-56.4
31.3033,-47.4
31.3067,-56.7
31.31,-68.1
31.3133,-67.5
31.3167,-63.3
31.32,-63.6
31.3233,-69.3
31.3267,-73.5
31.33,-62.4
31.3333,-62.7
31.3367,-55.8
31.34,-62.1
31.3433,-58.8
31.3467,-65.4
31.35,-58.2
31.3533,-59.7
31.3567,-55.2
31.36,-63.6
31.3633,-60.9
31.3667,-58.2
31.37,-59.7
31.3733,-59.7
31.3767,-50.7
31.38,-62.7
31.3833,-61.2
31.3867,-56.4
31.39,-57
31.3933,-59.4
31.3967,-58.2
31.4,-57.6
31.4033,-64.2
31.4067,-60.9
31.41,-53.7
31.4133,-49.2
31.4167,-62.7
31.42,-65.1
31.4233,-47.1
31.4267,-60.9
31.43,-68.4
31.4333,-57.3
31.4367,-67.8
31.44,-73.5
31.4433,-66
31.4467,-65.1
31.45,-60.6
31.4533,-63.3
31.4567,-61.8
31.46,-69.3
31.4633,-60.9
31.4667,-69.3
31.47,-55.8
31.4733,-61.2
31.4767,-63.9
31.48,-65.7
31.4833,-70.8
31.4867,-53.4
31.49,-63.3
31.4933,-63.3
31.4967,-55.5
31.5,-65.4
31.5033,-66.3
31.5067,-60
31.51,-60.9
31.5133,-65.1
31.5167,-62.1
31.52,-66.9
31.5233,-66.3
31.5267,-65.4
31.53,-63.6
31.5333,-61.2
31.5367,-64.8
31.54,-58.5
31.5433,-59.4
31.5467,-50.4
31.55,-68.1
31.5533,-66
31.5567,-60.9
31.56,-66.9
31.5633,-73.5
31.5667,-66.3
31.57,-61.5
31.5733,-57
31.5767,-69
31.58,-63
31.5833,-57
31.5867,-67.2
31.59,-66.9
31.5933,-60.3
31.5967,-65.4
31.6,-65.1
31.6033,-64.8
31.6067,-51.9
31.61,-69
31.6133,-63
31.6167,-67.2
31.62,-68.7
31.6233,-68.4
31.6267,-69.3
31.63,-66
31.6333,-57.3
31.6367,-71.4
31.64,-61.8
31.6433,-62.1
31.6467,-62.1
31.65,-60.9
31.6533,-60.3
31.6567,-59.4
31.66,-69
31.6633,-62.4
31.6667,-67.5
31.67,-63
31.6733,-60.3
31.6767,-60.9
31.68,-66
31.6833,-57
31.6867,-60
31.69,-48
31.6933,-53.7
31.6967,-67.5
31.7,-57.6
31.7033,-65.4
31.7067,-72.3
31.71,-59.1
31.7133,-62.4
31.7167,-56.4
31.72,-74.4
31.7233,-64.5
31.7267,-64.2
31.73,-59.4
31.7333,-60.9
31.7367,-61.5
31.74,-57.3
31.7433,-66
31.7467,-57
31.75,-58.5
31.7533,-61.2
31.7567,-58.2
31.76,-66.6
31.7633,-67.5
31.7667,-63.6
31.77,-59.7
31.7733,-59.4
31.7767,-54.3
31.78,-56.4
31.7833,-63
31.7867,-76.5
31.79,-64.8
31.7933,-65.1
31.7967,-69
31.8,-66.6
31.8033,-55.2
31.8067,-64.5
31.81,-61.8
31.8133,-67.8
31.8167,-59.4
31.82,-65.1
31.8233,-64.5
31.8267,-53.4
31.83,-57.6
31.8333,-72.3
31.8367,-51.3
31.84,-75.3
31.8433,-62.1
31.8467,-71.4
31.85,-58.8
31.8533,-63
31.8567,-66.6
31.86,-72
31.8633,-57.6
31.8667,-72.3
31.87,-64.8
31.8733,-69.9
31.8767,-66.9
31.88,-73.5
31.8833,-70.2
31.8867,-66
31.89,-69.9
31.8933,-62.7
31.8967,-68.4
31.9,-70.5
31.9033,-72.3
31.9067,-69.3
31.91,-67.5
31.9133,-65.1
31.9167,-67.5
31.92,-67.5
31.9233,-71.7
31.9267,-66.6
31.93,-66.6
31.9333,-59.1
31.9367,-63
31.94,-68.7
31.9433,-60.9
31.9467,-68.7
31.95,-60.9
31.9533,-63.9
31.9567,-57.3
31.96,-67.5
31.9633,-41.7
31.9667,-57.3
31.97,-68.1
31.9733,-51.3
31.9767,-76.5
31.98,-76.5
31.9833,-66.6
31.9867,-70.2
31.99,-58.2
31.9933,-67.8
31.9967,-50.7
32,-68.4
32.0033,-55.5
32.0067,-80.4
32.01,-67.5
32.0133,-67.2
32.0167,-57.3
32.02,-71.7
32.0233,-62.1
32.0267,-64.8
32.03,-58.8
32.0333,-69.9
32.0367,-65.1
32.04,-61.2
32.0433,-65.1
32.0467,-66
32.05,-63.3
32.0533,-61.8
32.0567,-63
32.06,-67.8
32.0633,-61.8
32.0667,-69.6
32.07,-66
32.0733,-60.3
32.0767,-65.4
32.08,-70.2
32.0833,-67.2
32.0867,-65.4
32.09,-61.2
32.0933,-70.5
32.0967,-62.7
32.1,-64.8
32.1033,-61.8
32.1067,-59.4
32.11,-65.1
32.1133,-48.3
32.1167,-62.1
32.12,-66.9
32.1233,-79.5
32.1267,-66.3
32.13,-69.6
32.1333,-69.6
32.1367,-64.8
32.14,-65.7
32.1433,-68.1
32.1467,-69.3
32.15,-71.4
32.1533,-69.9
32.1567,-64.5
32.16,-62.1
32.1633,-66.3
32.1667,-59.7
32.17,-65.1
32.1733,-61.5
32.1767,-66
32.18,-74.7
32.1833,-64.8
32.1867,-65.4
32.19,-60
32.1933,-65.7
32.1967,-54
32.2,-65.7
32.2033,-65.1
32.2067,-64.2
32.21,-60.3
32.2133,-59.7
32.2167,-63
32.22,-64.2
32.2233,-60.9
32.2267,-68.1
32.23,-59.4
32.2333,-57.3
32.2367,-59.7
32.24,-67.2
32.2433,-59.1
32.2467,-47.7
32.25,-56.1
32.2533,-60.9
32.2567,-68.1
32.26,-61.5
32.2633,-63.9
32.2667,-72.9
32.27,-61.2
32.2733,-60.3
32.2767,-64.8
32.28,-73.5
32.2833,-54.6
32.2867,-59.1
32.29,-66.9
32.2933,-65.4
32.2967,-66.3
32.3,-60.6
32.3033,-60.3
32.3067,-64.8
32.31,-60.3
32.3133,-69
32.3167,-62.1
32.32,-65.4
32.3233,-64.5
32.3267,-61.2
32.33,-57
32.3333,-61.8
32.3367,-60
32.34,-64.2
32.3433,-60
32.3467,-65.4
32.35,-55.5
32.3533,-63.6
32.3567,-63
32.36,-63.3
32.3633,-56.1
32.3667,-69.6
32.37,-60.3
32.3733,-65.1
32.3767,-59.7
32.38,-67.5
32.3833,-62.4
32.3867,-63.3
32.39,-43.8
32.3933,-56.1
32.3967,-57.6
32.4,-75
32.4033,-61.2
32.4067,-77.1
32.41,-56.4
32.4133,-56.7
32.4167,-67.5
32.42,-65.7
32.4233,-61.2
32.4267,-67.5
32.43,-56.1
32.4333,-70.5
32.4367,-64.5
32.44,-63.6
32.4433,-69.6
32.4467,-60.6
32.45,-59.1
32.4533,-67.8
32.4567,-59.4
32.46,-65.4
32.4633,-60.3
32.4667,-66.9
32.47,-59.4
32.4733,-65.1
32.4767,-57.6
32.48,-68.7
32.4833,-61.5
32.4867,-58.5
32.49,-63
32.4933,-59.4
32.4967,-59.4
32.5,-62.1
32.5033,-72
32.5067,-61.8
32.51,-58.2
32.5133,-52.8
32.5167,-60.3
32.52,-64.2
32.5233,-50.4
32.5267,-69
32.53,-53.7
32.5333,-70.2
32.5367,-65.4
32.54,-71.7
32.5433,-64.8
32.5467,-66.9
32.55,-58.2
32.5533,-56.7
32.5567,-62.1
32.56,-69
32.5633,-60.6
32.5667,-48
32.57,-65.7
32.5733,-69.3
32.5767,-72
32.58,-62.4
32.5833,-69.6
32.5867,-59.4
32.59,-62.1
32.5933,-62.7
32.5967,-60.9
32.6,-65.7
32.6033,-61.5
32.6067,-62.1
32.61,-56.7
32.6133,-58.5
32.6167,-58.5
32.62,-64.8
32.6233,-56.4
32.6267,-58.5
32.63,-55.2
32.6333,-50.1
32.6367,-57.3
32.64,-64.8
32.6433,-62.4
32.6467,-65.1
32.65,-56.4
32.6533,-63.3
32.6567,-58.5
32.66,-57.9
32.6633,-53.7
32.6667,-59.1
32.67,-60
32.6733,-55.5
32.6767,-59.4
32.68,-36
32.6833,-70.2
32.6867,-71.7
32.69,-56.1
32.6933,-66.9
32.6967,-62.4
32.7,-55.5
32.7033,-61.5
32.7067,-73.2
32.71,-48.3
32.7133,-65.7
32.7167,-57.6
32.72,-51.3
32.7233,-54
32.7267,-72.3
32.73,-62.4
32.7333,-63.3
32.7367,-62.7
32.74,-64.8
32.7433,-63.3
32.7467,-58.8
32.75,-56.7
32.7533,-63
32.7567,-54.6
32.76,-50.7
32.7633,-56.1
32.7667,-55.8
32.77,-52.2
32.7733,-55.2
32.7767,-54.9
32.78,-60.6
32.7833,-51.9
32.7867,-63.3
32.79,-50.4
32.7933,-55.5
32.7967,-63.3
32.8,-45.9
32.8033,-52.2
32.8067,-55.5
32.81,-54
32.8133,-51.3
32.8167,-42
32.82,-57.3
32.8233,-58.8
32.8267,-61.8
32.83,-60.6
32.8333,-60
32.8367,-61.2
32.84,-60.9
32.8433,-57.6
32.8467,-61.8
32.85,-51
32.8533,-54.3
32.8567,-57.6
32.86,-60.3
32.8633,-54.3
32.8667,-53.1
32.87,-54.9
32.8733,-60.3
32.8767,-50.4
32.88,-53.7
32.8833,-57.6
32.8867,-53.1
32.89,-52.5
32.8933,-55.2
32.8967,-53.1
32.9,-55.5
32.9033,-55.2
32.9067,-54.6
32.91,-49.8
32.9133,-62.1
32.9167,-54.6
32.92,-55.2
32.9233,-54.3
32.9267,-57.3
32.93,-51.9
32.9333,-53.4
32.9367,-48.6
32.94,-48
32.9433,-40.8
32.9467,-55.5
32.95,-66.9
32.9533,-58.5
32.9567,-63.6
32.96,-60.6
32.9633,-56.1
32.9667,-59.4
32.97,-56.1
32.9733,-37.8
32.9767,-60
32.98,-64.2
32.9833,-55.8
32.9867,-56.7
32.99,-60
32.9933,-56.1
32.9967,-52.2
33,-60.6
33.0033,-55.5
33.0067,-53.7
33.01,-54.6
33.0133,-58.8
33.0167,-64.8
33.02,-62.4
33.0233,-54.6
33.0267,-56.4
33.03,-54.9
33.0333,-55.8
33.0367,-49.5
33.04,-54.9
33.0433,-54.9
33.0467,-56.1
33.05,-55.2
33.0533,-56.1
33.0567,-59.7
33.06,-60.6
33.0633,-58.8
33.0667,-55.2
33.07,-52.2
33.0733,-40.8
33.0767,-57.9
33.08,-71.1
33.0833,-45.9
33.0867,-55.5
33.09,-72.9
33.0933,-43.2
33.0967,-65.4
33.1,-66.3
33.1033,-55.5
33.1067,-54
33.11,-48.6
33.1133,-56.4
33.1167,-57.6
33.12,-61.8
33.1233,-57.3
33.1267,-66.6
33.13,-53.1
33.1333,-58.2
33.1367,-57.9
33.14,-64.2
33.1433,-56.7
33.1467,-54.3
33.15,-53.1
33.1533,-62.4
33.1567,-51.9
33.16,-59.4
33.1633,-51.6
33.1667,-54.9
33.17,-54.3
33.1733,-58.8
33.1767,-58.5
33.18,-53.7
33.1833,-56.4
33.1867,-56.1
33.19,-54.3
33.1933,-54.6
33.1967,-55.8
33.2,-59.4
33.2033,-51.9
33.2067,-53.4
33.21,-58.5
33.2133,-54.9
33.2167,-61.2
33.22,-39.3
33.2233,-56.4
33.2267,-55.5
33.23,-63.3
33.2333,-68.1
33.2367,-64.8
33.24,-61.8
33.2433,-61.5
33.2467,-62.1
33.25,-59.4
33.2533,-55.5
33.2567,-63.6
33.26,-48.6
33.2633,-59.7
33.2667,-65.7
33.27,-52.8
33.2733,-63.3
33.2767,-52.5
33.28,-61.5
33.2833,-61.2
33.2867,-57.6
33.29,-58.8
33.2933,-55.8
33.2967,-58.5
33.3,-59.7
33.3033,-53.4
33.3067,-57.6
33.31,-53.4
33.3133,-53.7
33.3167,-55.8
33.32,-58.2
33.3233,-54
33.3267,-51.6
33.33,-52.5
33.3333,-63.3
33.3367,-45.6
33.34,-56.4
33.3433,-57
33.3467,-56.4
33.35,-46.2
33.3533,-57.9
33.3567,-46.5
33.36,-45.3
33.3633,-61.2
33.3667,-51
33.37,-59.1
33.3733,-45.6
33.3767,-63.3
33.38,-66
33.3833,-56.7
33.3867,-58.2
33.39,-59.1
33.3933,-63
33.3967,-58.5
33.4,-43.2
33.4033,-75.3
33.4067,-57.9
33.41,-63
33.4133,-62.1
33.4167,-58.5
33.42,-64.2
33.4233,-65.1
33.4267,-57.9
33.43,-53.7
33.4333,-57.6
33.4367,-57.6
33.44,-55.8
33.4433,-50.7
33.4467,-54.9
33.45,-54
33.4533,-57.9
33.4567,-55.2
33.46,-60
33.4633,-54.6
33.4667,-54.6
33.47,-54.3
33.4733,-63
33.4767,-53.1
33.48,-53.4
33.4833,-57.9
33.4867,-58.8
33.49,-53.7
33.4933,-55.8
33.4967,-62.4
33.5,-48.6
33.5033,-47.7
33.5067,-45.3
33.51,-57.6
33.5133,-54.3
33.5167,-64.2
33.52,-62.7
33.5233,-60.6
33.5267,-58.2
33.53,-55.5
33.5333,-55.5
33.5367,-50.4
33.54,-62.7
33.5433,-54.6
33.5467,-60.3
33.55,-53.1
33.5533,-60.9
33.5567,-52.2
33.56,-59.1
33.5633,-55.8
33.5667,-55.5
33.57,-55.8
33.5733,-53.7
33.5767,-60.3
33.58,-56.4
33.5833,-57
33.5867,-56.1
33.59,-52.2
33.5933,-60.3
33.5967,-60
33.6,-56.7
33.6033,-62.4
33.6067,-42.9
33.61,-63.3
33.6133,-55.8
33.6167,-67.5
33.62,-58.8
33.6233,-58.5
33.6267,-54.9
33.63,-52.8
33.6333,-44.1
33.6367,-50.1
33.64,-53.7
33.6433,-55.5
33.6467,-38.1
33.65,-63.3
33.6533,-44.1
33.6567,-49.5
33.66,-59.1
33.6633,-54.9
33.6667,-58.2
33.67,-57
33.6733,-45.9
33.6767,-63.3
33.68,-51.9
33.6833,-55.8
33.6867,-53.1
33.69,-54.3
33.6933,-51
33.6967,-57
33.7,-52.8
33.7033,-60.9
33.7067,-54.9
33.71,-53.1
33.7133,-52.8
33.7167,-58.5
33.72,-57
33.7233,-56.4
33.7267,-51.6
33.73,-57.6
33.7333,-50.1
33.7367,-49.8
33.74,-52.2
33.7433,-50.7
33.7467,-48.9
33.75,-48
33.7533,-54.3
33.7567,-42.6
33.76,-46.2
33.7633,-58.2
33.7667,-63.6
33.77,-57
33.7733,-60.9
33.7767,-54.9
33.78,-50.4
33.7833,-57
33.7867,-52.2
33.79,-58.2
33.7933,-55.2
33.7967,-52.5
33.8,-63
33.8033,-65.4
33.8067,-47.4
33.81,-51
33.8133,-45
33.8167,-55.5
33.82,-64.5
33.8233,-58.5
33.8267,-57.6
33.83,-55.8
33.8333,-58.2
33.8367,-57.9
33.84,-60.3
33.8433,-58.5
33.8467,-59.1
33.85,-51.9
33.8533,-48.9
33.8567,-51.9
33.86,-62.1
33.8633,-54.3
33.8667,-54.9
33.87,-53.1
33.8733,-51.6
33.8767,-57.3
33.88,-57.9
33.8833,-54.6
33.8867,-55.2
33.89,-55.2
33.8933,-55.8
33.8967,-57
33.9,-56.1
33.9033,-54.9
33.9067,-50.1
33.91,-51.6
33.9133,-53.1
33.9167,-45.6
33.92,-50.7
33.9233,-59.4
33.9267,-55.8
33.93,-65.4
33.9333,-52.2
33.9367,-66.6
33.94,-54.6
33.9433,-52.5
33.9467,-54.6
33.95,-60.3
33.9533,-61.8
33.9567,-62.7
33.96,-60
33.9633,-60
33.9667,-57.3
33.97,-58.2
33.9733,-55.5
33.9767,-63
33.98,-55.2
33.9833,-53.4
33.9867,-59.1
33.99,-59.7
33.9933,-49.8
33.9967,-61.5
34,-58.5
34.0033,-57.6
34.0067,-53.1
34.01,-55.8
34.0133,-54.3
34.0167,-57.9
34.02,-58.5
34.0233,-53.7
34.0267,-57.6
34.03,-62.7
34.0333,-41.7
34.0367,-41.7
34.04,-65.4
34.0433,-60.9
34.0467,-64.8
34.05,-65.1
34.0533,-66
34.0567,-51.9
34.06,-60.6
34.0633,-72
34.0667,-54
34.07,-69.9
34.0733,-54
34.0767,-65.7
34.08,-59.4
34.0833,-65.1
34.0867,-64.2
34.09,-61.5
34.0933,-62.7
34.0967,-62.4
34.1,-62.4
34.1033,-62.1
34.1067,-60.9
34.11,-65.1
34.1133,-60.9
34.1167,-65.4
34.12,-63.3
34.1233,-64.8
34.1267,-57.6
34.13,-58.5
34.1333,-64.5
34.1367,-57.6
34.14,-59.7
34.1433,-67.8
34.1467,-52.2
34.15,-63.3
34.1533,-59.7
34.1567,-74.4
34.16,-54.6
34.1633,-71.7
34.1667,-49.8
34.17,-78
34.1733,-49.5
34.1767,-59.7
34.18,-80.7
34.1833,-69
34.1867,-66
34.19,-68.4
34.1933,-65.4
34.1967,-66.6
34.2,-65.7
34.2033,-64.5
34.2067,-61.2
34.21,-58.8
34.2133,-63
34.2167,-65.7
34.22,-62.4
34.2233,-66.3
34.2267,-60.9
34.23,-62.7
34.2333,-60
34.2367,-64.5
34.24,-61.5
34.2433,-61.8
34.2467,-54.9
34.25,-58.8
34.2533,-59.7
34.2567,-62.7
34.26,-56.1
34.2633,-70.2
34.2667,-45.9
34.27,-62.4
34.2733,-67.5
34.2767,-59.4
34.28,-45.9
34.2833,-63.6
34.2867,-61.5
34.29,-59.7
34.2933,-63.9
34.2967,-67.8
34.3,-59.7
34.3033,-63.9
34.3067,-63
34.31,-68.1
34.3133,-62.7
34.3167,-63.9
34.32,-58.8
34.3233,-72.6
34.3267,-62.1
34.33,-48
34.3333,-61.8
34.3367,-60.3
34.34,-57.9
34.3433,-71.1
34.3467,-62.4
34.35,-60.3
34.3533,-56.1
34.3567,-60.6
34.36,-60.3
34.3633,-62.1
34.3667,-59.1
34.37,-63
34.3733,-63.9
34.3767,-64.2
34.38,-60.9
34.3833,-60.9
34.3867,-60.3
34.39,-61.2
34.3933,-62.7
34.3967,-60.9
34.4,-63.3
34.4033,-61.2
34.4067,-57.6
34.41,-52.8
34.4133,-60.3
34.4167,-50.7
34.42,-63.3
34.4233,-55.8
34.4267,-63.6
34.43,-57.6
34.4333,-66
34.4367,-58.5
34.44,-61.5
34.4433,-60
34.4467,-55.5
34.45,-53.4
34.4533,-59.1
34.4567,-58.5
34.46,-57.6
34.4633,-61.8
34.4667,-48.9
34.47,-51.9
34.4733,-64.8
34.4767,-61.5
34.48,-56.4
34.4833,-54.3
34.4867,-62.4
34.49,-61.8
34.4933,-64.8
34.4967,-59.7
34.5,-64.5
34.5033,-58.8
34.5067,-55.8
34.51,-58.5
34.5133,-58.8
34.5167,-58.2
34.52,-62.1
34.5233,-65.4
34.5267,-53.1
34.53,-60.3
34.5333,-61.5
34.5367,-67.2
34.54,-61.2
34.5433,-66.9
34.5467,-63.3
34.55,-65.4
34.5533,-62.4
34.5567,-67.2
34.56,-63
34.5633,-69
34.5667,-62.7
34.57,-64.5
34.5733,-67.8
34.5767,-58.2
34.58,-50.4
34.5833,-57
34.5867,-59.7
34.59,-63.3
34.5933,-60.3
34.5967,-65.4
34.6,-57.9
34.6033,-76.2
34.6067,-56.1
34.61,-56.1
34.6133,-48.6
34.6167,-62.1
34.62,-54.3
34.6233,-61.2
34.6267,-57
34.63,-50.4
34.6333,-62.4
34.6367,-64.8
34.64,-56.1
34.6433,-63.3
34.6467,-55.2
34.65,-57.3
34.6533,-59.4
34.6567,-62.1
34.66,-57.3
34.6633,-63.3
34.6667,-49.2
34.67,-57.3
34.6733,-63
34.6767,-57.3
34.68,-66.9
34.6833,-58.8
34.6867,-62.4
34.69,-55.5
34.6933,-63.6
34.6967,-61.2
34.7,-62.1
34.7033,-57
34.7067,-50.7
34.71,-45.3
34.7133,-67.2
34.7167,-74.1
34.72,-55.5
34.7233,-61.2
34.7267,-63.6
34.73,-59.1
34.7333,-63.3
34.7367,-71.4
34.74,-57
34.7433,-60
34.7467,-54.3
34.75,-69.6
34.7533,-59.4
34.7567,-62.1
34.76,-67.5
34.7633,-62.1
34.7667,-65.7
34.77,-58.5
34.7733,-61.2
34.7767,-64.5
34.78,-62.4
34.7833,-70.2
34.7867,-59.1
34.79,-58.8
34.7933,-60.3
34.7967,-65.1
34.8,-64.5
34.8033,-61.8
34.8067,-61.5
34.81,-63.6
34.8133,-60.9
34.8167,-68.4
34.82,-63.6
34.8233,-60.9
34.8267,-60.3
34.83,-61.8
34.8333,-60
34.8367,-64.8
34.84,-66.3
34.8433,-63.3
34.8467,-66.3
34.85,-52.2
34.8533,-58.2
34.8567,-36.3
34.86,-67.8
34.8633,-69.9
34.8667,-64.5
34.87,-66.3
34.8733,-65.7
34.8767,-65.4
34.88,-68.1
34.8833,-56.4
34.8867,-66.9
34.89,-67.2
34.8933,-69
34.8967,-61.5
34.9,-59.4
34.9033,-63
34.9067,-57.9
34.91,-55.2
34.9133,-66.9
34.9167,-49.2
34.92,-56.1
34.9233,-67.5
34.9267,-56.1
34.93,-68.1
34.9333,-60.6
34.9367,-59.4
34.94,-60.9
34.9433,-67.8
34.9467,-62.4
34.95,-63.3
34.9533,-62.4
34.9567,-56.1
34.96,-62.4
34.9633,-72
34.9667,-61.5
34.97,-64.2
34.9733,-63
34.9767,-59.4
34.98,-75.9
34.9833,-61.2
34.9867,-57
34.99,-55.8
34.9933,-60.9
34.9967,-56.1
35,-51.9
35.0033,-71.4
35.0067,-61.8
35.01,-59.7
35.0133,-58.5
35.0167,-66.3
35.02,-60.9
35.0233,-60
35.0267,-54
35.03,-62.1
35.0333,-57.3
35.0367,-59.7
35.04,-60
35.0433,-58.2
35.0467,-59.1
35.05,-60
35.0533,-58.8
35.0567,-59.4
35.06,-54.3
35.0633,-53.4
35.0667,-58.2
35.07,-54.9
35.0733,-58.5
35.0767,-62.1
35.08,-55.2
35.0833,-62.1
35.0867,-61.8
35.09,-63.3
35.0933,-59.4
35.0967,-63.6
35.1,-64.8
35.1033,-63.9
35.1067,-62.7
35.11,-58.5
35.1133,-59.7
35.1167,-57.3
35.12,-43.5
35.1233,-44.7
35.1267,-67.2
35.13,-54.6
35.1333,-58.2
35.1367,-72.6
35.14,-62.4
35.1433,-59.7
35.1467,-59.4
35.15,-64.8
35.1533,-48.6
35.1567,-59.1
35.16,-63.3
35.1633,-56.1
35.1667,-50.7
35.17,-65.4
35.1733,-60.3
35.1767,-63.6
35.18,-66
35.1833,-60.9
35.1867,-56.1
35.19,-56.4
35.1933,-60.9
35.1967,-65.4
35.2,-57
35.2033,-69.3
35.2067,-52.5
35.21,-61.5
35.2133,-54.9
35.2167,-54
35.22,-66
35.2233,-71.7
35.2267,-51.9
35.23,-71.4
35.2333,-53.7
35.2367,-64.8
35.24,-62.4
35.2433,-64.5
35.2467,-52.5
35.25,-61.5
35.2533,-57.3
35.2567,-76.2
35.26,-44.1
35.2633,-51
35.2667,-70.2
35.27,-54.9
35.2733,-54.9
35.2767,-77.1
35.28,-58.8
35.2833,-64.5
35.2867,-60.3
35.29,-62.7
35.2933,-68.1
35.2967,-67.2
35.3,-69.6
35.3033,-51.6
35.3067,-53.4
35.31,-57.3
35.3133,-66.3
35.3167,-70.2
35.32,-57.9
35.3233,-70.8
35.3267,-63.9
35.33,-63.3
35.3333,-63.6
35.3367,-57.9
35.34,-67.5
35.3433,-69.3
35.3467,-57.9
35.35,-66
35.3533,-65.1
35.3567,-63.9
35.36,-65.4
35.3633,-74.1
35.3667,-59.7
35.37,-60.9
35.3733,-68.7
35.3767,-67.8
35.38,-65.4
35.3833,-60.3
35.3867,-72.6
35.39,-42.6
35.3933,-64.8
35.3967,-75
35.4,-69.6
35.4033,-67.8
35.4067,-67.2
35.41,-67.5
35.4133,-63.3
35.4167,-66.3
35.42,-58.2
35.4233,-74.1
35.4267,-60
35.43,-67.2
35.4333,-61.5
35.4367,-60.9
35.44,-55.2
35.4433,-69
35.4467,-58.8
35.45,-69.3
35.4533,-71.4
35.4567,-70.8
35.46,-66.9
35.4633,-67.8
35.4667,-63.3
35.47,-67.5
35.4733,-63.6
35.4767,-64.2
35.48,-69.6
35.4833,-70.8
35.4867,-60.9
35.49,-63.9
35.4933,-66.3
35.4967,-67.8
35.5,-60.3
35.5033,-67.2
35.5067,-66
35.51,-58.8
35.5133,-61.5
35.5167,-69.3
35.52,-55.2
35.5233,-63
35.5267,-60.3
35.53,-66.9
35.5333,-62.7
35.5367,-75.9
35.54,-65.7
35.5433,-64.5
35.5467,-55.2
35.55,-59.4
35.5533,-69.6
35.5567,-75.9
35.56,-72.3
35.5633,-61.8
35.5667,-67.5
35.57,-66.9
35.5733,-69.3
35.5767,-61.5
35.58,-63
35.5833,-62.7
35.5867,-73.5
35.59,-70.8
35.5933,-63.3
35.5967,-69.3
35.6,-69.3
35.6033,-67.5
35.6067,-73.2
35.61,-69
35.6133,-71.4
35.6167,-67.5
35.62,-63
35.6233,-67.5
35.6267,-60.6
35.63,-69
35.6333,-69
35.6367,-62.4
35.64,-68.1
35.6433,-65.7
35.6467,-62.7
35.65,-63.9
35.6533,-66
35.6567,-61.8
35.66,-67.2
35.6633,-65.4
35.6667,-59.4
35.67,-72.9
35.6733,-52.2
35.6767,-48
35.68,-64.8
35.6833,-69
35.6867,-58.2
35.69,-79.2
35.6933,-68.4
35.6967,-65.7
35.7,-70.5
35.7033,-65.4
35.7067,-70.8
35.71,-59.1
35.7133,-71.4
35.7167,-64.2
35.72,-79.2
35.7233,-59.7
35.7267,-63.3
35.73,-67.2
35.7333,-64.2
35.7367,-61.8
35.74,-72.6
35.7433,-66.6
35.7467,-70.2
35.75,-65.1
35.7533,-75.3
35.7567,-61.2
35.76,-69.6
35.7633,-58.5
35.7667,-63
35.77,-69.6
35.7733,-69.3
35.7767,-63.3
35.78,-65.1
35.7833,-65.4
35.7867,-67.8
35.79,-62.1
35.7933,-68.7
35.7967,-63.6
35.8,-71.4
35.8033,-59.1
35.8067,-57
35.81,-58.2
35.8133,-58.8
35.8167,-66.3
35.82,-77.1
35.8233,-63
35.8267,-73.5
35.83,-64.2
35.8333,-77.7
35.8367,-71.1
35.84,-67.2
35.8433,-66.6
35.8467,-73.2
35.85,-67.5
35.8533,-67.8
35.8567,-63.9
35.86,-73.5
35.8633,-73.2
35.8667,-72
35.87,-71.7
35.8733,-67.5
35.8767,-67.8
35.88,-69.3
35.8833,-62.7
35.8867,-68.1
35.89,-66.6
35.8933,-66.9
35.8967,-72.9
35.9,-69.6
35.9033,-63.6
35.9067,-70.2
35.91,-63.3
35.9133,-68.1
35.9167,-63.6
35.92,-69.9
35.9233,-66.3
35.9267,-67.2
35.93,-65.1
35.9333,-67.2
35.9367,-68.1
35.94,-71.7
35.9433,-68.4
35.9467,-79.2
35.95,-52.5
35.9533,-54
35.9567,-64.5
35.96,-85.2
35.9633,-65.7
35.9667,-63.6
35.97,-58.2
35.9733,-76.8
35.9767,-68.4
35.98,-73.8
35.9833,-66
35.9867,-72.3
35.99,-63
35.9933,-67.5
35.9967,-67.8
36,-65.1
36.0033,-71.4
36.0067,-66.9
36.01,-68.1
36.0133,-67.5
36.0167,-75.9
36.02,-65.4
36.0233,-66.3
36.0267,-63.3
36.03,-69
36.0333,-64.2
36.0367,-59.4
36.04,-69.9
36.0433,-64.2
36.0467,-64.5
36.05,-65.7
36.0533,-67.5
36.0567,-67.5
36.06,-63
36.0633,-57.9
36.0667,-66.3
36.07,-58.5
36.0733,-62.1
36.0767,-61.2
36.08,-60
36.0833,-61.5
36.0867,-53.7
36.09,-50.7
36.0933,-52.8
36.0967,-54.3
36.1,-55.2
36.1033,-44.4
36.1067,-53.7
36.11,-64.8
36.1133,-53.1
36.1167,-56.4
36.12,-64.8
36.1233,-53.1
36.1267,-57.9
36.13,-54
36.1333,-59.1
36.1367,-60.9
36.14,-59.1
36.1433,-60
36.1467,-59.7
36.15,-58.2
36.1533,-58.2
36.1567,-54.3
36.16,-66.9
36.1633,-60
36.1667,-54.9
36.17,-55.8
36.1733,-59.7
36.1767,-61.2
36.18,-58.2
36.1833,-59.4
36.1867,-54
36.19,-59.4
36.1933,-64.5
36.1967,-62.1
36.2,-61.2
36.2033,-59.7
36.2067,-58.8
36.21,-66
36.2133,-60.9
36.2167,-58.2
36.22,-61.2
36.2233,-57
36.2267,-54.9
36.23,-66.9
36.2333,-63
36.2367,-53.1
36.24,-52.2
36.2433,-52.5
36.2467,-59.1
36.25,-60.6
36.2533,-67.8
36.2567,-67.2
36.26,-65.1
36.2633,-61.8
36.2667,-59.1
36.27,-49.5
36.2733,-55.2
36.2767,-75
36.28,-63.6
36.2833,-49.5
36.2867,-57.3
36.29,-62.1
36.2933,-61.5
36.2967,-61.5
36.3,-61.8
36.3033,-61.2
36.3067,-57.9
36.31,-60.3
36.3133,-57.3
36.3167,-63.6
36.32,-62.7
36.3233,-59.4
36.3267,-57.3
36.33,-63.6
36.3333,-64.5
36.3367,-59.7
36.34,-61.5
36.3433,-60.3
36.3467,-60.6
36.35,-62.4
36.3533,-62.1
36.3567,-65.4
36.36,-60.9
36.3633,-54.9
36.3667,-65.1
36.37,-38.1
36.3733,-60.9
36.3767,-63.9
36.38,-71.1
36.3833,-56.4
36.3867,-66.3
36.39,-65.1
36.3933,-69.3
36.3967,-59.7
36.4,-63.3
36.4033,-65.1
36.4067,-59.1
36.41,-62.4
36.4133,-61.2
36.4167,-59.7
36.42,-63.6
36.4233,-63.6
36.4267,-57.6
36.43,-71.1
36.4333,-70.2
36.4367,-67.5
36.44,-69.9
36.4433,-64.2
36.4467,-61.8
36.45,-66.6
36.4533,-68.4
36.4567,-62.1
36.46,-65.1
36.4633,-63.9
36.4667,-63.3
36.47,-60.9
36.4733,-67.5
36.4767,-70.2
36.48,-59.7
36.4833,-63.9
36.4867,-64.5
36.49,-65.4
36.4933,-60
36.4967,-64.8
36.5,-78.6
36.5033,-54
36.5067,-57.3
36.51,-76.8
36.5133,-70.5
36.5167,-45
36.52,-76.8
36.5233,-70.2
36.5267,-67.5
36.53,-65.7
36.5333,-61.5
36.5367,-60.3
36.54,-51.3
36.5433,-28.8
36.5467,-76.2
36.55,-84.6
36.5533,-71.4
36.5567,-78.3
36.56,-74.7
36.5633,-72
36.5667,-70.8
36.57,-71.4
36.5733,-77.7
36.5767,-66
36.58,-68.4
36.5833,-66.6
36.5867,-66.6
36.59,-67.5
36.5933,-69
36.5967,-71.7
36.6,-64.8
36.6033,-64.2
36.6067,-73.8
36.61,-67.8
36.6133,-75
36.6167,-70.2
36.62,-67.5
36.6233,-60.9
36.6267,-62.4
36.63,-72
36.6333,-70.2
36.6367,-78.3
36.64,-51.3
36.6433,-52.8
36.6467,-51
36.65,-82.5
36.6533,-65.4
36.6567,-69.9
36.66,-78
36.6633,-67.8
36.6667,-69
36.67,-63.9
36.6733,-67.2
36.6767,-67.2
36.68,-67.8
36.6833,-70.5
36.6867,-64.5
36.69,-59.1
36.6933,-71.1
36.6967,-61.8
36.7,-73.2
36.7033,-71.7
36.7067,-69.6
36.71,-66
36.7133,-71.1
36.7167,-63.9
36.72,-66.9
36.7233,-60.9
36.7267,-66.9
36.73,-66.6
36.7333,-64.5
36.7367,-69.6
36.74,-63
36.7433,-60.3
36.7467,-60.3
36.75,-62.1
36.7533,-69.9
36.7567,-67.8
36.76,-62.4
36.7633,-57.6
36.7667,-64.5
36.77,-72
36.7733,-64.2
36.7767,-68.4
36.78,-68.7
36.7833,-68.7
36.7867,-62.4
36.79,-62.7
36.7933,-68.4
36.7967,-61.8
36.8,-61.5
36.8033,-67.8
36.8067,-76.5
36.81,-66.6
36.8133,-65.4
36.8167,-71.1
36.82,-67.8
36.8233,-59.7
36.8267,-70.8
36.83,-73.2
36.8333,-62.1
36.8367,-72
36.84,-64.8
36.8433,-62.7
36.8467,-66.3
36.85,-61.8
36.8533,-65.4
36.8567,-63.9
36.86,-63
36.8633,-59.1
36.8667,-68.7
36.87,-60.9
36.8733,-63.3
36.8767,-62.4
36.88,-61.8
36.8833,-57
36.8867,-57.6
36.89,-64.8
36.8933,-62.7
36.8967,-66.9
36.9,-61.2
36.9033,-55.5
36.9067,-55.8
36.91,-57.9
36.9133,-45
36.9167,-81.3
36.92,-72.3
36.9233,-67.8
36.9267,-70.8
36.93,-57.3
36.9333,-62.7
36.9367,-68.1
36.94,-70.8
36.9433,-62.4
36.9467,-69.6
36.95,-69.6
36.9533,-66.9
36.9567,-69.9
36.96,-64.5
36.9633,-64.5
36.9667,-62.7
36.97,-65.4
36.9733,-67.5
36.9767,-64.2
36.98,-61.2
36.9833,-63.3
36.9867,-65.1
36.99,-60.6
36.9933,-69.6
36.9967,-64.8
37,-65.7
37.0033,-61.5
37.0067,-56.7
37.01,-60.9
37.0133,-67.2
37.0167,-63.3
37.02,-62.4
37.0233,-56.7
37.0267,-67.2
37.03,-58.2
37.0333,-62.1
37.0367,-68.7
37.04,-62.1
37.0433,-68.4
37.0467,-42.6
37.05,-56.1
37.0533,-69.9
37.0567,-65.7
37.06,-65.4
37.0633,-71.7
37.0667,-71.7
37.07,-72.6
37.0733,-71.7
37.0767,-57.3
37.08,-73.5
37.0833,-55.2
37.0867,-75.9
37.09,-64.8
37.0933,-69.9
37.0967,-68.4
37.1,-72.3
37.1033,-61.2
37.1067,-61.2
37.11,-64.8
37.1133,-62.1
37.1167,-66.3
37.12,-62.7
37.1233,-67.5
37.1267,-68.1
37.13,-66.6
37.1333,-64.8
37.1367,-62.1
37.14,-66.9
37.1433,-64.5
37.1467,-60.6
37.15,-67.5
37.1533,-71.4
37.1567,-62.7
37.16,-66
37.1633,-61.2
37.1667,-67.8
37.17,-63.3
37.1733,-69.3
37.1767,-64.8
37.18,-65.1
37.1833,-61.2
37.1867,-65.7
37.19,-58.8
37.1933,-62.4
37.1967,-59.7
37.2,-61.5
37.2033,-53.4
37.2067,-63
37.21,-65.7
37.2133,-71.4
37.2167,-58.5
37.22,-66.3
37.2233,-55.8
37.2267,-74.4
37.23,-55.5
37.2333,-67.5
37.2367,-69.9
37.24,-65.4
37.2433,-60.3
37.2467,-66.6
37.25,-65.1
37.2533,-69.9
37.2567,-62.1
37.26,-59.1
37.2633,-65.1
37.2667,-60.9
37.27,-68.7
37.2733,-67.8
37.2767,-63.6
37.28,-62.1
37.2833,-64.2
37.2867,-70.8
37.29,-62.1
37.2933,-69.3
37.2967,-63.3
37.3,-64.8
37.3033,-64.8
37.3067,-67.2
37.31,-66.3
37.3133,-70.8
37.3167,-63.3
37.32,-64.8
37.3233,-59.4
37.3267,-65.7
37.33,-60
37.3333,-71.4
37.3367,-72
37.34,-60.6
37.3433,-61.2
37.3467,-67.8
37.35,-75.9
37.3533,-66.6
37.3567,-66
37.36,-63.9
37.3633,-69
37.3667,-79.8
37.37,-71.7
37.3733,-70.8
37.3767,-69.3
37.38,-71.7
37.3833,-58.8
37.3867,-69.3
37.39,-72
37.3933,-70.2
37.3967,-70.5
37.4,-73.2
37.4033,-68.1
37.4067,-60.6
37.41,-70.2
37.4133,-71.7
37.4167,-69.3
37.42,-71.7
37.4233,-64.2
37.4267,-72.6
37.43,-63.3
37.4333,-72.3
37.4367,-69
37.44,-67.5
37.4433,-65.7
37.4467,-71.7
37.45,-66.3
37.4533,-72.3
37.4567,-57.9
37.46,-55.5
37.4633,-65.4
37.4667,-68.4
37.47,-45
37.4733,-79.8
37.4767,-74.7
37.48,-69.9
37.4833,-66.3
37.4867,-68.7
37.49,-72
37.4933,-68.4
37.4967,-66.3
37.5,-58.2
37.5033,-70.2
37.5067,-53.1
37.51,-58.8
37.5133,-80.1
37.5167,-71.1
37.52,-75.3
37.5233,-67.2
37.5267,-68.1
37.53,-69
37.5333,-71.4
37.5367,-74.1
37.54,-69.9
37.5433,-71.1
37.5467,-70.5
37.55,-71.1
37.5533,-72
37.5567,-65.1
37.56,-65.4
37.5633,-65.1
37.5667,-65.7
37.57,-69.6
37.5733,-72.3
37.5767,-74.4
37.58,-63.3
37.5833,-64.8
37.5867,-61.8
37.59,-60.9
37.5933,-67.2
37.5967,-60.3
37.6,-50.7
37.6033,-57
37.6067,-67.5
37.61,-78.9
37.6133,-76.8
37.6167,-82.5
37.62,-70.8
37.6233,-64.2
37.6267,-72.9
37.63,-68.7
37.6333,-69.6
37.6367,-68.7
37.64,-74.7
37.6433,-60.6
37.6467,-75.6
37.65,-75
37.6533,-64.2
37.6567,-71.1
37.66,-73.8
37.6633,-69.6
37.6667,-56.1
37.67,-75.3
37.6733,-68.4
37.6767,-65.7
37.68,-69.3
37.6833,-72.6
37.6867,-72.6
37.69,-72.9
37.6933,-73.2
37.6967,-65.7
37.7,-68.7
37.7033,-72.3
37.7067,-68.7
37.71,-74.1
37.7133,-78.9
37.7167,-66
37.72,-75.6
37.7233,-68.1
37.7267,-69
37.73,-65.4
37.7333,-69.6
37.7367,-67.2
37.74,-71.7
37.7433,-67.8
37.7467,-59.7
37.75,-67.8
37.7533,-66.9
37.7567,-74.4
37.76,-48.6
37.7633,-63.6
37.7667,-78
37.77,-70.5
37.7733,-78
37.7767,-71.4
37.78,-61.8
37.7833,-78.6
37.7867,-76.5
37.79,-72
37.7933,-71.4
37.7967,-75.6
37.8,-74.7
37.8033,-78
37.8067,-73.2
37.81,-64.5
37.8133,-70.8
37.8167,-71.4
37.82,-78.9
37.8233,-72.9
37.8267,-72
37.83,-73.5
37.8333,-72.3
37.8367,-78.3
37.84,-73.5
37.8433,-69.3
37.8467,-70.5
37.85,-75.9
37.8533,-76.2
37.8567,-71.7
37.86,-70.2
37.8633,-66.3
37.8667,-72
37.87,-66.6
37.8733,-68.7
37.8767,-70.8
37.88,-71.4
37.8833,-68.4
37.8867,-64.2
37.89,-78.6
37.8933,-79.8
37.8967,-76.8
37.9,-69.3
37.9033,-81.3
37.9067,-78.9
37.91,-77.4
37.9133,-77.7
37.9167,-62.1
37.92,-79.2
37.9233,-79.2
37.9267,-72.6
37.93,-71.7
37.9333,-77.1
37.9367,-73.2
37.94,-81.6
37.9433,-75.9
37.9467,-71.1
37.95,-75.9
37.9533,-73.2
37.9567,-78.9
37.96,-75.9
37.9633,-72.6
37.9667,-74.1
37.97,-67.2
37.9733,-79.5
37.9767,-73.2
37.98,-77.1
37.9833,-70.8
37.9867,-70.8
37.99,-77.1
37.9933,-82.5
37.9967,-76.2
38,-72.6
38.0033,-76.5
38.0067,-72.9
38.01,-75.6
38.0133,-81.9
38.0167,-74.4
38.02,-64.8
38.0233,-58.5
38.0267,-76.8
38.03,-63.6
38.0333,-75.6
38.0367,-75.6
38.04,-83.4
38.0433,-68.7
38.0467,-73.8
38.05,-73.8
38.0533,-85.2
38.0567,-77.1
38.06,-67.8
38.0633,-62.4
38.0667,-81
38.07,-80.7
38.0733,-79.5
38.0767,-69.3
38.08,-74.4
38.0833,-75
38.0867,-75
38.09,-79.5
38.0933,-71.1
38.0967,-76.8
38.1,-73.2
38.1033,-75.3
38.1067,-73.8
38.11,-71.7
38.1133,-69
38.1167,-82.2
38.12,-72
38.1233,-69.6
38.1267,-69.9
38.13,-75.6
38.1333,-69
38.1367,-74.4
38.14,-75
38.1433,-62.4
38.1467,-67.8
38.15,-77.1
38.1533,-73.2
38.1567,-67.2
38.16,-76.5
38.1633,-54.3
38.1667,-78.6
38.17,-63.3
38.1733,-69.9
38.1767,-81.6
38.18,-69.6
38.1833,-76.8
38.1867,-67.5
38.19,-74.1
38.1933,-68.1
38.1967,-68.4
38.2,-65.7
38.2033,-59.7
38.2067,-70.8
38.21,-69.6
38.2133,-71.4
38.2167,-62.1
38.22,-75
38.2233,-70.8
38.2267,-72.9
38.23,-62.4
38.2333,-70.5
38.2367,-72.9
38.24,-67.8
38.2433,-67.8
38.2467,-66.6
38.25,-72.9
38.2533,-73.2
38.2567,-67.8
38.26,-66
38.2633,-71.1
38.2667,-66.9
38.27,-64.8
38.2733,-74.7
38.2767,-68.1
38.28,-64.8
38.2833,-63
38.2867,-66.6
38.29,-69.9
38.2933,-66.3
38.2967,-66.3
38.3,-49.2
38.3033,-64.5
38.3067,-57
38.31,-78.9
38.3133,-70.5
38.3167,-70.2
38.32,-78.6
38.3233,-65.4
38.3267,-57.3
38.33,-62.1
38.3333,-78.9
38.3367,-72.6
38.34,-54.6
38.3433,-57
38.3467,-80.4
38.35,-75
38.3533,-65.4
38.3567,-74.1
38.36,-60.9
38.3633,-76.5
38.3667,-70.5
38.37,-73.8
38.3733,-66.6
38.3767,-70.8
38.38,-67.2
38.3833,-74.7
38.3867,-76.5
38.39,-70.5
38.3933,-74.1
38.3967,-74.4
38.4,-71.4
38.4033,-71.1
38.4067,-76.5
38.41,-76.2
38.4133,-68.7
38.4167,-74.4
38.42,-70.8
38.4233,-64.5
38.4267,-72
38.43,-70.2
38.4333,-75.6
38.4367,-59.7
38.44,-65.4
38.4433,-55.5
38.4467,-88.2
38.45,-65.1
38.4533,-78.3
38.4567,-74.1
38.46,-71.1
38.4633,-74.7
38.4667,-76.2
38.47,-78.6
38.4733,-81.6
38.4767,-71.1
38.48,-72.6
38.4833,-72
38.4867,-60.9
38.49,-76.8
38.4933,-84.3
38.4967,-78.3
38.5,-72
38.5033,-71.4
38.5067,-79.2
38.51,-81.9
38.5133,-76.2
38.5167,-78.3
38.52,-73.8
38.5233,-78
38.5267,-75.9
38.53,-75
38.5333,-71.7
38.5367,-77.7
38.54,-74.1
38.5433,-72.3
38.5467,-73.8
38.55,-78.9
38.5533,-76.8
38.5567,-77.4
38.56,-76.2
38.5633,-79.2
38.5667,-67.8
38.57,-75.9
38.5733,-75.3
38.5767,-58.8
38.58,-79.5
38.5833,-71.4
38.5867,-69.9
38.59,-72.6
38.5933,-84.3
38.5967,-76.8
38.6,-77.4
38.6033,-83.4
38.6067,-70.5
38.61,-84.3
38.6133,-77.4
38.6167,-78.3
38.62,-69.9
38.6233,-77.1
38.6267,-78
38.63,-80.4
38.6333,-73.5
38.6367,-75.3
38.64,-75
38.6433,-71.4
38.6467,-78.3
38.65,-74.7
38.6533,-81
38.6567,-76.8
38.66,-73.8
38.6633,-78.9
38.6667,-73.5
38.67,-78.3
38.6733,-80.4
38.6767,-76.2
38.68,-72.3
38.6833,-76.8
38.6867,-74.1
38.69,-80.4
38.6933,-75.6
38.6967,-74.7
38.7,-79.2
38.7033,-77.4
38.7067,-73.5
38.71,-80.7
38.7133,-77.1
38.7167,-56.7
38.72,-72.6
38.7233,-63
38.7267,-75.6
38.73,-77.7
38.7333,-78
38.7367,-82.2
38.74,-60.9
38.7433,-75.3
38.7467,-77.7
38.75,-74.7
38.7533,-80.4
38.7567,-70.5
38.76,-74.4
38.7633,-72.3
38.7667,-71.7
38.77,-72.3
38.7733,-83.7
38.7767,-60.9
38.78,-72.9
38.7833,-81.6
38.7867,-76.5
38.79,-77.7
38.7933,-72.9
38.7967,-75
38.8,-72.9
38.8033,-75.9
38.8067,-74.1
38.81,-75
38.8133,-76.8
38.8167,-80.1
38.82,-71.1
38.8233,-73.8
38.8267,-74.4
38.83,-78.6
38.8333,-70.5
38.8367,-77.1
38.84,-75.6
38.8433,-68.4
38.8467,-68.4
38.85,-84
38.8533,-65.1
38.8567,-84
38.86,-64.8
38.8633,-68.1
38.8667,-72.6
38.87,-90.9
38.8733,-63.3
38.8767,-81.9
38.88,-80.7
38.8833,-83.1
38.8867,-62.7
38.89,-71.7
38.8933,-85.8
38.8967,-81
38.9,-74.4
38.9033,-74.1
38.9067,-70.5
38.91,-80.7
38.9133,-81
38.9167,-80.7
38.92,-72
38.9233,-76.8
38.9267,-71.1
38.93,-77.4
38.9333,-78.9
38.9367,-78
38.94,-72
38.9433,-73.5
38.9467,-75.3
38.95,-80.7
38.9533,-76.5
38.9567,-75.3
38.96,-72.9
38.9633,-77.1
38.9667,-74.1
38.97,-77.4
38.9733,-81.9
38.9767,-74.7
38.98,-77.7
38.9833,-77.1
38.9867,-66.3
38.99,-63
38.9933,-70.5
38.9967,-75
39,-74.4
39.0033,-81
39.0067,-71.7
39.01,-76.8
39.0133,-78
39.0167,-75.9
39.02,-81.6
39.0233,-52.8
39.0267,-78.6
39.03,-86.1
39.0333,-80.7
39.0367,-76.5
39.04,-73.8
39.0433,-71.1
39.0467,-73.2
39.05,-75
39.0533,-76.5
39.0567,-75.9
39.06,-69.3
39.0633,-77.1
39.0667,-71.7
39.07,-80.1
39.0733,-70.2
39.0767,-75.3
39.08,-69.9
39.0833,-77.1
39.0867,-72.6
39.09,-79.2
39.0933,-72
39.0967,-74.7
39.1,-73.2
39.1033,-78.9
39.1067,-75.3
39.11,-74.7
39.1133,-78.3
39.1167,-73.2
39.12,-67.5
39.1233,-75.9
39.1267,-66
39.13,-67.2
39.1333,-70.8
39.1367,-81.9
39.14,-68.4
39.1433,-75.6
39.1467,-79.5
39.15,-72.6
39.1533,-65.1
39.1567,-73.5
39.16,-69.6
39.1633,-81.6
39.1667,-64.2
39.17,-60
39.1733,-82.5
39.1767,-79.5
39.18,-72.3
39.1833,-78
39.1867,-72.9
39.19,-78
39.1933,-75.3
39.1967,-72.3
39.2,-76.2
39.2033,-76.8
39.2067,-71.7
39.21,-79.5
39.2133,-73.5
39.2167,-70.2
39.22,-70.2
39.2233,-70.8
39.2267,-77.1
39.23,-73.2
39.2333,-74.7
39.2367,-73.8
39.24,-70.8
39.2433,-74.4
39.2467,-69.9
39.25,-75
39.2533,-78.3
39.2567,-66.9
39.26,-70.8
39.2633,-74.4
39.2667,-71.7
39.27,-76.2
39.2733,-74.4
39.2767,-80.4
39.28,-85.2
39.2833,-70.8
39.2867,-70.8
39.29,-83.4
39.2933,-70.8
39.2967,-69.3
39.3,-59.4
39.3033,-78.9
39.3067,-72.3
39.31,-79.5
39.3133,-74.4
39.3167,-66
39.32,-73.5
39.3233,-66
39.3267,-68.7
39.33,-72
39.3333,-73.2
39.3367,-73.5
39.34,-71.1
39.3433,-68.7
39.3467,-74.7
39.35,-73.5
39.3533,-69.6
39.3567,-73.5
39.36,-67.5
39.3633,-75
39.3667,-67.5
39.37,-69.9
39.3733,-65.1
39.3767,-73.5
39.38,-66.9
39.3833,-70.8
39.3867,-67.8
39.39,-78
39.3933,-69
39.3967,-72.6
39.4,-68.4
39.4033,-73.2
39.4067,-66
39.41,-83.4
39.4133,-69.6
39.4167,-61.5
39.42,-67.5
39.4233,-89.4
39.4267,-69.9
39.43,-77.4
39.4333,-75.6
39.4367,-86.7
39.44,-64.8
39.4433,-68.7
39.4467,-75.9
39.45,-65.1
39.4533,-87.6
39.4567,-79.5
39.46,-76.5
39.4633,-72.3
39.4667,-70.2
39.47,-86.4
39.4733,-69.9
39.4767,-75
39.48,-64.5
39.4833,-75.9
39.4867,-68.1
39.49,-75.3
39.4933,-75.3
39.4967,-74.4
39.5,-71.4
39.5033,-73.2
39.5067,-71.4
39.51,-72.9
39.5133,-71.1
39.5167,-69
39.52,-74.1
39.5233,-71.7
39.5267,-75.9
39.53,-73.8
39.5333,-71.1
39.5367,-74.4
39.54,-67.8
39.5433,-75.3
39.5467,-62.4
39.55,-73.5
39.5533,-64.8
39.5567,-55.5
39.56,-68.4
39.5633,-74.4
39.5667,-71.1
39.57,-75.3
39.5733,-82.2
39.5767,-69.3
39.58,-78.3
39.5833,-65.1
39.5867,-72
39.59,-72
39.5933,-74.4
39.5967,-68.7
39.6,-66
39.6033,-69.3
39.6067,-75.9
39.61,-75.9
39.6133,-77.4
39.6167,-66.6
39.62,-75
39.6233,-70.2
39.6267,-75.6
39.63,-74.4
39.6333,-72.3
39.6367,-71.4
39.64,-74.7
39.6433,-70.2
39.6467,-74.1
39.65,-69
39.6533,-73.8
39.6567,-66.9
39.66,-72.3
39.6633,-65.4
39.6667,-74.1
39.67,-71.1
39.6733,-71.1
39.6767,-71.1
39.68,-67.5
39.6833,-63.3
39.6867,-66.6
39.69,-81
39.6933,-71.4
39.6967,-76.5
39.7,-50.7
39.7033,-80.1
39.7067,-81
39.71,-80.1
39.7133,-80.7
39.7167,-73.8
39.72,-72.9
39.7233,-76.2
39.7267,-62.7
39.73,-70.2
39.7333,-78
39.7367,-82.8
39.74,-74.1
39.7433,-79.8
39.7467,-75.3
39.75,-77.7
39.7533,-75
39.7567,-78.6
39.76,-74.4
39.7633,-74.4
39.7667,-80.1
39.77,-78.3
39.7733,-69.3
39.7767,-73.8
39.78,-78.9
39.7833,-80.1
39.7867,-73.5
39.79,-77.7
39.7933,-79.8
39.7967,-75.9
39.8,-73.8
39.8033,-75
39.8067,-75
39.81,-74.7
39.8133,-67.2
39.8167,-76.5
39.82,-63.6
39.8233,-72.6
39.8267,-73.2
39.83,-64.2
39.8333,-79.5
39.8367,-82.2
39.84,-83.4
39.8433,-70.2
39.8467,-69
39.85,-82.8
39.8533,-79.2
39.8567,-78
39.86,-62.4
39.8633,-73.5
39.8667,-79.8
39.87,-89.1
39.8733,-74.4
39.8767,-77.4
39.88,-75.9
39.8833,-77.1
39.8867,-77.7
39.89,-84.9
39.8933,-75.9
39.8967,-76.2
39.9,-78.6
39.9033,-75
39.9067,-74.1
39.91,-75.6
39.9133,-81
39.9167,-77.1
39.92,-80.4
39.9233,-76.5
39.9267,-84.3
39.93,-78.9
39.9333,-82.5
39.9367,-81
39.94,-82.8
39.9433,-77.7
39.9467,-78.9
39.95,-86.7
39.9533,-86.4
39.9567,-80.7
39.96,-68.1
39.9633,-68.4
39.9667,-72.6
39.97,-91.8
39.9733,-95.1
39.9767,-91.5
39.98,-77.4
39.9833,-84.6
39.9867,-86.4
39.99,-79.5
39.9933,-90
39.9967,-87.9
40,-82.5
40.0033,-86.7
40.0067,-73.2
40.01,-90.6
40.0133,-90.6
40.0167,-83.4
40.02,-84
40.0233,-85.8
40.0267,-86.1
40.03,-86.1
40.0333,-87.3
40.0367,-81.3
40.04,-75.3
40.0433,-80.7
40.0467,-86.4
40.05,-84.3
40.0533,-84.6
40.0567,-83.7
40.06,-82.2
40.0633,-82.2
40.0667,-85.8
40.07,-86.4
40.0733,-88.2
40.0767,-94.2
40.08,-80.4
40.0833,-82.2
40.0867,-85.5
40.09,-84.6
40.0933,-91.8
40.0967,-82.8
40.1,-69.3
40.1033,-74.4
40.1067,-90.9
40.11,-89.1
40.1133,-87.9
40.1167,-88.2
40.12,-86.4
40.1233,-90.9
40.1267,-67.2
40.13,-89.4
40.1333,-97.5
40.1367,-78
40.14,-88.2
40.1433,-79.2
40.1467,-88.8
40.15,-94.8
40.1533,-87.6
40.1567,-90
40.16,-83.4
40.1633,-84
40.1667,-88.8
40.17,-86.1
40.1733,-88.8
40.1767,-87
40.18,-84.3
40.1833,-88.5
40.1867,-91.2
40.19,-87.6
40.1933,-91.2
40.1967,-90.9
40.2,-89.4
40.2033,-82.5
40.2067,-88.2
40.21,-85.2
40.2133,-90.3
40.2167,-84
40.22,-91.2
40.2233,-91.2
40.2267,-89.1
40.23,-89.7
40.2333,-87.9
40.2367,-88.5
40.24,-86.1
40.2433,-85.5
40.2467,-91.8
40.25,-76.8
40.2533,-86.7
40.2567,-89.7
40.26,-83.4
40.2633,-95.7
40.2667,-96.9
40.27,-83.7
40.2733,-93
40.2767,-83.1
40.28,-91.8
40.2833,-89.7
40.2867,-97.5
40.29,-88.5
40.2933,-92.4
40.2967,-91.5
40.3,-93
40.3033,-90
40.3067,-92.7
40.31,-98.7
40.3133,-89.7
40.3167,-84.9
40.32,-101.7
40.3233,-83.7
40.3267,-92.4
40.33,-91.5
40.3333,-90
40.3367,-90.3
40.34,-86.7
40.3433,-89.7
40.3467,-82.8
40.35,-91.2
40.3533,-96.9
40.3567,-84.6
40.36,-98.7
40.3633,-79.5
40.3667,-83.1
40.37,-94.8
40.3733,-91.8
40.3767,-90.9
40.38,-87
40.3833,-96
40.3867,-93.6
40.39,-96
40.3933,-86.7
40.3967,-86.4
40.4,-96.6
40.4033,-83.4
40.4067,-89.4
40.41,-90.9
40.4133,-80.7
40.4167,-75.9
40.42,-86.7
40.4233,-94.8
40.4267,-103.8
40.43,-92.7
40.4333,-91.2
40.4367,-94.5
40.44,-91.8
40.4433,-94.2
40.4467,-92.4
40.45,-91.2
40.4533,-92.7
40.4567,-90.3
40.46,-87.9
40.4633,-78.6
40.4667,-93.6
40.47,-91.8
40.4733,-86.7
40.4767,-88.5
40.48,-85.8
40.4833,-89.1
40.4867,-93.3
40.49,-91.8
40.4933,-95.4
40.4967,-92.4
40.5,-94.2
40.5033,-86.7
40.5067,-96.3
40.51,-90.6
40.5133,-91.2
40.5167,-79.2
40.52,-91.2
40.5233,-77.7
40.5267,-96.6
40.53,-82.8
40.5333,-94.8
40.5367,-95.7
40.54,-104.1
40.5433,-96.3
40.5467,-98.1
40.55,-90.3
40.5533,-98.1
40.5567,-85.5
40.56,-83.4
40.5633,-98.7
40.5667,-101.1
40.57,-98.1
40.5733,-86.4
40.5767,-95.4
40.58,-90
40.5833,-85.2
40.5867,-89.1
40.59,-96
40.5933,-91.5
40.5967,-87.9
40.6,-84.3
40.6033,-88.2
40.6067,-93
40.61,-91.2
40.6133,-90.3
40.6167,-88.5
40.62,-89.7
40.6233,-95.4
40.6267,-93
40.63,-93.3
40.6333,-94.5
40.6367,-84.6
40.64,-87.6
40.6433,-88.8
40.6467,-98.1
40.65,-96
40.6533,-91.5
40.6567,-81
40.66,-85.2
40.6633,-88.5
40.6667,-99.6
40.67,-104.1
40.6733,-89.1
40.6767,-82.8
40.68,-95.1
40.6833,-94.8
40.6867,-102.9
40.69,-93.6
40.6933,-96.6
40.6967,-80.1
40.7,-96.6
40.7033,-97.8
40.7067,-92.7
40.71,-99.3
40.7133,-101.1
40.7167,-88.8
40.72,-93.3
40.7233,-98.1
40.7267,-100.5
40.73,-103.5
40.7333,-96.6
40.7367,-95.1
40.74,-99.3
40.7433,-100.5
40.7467,-98.7
40.75,-100.5
40.7533,-99.9
40.7567,-96.6
40.76,-97.8
40.7633,-95.1
40.7667,-99
40.77,-100.2
40.7733,-96.3
40.7767,-92.4
40.78,-95.4
40.7833,-89.1
40.7867,-100.2
40.79,-93.6
40.7933,-99.9
40.7967,-87.6
40.8,-79.2
40.8033,-79.2
40.8067,-94.5
40.81,-107.7
40.8133,-99.6
40.8167,-93.9
40.82,-94.5
40.8233,-87.9
40.8267,-101.4
40.83,-100.2
40.8333,-97.8
40.8367,-85.2
40.84,-101.4
40.8433,-93.3
40.8467,-100.2
40.85,-94.2
40.8533,-101.7
40.8567,-90.9
40.86,-93.6
40.8633,-100.2
40.8667,-101.1
40.87,-97.5
40.8733,-98.4
40.8767,-95.4
40.88,-99.3
40.8833,-93.6
40.8867,-93.9
40.89,-96.9
40.8933,-96.6
40.8967,-94.8
40.9,-92.1
40.9033,-99.6
40.9067,-97.2
40.91,-96.3
40.9133,-97.5
40.9167,-96.6
40.92,-92.7
40.9233,-96.3
40.9267,-100.5
40.93,-89.1
40.9333,-100.8
40.9367,-91.2
40.94,-83.4
40.9433,-75.3
40.9467,-107.7
40.95,-105.9
40.9533,-100.2
40.9567,-78.9
40.96,-104.7
40.9633,-95.1
40.9667,-98.1
40.97,-89.1
40.9733,-94.2
40.9767,-94.2
40.98,-93.9
40.9833,-85.5
40.9867,-93.3
40.99,-82.8
40.9933,-87.6
40.9967,-96.6
41,-85.8
41.0033,-96.3
41.0067,-94.8
41.01,-91.2
41.0133,-88.5
41.0167,-93
41.02,-93
41.0233,-88.8
41.0267,-92.4
41.03,-94.5
41.0333,-92.4
41.0367,-87
41.04,-94.2
41.0433,-93
41.0467,-98.1
41.05,-87
41.0533,-91.8
41.0567,-94.2
41.06,-94.8
41.0633,-90.3
41.0667,-96
41.07,-96.6
41.0733,-87.6
41.0767,-84.6
41.08,-82.5
41.0833,-110.1
41.0867,-108.3
41.09,-103.5
41.0933,-80.4
41.0967,-100.2
41.1,-107.1
41.1033,-101.4
41.1067,-95.1
41.11,-102.9
41.1133,-101.4
41.1167,-92.7
41.12,-97.2
41.1233,-101.7
41.1267,-97.5
41.13,-99.3
41.1333,-99
41.1367,-101.7
41.14,-96
41.1433,-100.2
41.1467,-98.7
41.15,-94.5
41.1533,-101.1
41.1567,-94.2
41.16,-95.1
41.1633,-95.7
41.1667,-100.8
41.17,-93.9
41.1733,-92.1
41.1767,-90.6
41.18,-97.5
41.1833,-91.8
41.1867,-91.8
41.19,-91.5
41.1933,-96.9
41.1967,-88.2
41.2,-89.7
41.2033,-89.4
41.2067,-92.7
41.21,-87.9
41.2133,-92.7
41.2167,-94.8
41.22,-79.8
41.2233,-92.4
41.2267,-103.8
41.23,-98.7
41.2333,-90.9
41.2367,-99.3
41.24,-91.5
41.2433,-90.9
41.2467,-93
41.25,-96.9
41.2533,-96.6
41.2567,-96.3
41.26,-94.5
41.2633,-97.5
41.2667,-98.4
41.27,-96.6
41.2733,-96.9
41.2767,-90
41.28,-93.6
41.2833,-97.5
41.2867,-96
41.29,-96.9
41.2933,-95.7
41.2967,-92.1
41.3,-96.6
41.3033,-95.1
41.3067,-99.9
41.31,-88.8
41.3133,-94.2
41.3167,-96.3
41.32,-90.3
41.3233,-93.3
41.3267,-95.7
41.33,-94.8
41.3333,-96.9
41.3367,-90
41.34,-75.6
41.3433,-95.4
41.3467,-101.7
41.35,-85.2
41.3533,-98.1
41.3567,-73.5
41.36,-107.4
41.3633,-105.3
41.3667,-96
41.37,-104.4
41.3733,-96
41.3767,-98.7
41.38,-90.3
41.3833,-99.3
41.3867,-104.1
41.39,-96
41.3933,-86.4
41.3967,-89.4
41.4,-103.8
41.4033,-94.2
41.4067,-107.4
41.41,-91.8
41.4133,-91.8
41.4167,-97.8
41.42,-98.1
41.4233,-101.1
41.4267,-100.8
41.43,-96.9
41.4333,-99.3
41.4367,-91.2
41.44,-92.1
41.4433,-96.9
41.4467,-101.1
41.45,-91.2
41.4533,-93.6
41.4567,-92.4
41.46,-99.6
41.4633,-92.1
41.4667,-97.2
41.47,-96.3
41.4733,-94.8
41.4767,-90.6
41.48,-94.8
41.4833,-94.5
41.4867,-106.5
41.49,-92.1
41.4933,-91.8
41.4967,-80.7
41.5,-100.2
41.5033,-104.4
41.5067,-105.3
41.51,-91.2
41.5133,-99.9
41.5167,-92.4
41.52,-96
41.5233,-102
41.5267,-96.3
41.53,-97.8
41.5333,-100.5
41.5367,-103.8
41.54,-94.8
41.5433,-99.3
41.5467,-93.9
41.55,-97.5
41.5533,-105.9
41.5567,-89.7
41.56,-98.1
41.5633,-101.1
41.5667,-105.3
41.57,-101.7
41.5733,-96
41.5767,-98.1
41.58,-97.5
41.5833,-97.2
41.5867,-103.5
41.59,-96.3
41.5933,-97.5
41.5967,-94.2
41.6,-97.5
41.6033,-98.4
41.6067,-96.9
41.61,-100.2
41.6133,-98.7
41.6167,-89.1
41.62,-87.6
41.6233,-89.7
41.6267,-97.8
41.63,-88.2
41.6333,-101.7
41.6367,-94.2
41.64,-95.4
41.6433,-82.8
41.6467,-93.6
41.65,-97.2
41.6533,-94.2
41.6567,-92.4
41.66,-90.9
41.6633,-92.1
41.6667,-92.1
41.67,-98.1
41.6733,-81.6
41.6767,-102
41.68,-95.1
41.6833,-90.6
41.6867,-96.3
41.69,-90.3
41.6933,-91.5
41.6967,-90.9
41.7,-99
41.7033,-90
41.7067,-92.7
41.71,-90.9
41.7133,-94.2
41.7167,-87.3
41.72,-91.5
41.7233,-93.6
41.7267,-89.7
41.73,-91.8
41.7333,-92.7
41.7367,-87.6
41.74,-91.2
41.7433,-88.8
41.7467,-93.6
41.75,-89.4
41.7533,-93.9
41.7567,-89.7
41.76,-91.5
41.7633,-92.7
41.7667,-94.8
41.77,-84.9
41.7733,-88.8
41.7767,-91.2
41.78,-89.4
41.7833,-81
41.7867,-95.7
41.79,-104.7
41.7933,-90.6
41.7967,-93.6
41.8,-90.9
41.8033,-89.1
41.8067,-97.8
41.81,-96.6
41.8133,-100.5
41.8167,-94.2
41.82,-92.1
41.8233,-95.1
41.8267,-94.2
41.83,-93.9
41.8333,-90
41.8367,-91.5
41.84,-96.3
41.8433,-92.7
41.8467,-98.4
41.85,-93
41.8533,-91.2
41.8567,-89.4
41.86,-90.6
41.8633,-92.7
41.8667,-94.5
41.87,-89.4
41.8733,-94.2
41.8767,-91.2
41.88,-93.6
41.8833,-95.4
41.8867,-93.6
41.89,-93.6
41.8933,-92.1
41.8967,-89.7
41.9,-88.5
41.9033,-96.3
41.9067,-89.7
41.91,-84.6
41.9133,-71.4
41.9167,-94.5
41.92,-93.3
41.9233,-79.2
41.9267,-104.1
41.93,-96
41.9333,-94.2
41.9367,-96
41.94,-101.1
41.9433,-91.2
41.9467,-101.7
41.95,-101.4
41.9533,-91.2
41.9567,-91.2
41.96,-92.4
41.9633,-95.7
41.9667,-97.5
41.97,-93.3
41.9733,-94.5
41.9767,-97.8
41.98,-95.1
41.9833,-96.9
41.9867,-96.9
41.99,-91.2
41.9933,-93.6
41.9967,-97.8
42,-91.8
42.0033,-98.4
42.0067,-94.5
42.01,-101.7
42.0133,-98.7
42.0167,-93.9
42.02,-95.4
42.0233,-96.6
42.0267,-94.5
42.03,-99.3
42.0333,-98.7
42.0367,-90.9
42.04,-90.3
42.0433,-84.6
42.0467,-107.1
42.05,-97.2
42.0533,-89.4
42.0567,-78
42.06,-96.6
42.0633,-108.9
42.0667,-97.2
42.07,-91.5
42.0733,-95.4
42.0767,-92.7
42.08,-91.2
42.0833,-93
42.0867,-88.2
42.09,-90
42.0933,-93
42.0967,-89.1
42.1,-91.5
42.1033,-94.5
42.1067,-90.3
42.11,-87.9
42.1133,-94.8
42.1167,-93.3
42.12,-91.8
42.1233,-95.7
42.1267,-95.7
42.13,-98.7
42.1333,-85.2
42.1367,-87.3
42.14,-99
42.1433,-92.4
42.1467,-88.8
42.15,-90.3
42.1533,-90.9
42.1567,-93.3
42.16,-90.3
42.1633,-90
42.1667,-98.1
42.17,-90.9
42.1733,-90.6
42.1767,-80.1
42.18,-95.1
42.1833,-97.2
42.1867,-71.7
42.19,-88.2
42.1933,-96.6
42.1967,-94.5
42.2,-88.8
42.2033,-84.6
42.2067,-93.3
42.21,-105.9
42.2133,-92.4
42.2167,-92.4
42.22,-90.9
42.2233,-95.4
42.2267,-93.6
42.23,-91.2
42.2333,-97.2
42.2367,-96.9
42.24,-88.5
42.2433,-90.6
42.2467,-100.2
42.25,-92.7
42.2533,-101.4
42.2567,-97.2
42.26,-99
42.2633,-96.6
42.2667,-100.5
42.27,-94.8
42.2733,-96.9
42.2767,-99
42.28,-98.7
42.2833,-100.5
42.2867,-94.2
42.29,-97.8
42.2933,-93.3
42.2967,-93.3
42.3,-93.9
42.3033,-95.7
42.3067,-96.6
42.31,-96.3
42.3133,-90.3
42.3167,-91.8
42.32,-90.3
42.3233,-96
42.3267,-88.8
42.33,-81.3
42.3333,-91.2
42.3367,-105.9
42.34,-92.1
42.3433,-101.1
42.3467,-99
42.35,-85.8
42.3533,-95.4
42.3567,-96.3
42.36,-93.3
42.3633,-100.5
42.3667,-102.9
42.37,-99.3
42.3733,-90.9
42.3767,-93
42.38,-88.2
42.3833,-93
42.3867,-102.3
42.39,-93.3
42.3933,-92.7
42.3967,-96.3
42.4,-95.7
42.4033,-98.4
42.4067,-97.8
42.41,-96.9
42.4133,-88.8
42.4167,-90.3
42.42,-93.9
42.4233,-96
42.4267,-95.7
42.43,-91.8
42.4333,-91.8
42.4367,-89.1
42.44,-88.5
42.4433,-93
42.4467,-90.6
42.45,-94.5
42.4533,-88.8
42.4567,-78.9
42.46,-91.2
42.4633,-87.6
42.4667,-92.4
42.47,-94.5
42.4733,-67.5
42.4767,-91.2
42.48,-98.4
42.4833,-99.6
42.4867,-87
42.49,-79.5
42.4933,-80.4
42.4967,-110.4
42.5,-92.4
42.5033,-86.1
42.5067,-91.8
42.51,-88.8
42.5133,-88.5
42.5167,-92.4
42.52,-90.3
42.5233,-97.2
42.5267,-90.6
42.53,-93.9
42.5333,-88.2
42.5367,-96.6
42.54,-84.6
42.5433,-97.2
42.5467,-89.1
42.55,-96
42.5533,-87.6
42.5567,-90.9
42.56,-90
42.5633,-100.2
42.5667,-96
42.57,-88.5
42.5733,-84.6
42.5767,-88.5
42.58,-92.4
42.5833,-88.8
42.5867,-88.5
42.59,-87
42.5933,-81.9
42.5967,-82.8
42.6,-79.8
42.6033,-97.8
42.6067,-84
42.61,-95.1
42.6133,-75.3
42.6167,-100.5
42.62,-102.9
42.6233,-96.3
42.6267,-90.6
42.63,-90
42.6333,-86.1
42.6367,-81.3
42.64,-97.8
42.6433,-99.3
42.6467,-91.2
42.65,-93.3
42.6533,-85.5
42.6567,-91.2
42.66,-92.4
42.6633,-94.2
42.6667,-90.9
42.67,-96.6
42.6733,-87.9
42.6767,-89.7
42.68,-89.1
42.6833,-99
42.6867,-94.8
42.69,-93.6
42.6933,-90
42.6967,-88.2
42.7,-94.2
42.7033,-90.9
42.7067,-98.1
42.71,-90.9
42.7133,-88.8
42.7167,-87.9
42.72,-92.7
42.7233,-96
42.7267,-93.3
42.73,-86.1
42.7333,-75.6
42.7367,-86.1
42.74,-87.9
42.7433,-91.2
42.7467,-87.6
42.75,-96.9
42.7533,-92.7
42.7567,-88.8
42.76,-90.3
42.7633,-97.8
42.7667,-86.4
42.77,-95.7
42.7733,-81.3
42.7767,-72.3
42.78,-105.9
42.7833,-97.5
42.7867,-85.5
42.79,-97.8
42.7933,-93.6
42.7967,-90.6
42.8,-83.4
42.8033,-99.3
42.8067,-87.3
42.81,-92.1
42.8133,-87.9
42.8167,-89.1
42.82,-86.7
42.8233,-92.1
42.8267,-87.6
42.83,-89.7
42.8333,-84.6
42.8367,-84.9
42.84,-85.8
42.8433,-92.7
42.8467,-89.1
42.85,-89.4
42.8533,-84.3
42.8567,-87.3
42.86,-81.9
42.8633,-87.6
42.8667,-89.7
42.87,-84.9
42.8733,-87.3
42.8767,-80.4
42.88,-83.4
42.8833,-67.8
42.8867,-94.8
42.89,-78.3
42.8933,-91.2
42.8967,-99.3
42.9,-90.3
42.9033,-92.7
42.9067,-92.7
42.91,-84.9
42.9133,-89.4
42.9167,-85.5
42.92,-81.9
42.9233,-86.1
42.9267,-104.7
42.93,-94.2
42.9333,-88.5
42.9367,-85.8
42.94,-91.2
42.9433,-92.1
42.9467,-92.4
42.95,-92.1
42.9533,-87.3
42.9567,-88.8
42.96,-87.3
42.9633,-96.6
42.9667,-90.3
42.97,-95.1
42.9733,-90.3
42.9767,-88.8
42.98,-85.2
42.9833,-92.4
42.9867,-92.4
42.99,-93.3
42.9933,-86.4
42.9967,-88.2
43,-91.2
43.0033,-96.6
43.0067,-90.6
43.01,-91.8
43.0133,-83.1
43.0167,-92.7
43.02,-89.7
43.0233,-76.2
43.0267,-82.5
43.03,-100.2
43.0333,-92.1
43.0367,-92.4
43.04,-99
43.0433,-93.9
43.0467,-100.2
43.05,-91.2
43.0533,-84.6
43.0567,-84.6
43.06,-99.3
43.0633,-95.4
43.0667,-91.5
43.07,-93
43.0733,-93.9
43.0767,-87.6
43.08,-87.6
43.0833,-91.2
43.0867,-98.1
43.09,-98.7
43.0933,-93
43.0967,-95.1
43.1,-91.8
43.1033,-96.3
43.1067,-91.8
43.11,-91.8
43.1133,-88.5
43.1167,-90
43.12,-89.7
43.1233,-103.5
43.1267,-91.2
43.13,-94.5
43.1333,-90.9
43.1367,-97.2
43.14,-91.2
43.1433,-97.8
43.1467,-94.5
43.15,-86.4
43.1533,-80.1
43.1567,-90.6
43.16,-78.9
43.1633,-80.4
43.1667,-109.5
43.17,-96.9
43.1733,-88.2
43.1767,-86.1
43.18,-91.5
43.1833,-102.6
43.1867,-81
43.19,-93.6
43.1933,-88.5
43.1967,-87
43.2,-91.5
43.2033,-90
43.2067,-90.9
43.21,-92.1
43.2133,-88.5
43.2167,-93.3
43.22,-89.1
43.2233,-93.9
43.2267,-86.1
43.23,-90.6
43.2333,-89.7
43.2367,-93.6
43.24,-87.9
43.2433,-91.8
43.2467,-94.2
43.25,-96.3
43.2533,-88.2
43.2567,-94.8
43.26,-92.4
43.2633,-97.8
43.2667,-90
43.27,-94.2
43.2733,-96.6
43.2767,-97.8
43.28,-94.8
43.2833,-97.5
43.2867,-96.3
43.29,-78
43.2933,-86.4
43.2967,-72.3
43.3,-87.3
43.3033,-105.9
43.3067,-102.6
43.31,-84
43.3133,-86.4
43.3167,-94.8
43.32,-92.1
43.3233,-101.7
43.3267,-83.4
43.33,-81
43.3333,-93.3
43.3367,-104.7
43.34,-93
43.3433,-96
43.3467,-90.6
43.35,-90.6
43.3533,-91.2
43.3567,-92.7
43.36,-92.1
43.3633,-92.4
43.3667,-86.7
43.37,-94.2
43.3733,-87.6
43.3767,-94.8
43.38,-90.6
43.3833,-90.6
43.3867,-94.5
43.39,-86.4
43.3933,-89.4
43.3967,-92.1
43.4,-96.6
43.4033,-91.2
43.4067,-90.9
43.41,-89.7
43.4133,-96
43.4167,-88.8
43.42,-87.3
43.4233,-94.5
43.4267,-86.1
43.43,-86.4
43.4333,-77.7
43.4367,-88.8
43.44,-90
43.4433,-84.6
43.4467,-109.5
43.45,-100.8
43.4533,-95.4
43.4567,-93.6
43.46,-94.8
43.4633,-92.1
43.4667,-96.3
43.47,-88.2
43.4733,-90
43.4767,-87.6
43.48,-95.4
43.4833,-95.4
43.4867,-93.9
43.49,-93.6
43.4933,-88.8
43.4967,-94.2
43.5,-93.6
43.5033,-95.4
43.5067,-95.7
43.51,-96
43.5133,-90.9
43.5167,-94.2
43.52,-100.5
43.5233,-95.4
43.5267,-96.3
43.53,-87.6
43.5333,-89.7
43.5367,-93.3
43.54,-95.4
43.5433,-87.3
43.5467,-106.2
43.55,-99.3
43.5533,-98.1
43.5567,-87
43.56,-99
43.5633,-100.5
43.5667,-89.1
43.57,-86.4
43.5733,-97.2
43.5767,-95.1
43.58,-88.5
43.5833,-88.2
43.5867,-96.3
43.59,-94.8
43.5933,-94.8
43.5967,-100.8
43.6,-91.2
43.6033,-92.4
43.6067,-91.8
43.61,-95.7
43.6133,-90.9
43.6167,-91.8
43.62,-96
43.6233,-96.9
43.6267,-95.7
43.63,-96.6
43.6333,-93.3
43.6367,-99.3
43.64,-99.6
43.6433,-101.4
43.6467,-94.5
43.65,-101.4
43.6533,-94.2
43.6567,-96.3
43.66,-93.6
43.6633,-96
43.6667,-93.6
43.67,-97.2
43.6733,-88.8
43.6767,-97.2
43.68,-96.9
43.6833,-99
43.6867,-96.6
43.69,-93.6
43.6933,-88.8
43.6967,-99
43.7,-96.3
43.7033,-96.6
43.7067,-91.5
43.71,-87.6
43.7133,-96.6
43.7167,-94.2
43.72,-93.9
43.7233,-80.7
43.7267,-98.4
43.73,-96.6
43.7333,-99
43.7367,-90.9
43.74,-98.4
43.7433,-95.1
43.7467,-93.9
43.75,-93.6
43.7533,-96.9
43.7567,-83.4
43.76,-95.1
43.7633,-98.7
43.7667,-90
43.77,-88.2
43.7733,-89.1
43.7767,-92.4
43.78,-93.6
43.7833,-94.8
43.7867,-91.2
43.79,-87
43.7933,-90.3
43.7967,-88.5
43.8,-87
43.8033,-90.3
43.8067,-93.3
43.81,-91.5
43.8133,-90.6
43.8167,-95.1
43.82,-90.9
43.8233,-91.5
43.8267,-86.4
43.83,-92.1
43.8333,-88.5
43.8367,-83.4
43.84,-93
43.8433,-64.5
43.8467,-89.4
43.85,-93.9
43.8533,-83.7
43.8567,-92.1
43.86,-92.4
43.8633,-96
43.8667,-96.3
43.87,-79.8
43.8733,-93.9
43.8767,-87.6
43.88,-90.3
43.8833,-96.3
43.8867,-85.8
43.89,-87.6
43.8933,-88.2
43.8967,-93.9
43.9,-95.4
43.9033,-90.9
43.9067,-96
43.91,-87
43.9133,-93.6
43.9167,-93
43.92,-89.7
43.9233,-97.8
43.9267,-94.5
43.93,-92.1
43.9333,-88.8
43.9367,-93
43.94,-91.8
43.9433,-97.2
43.9467,-90
43.95,-81
43.9533,-81
43.9567,-105.6
43.96,-81.9
43.9633,-92.7
43.9667,-95.4
43.97,-93.6
43.9733,-77.4
43.9767,-94.2
43.98,-93.9
43.9833,-112.2
43.9867,-107.1
43.99,-98.7
43.9933,-100.5
43.9967,-93
44,-104.1
44.0033,-95.4
44.0067,-95.7
44.01,-96.6
44.0133,-99.3
44.0167,-94.5
44.02,-99
44.0233,-96.6
44.0267,-98.4
44.03,-94.2
44.0333,-90.9
44.0367,-93.9
44.04,-91.5
44.0433,-98.1
44.0467,-88.5
44.05,-94.8
44.0533,-97.5
44.0567,-92.4
44.06,-92.1
44.0633,-104.1
44.0667,-92.1
44.07,-92.1
44.0733,-91.8
44.0767,-94.2
44.08,-91.5
44.0833,-99.3
44.0867,-100.8
44.09,-91.2
44.0933,-91.2
44.0967,-93.9
44.1,-100.2
44.1033,-104.1
44.1067,-93
44.11,-93.3
44.1133,-81.3
44.1167,-91.5
44.12,-121.2
44.1233,-101.4
44.1267,-104.1
44.13,-101.7
44.1333,-96.9
44.1367,-89.7
44.14,-104.7
44.1433,-103.8
44.1467,-97.5
44.15,-96.3
44.1533,-90.9
44.1567,-78.9
44.16,-104.7
44.1633,-108
44.1667,-99.9
44.17,-96.9
44.1733,-96.9
44.1767,-87.9
44.18,-105.9
44.1833,-99.3
44.1867,-99.6
44.19,-95.7
44.1933,-96.9
44.1967,-95.1
44.2,-100.2
44.2033,-93.9
44.2067,-98.1
44.21,-99
44.2133,-90
44.2167,-93
44.22,-95.4
44.2233,-99
44.2267,-91.2
44.23,-98.1
44.2333,-103.5
44.2367,-96.9
44.24,-101.4
44.2433,-83.4
44.2467,-90.6
44.25,-98.7
44.2533,-93
44.2567,-103.2
44.26,-94.5
44.2633,-96
44.2667,-101.1
44.27,-91.5
44.2733,-96
44.2767,-96.6
44.28,-96.3
44.2833,-99
44.2867,-91.8
44.29,-90.3
44.2933,-103.5
44.2967,-95.7
44.3,-97.2
44.3033,-97.8
44.3067,-93.9
44.31,-93.3
44.3133,-92.4
44.3167,-98.7
44.32,-95.7
44.3233,-98.7
44.3267,-91.8
44.33,-94.5
44.3333,-90.6
44.3367,-99
44.34,-98.1
44.3433,-98.4
44.3467,-100.2
44.35,-93.6
44.3533,-94.5
44.3567,-92.1
44.36,-95.1
44.3633,-95.4
44.3667,-94.2
44.37,-93.3
44.3733,-86.4
44.3767,-95.7
44.38,-94.2
44.3833,-97.2
44.3867,-89.4
44.39,-86.7
44.3933,-91.5
44.3967,-81.3
44.4,-100.8
44.4033,-101.4
44.4067,-99.9
44.41,-101.7
44.4133,-101.7
44.4167,-91.2
44.42,-92.1
44.4233,-99.6
44.4267,-93.3
44.43,-91.5
44.4333,-100.5
44.4367,-96.3
44.44,-100.5
44.4433,-83.7
44.4467,-102
44.45,-89.1
44.4533,-95.1
44.4567,-94.2
44.46,-98.1
44.4633,-96.3
44.4667,-92.4
44.47,-93.9
44.4733,-98.7
44.4767,-94.5
44.48,-98.7
44.4833,-100.5
44.4867,-94.2
44.49,-95.7
44.4933,-93.6
44.4967,-90
44.5,-98.7
44.5033,-96.9
44.5067,-95.1
44.51,-93
44.5133,-87.6
44.5167,-93.3
44.52,-101.1
44.5233,-91.8
44.5267,-97.8
44.53,-99.9
44.5333,-98.1
44.5367,-89.4
44.54,-91.8
44.5433,-92.4
44.5467,-100.5
44.55,-93.9
44.5533,-100.5
44.5567,-84.3
44.56,-98.7
44.5633,-101.7
44.5667,-100.5
44.57,-95.7
44.5733,-99
44.5767,-92.4
44.58,-95.1
44.5833,-89.4
44.5867,-87.6
44.59,-87.6
44.5933,-95.4
44.5967,-92.4
44.6,-100.8
44.6033,-93.3
44.6067,-97.8
44.61,-92.1
44.6133,-99.3
44.6167,-97.2
44.62,-99
44.6233,-96
44.6267,-97.8
44.63,-91.5
44.6333,-94.8
44.6367,-93.9
44.64,-101.4
44.6433,-92.1
44.6467,-96.3
44.65,-93
44.6533,-97.2
44.6567,-92.4
44.66,-95.4
44.6633,-102.6
44.6667,-90.6
44.67,-62.7
44.6733,-92.4
44.6767,-120.9
44.68,-101.7
44.6833,-98.7
44.6867,-104.1
44.69,-104.4
44.6933,-101.7
44.6967,-105.3
44.7,-103.5
44.7033,-95.4
44.7067,-102.6
44.71,-103.8
44.7133,-95.7
44.7167,-90.6
44.72,-102.3
44.7233,-97.8
44.7267,-102.3
44.73,-93.9
44.7333,-98.4
44.7367,-101.7
44.74,-105.3
44.7433,-96.9
44.7467,-105.3
44.75,-96.9
44.7533,-100.5
44.7567,-99.6
44.76,-99.9
44.7633,-98.7
44.7667,-98.1
44.77,-93.3
44.7733,-95.4
44.7767,-93.9
44.78,-99.9
44.7833,-96.6
44.7867,-99.3
44.79,-99.3
44.7933,-91.5
44.7967,-94.2
44.8,-96.3
44.8033,-104.7
44.8067,-102.9
44.81,-78.3
44.8133,-95.4
44.8167,-98.1
44.82,-109.2
44.8233,-97.8
44.8267,-95.1
44.83,-96.6
44.8333,-96.9
44.8367,-103.8
44.84,-105.6
44.8433,-99.6
44.8467,-98.1
44.85,-90.6
44.8533,-99
44.8567,-100.2
44.86,-102.9
44.8633,-103.8
44.8667,-100.8
44.87,-98.1
44.8733,-100.5
44.8767,-96.9
44.88,-102.9
44.8833,-100.2
44.8867,-99.9
44.89,-95.1
44.8933,-104.7
44.8967,-97.5
44.9,-106.5
44.9033,-105.6
44.9067,-102.6
44.91,-93.9
44.9133,-102.6
44.9167,-96
44.92,-105.9
44.9233,-97.8
44.9267,-102
44.93,-94.2
44.9333,-98.7
44.9367,-97.8
44.94,-99
44.9433,-98.7
44.9467,-95.1
44.95,-85.5
44.9533,-82.5
44.9567,-114.6
44.96,-103.2
44.9633,-98.1
44.9667,-101.7
44.97,-103.8
44.9733,-108.9
44.9767,-95.4
44.98,-105.9
44.9833,-102.6
44.9867,-106.2
44.99,-85.5
44.9933,-100.2
44.9967,-109.2
45,-97.2
45.0033,-102.9
45.0067,-103.8
45.01,-97.5
45.0133,-100.5
45.0167,-101.7
45.02,-105.3
45.0233,-105.3
45.0267,-104.4
45.03,-100.2
45.0333,-103.8
45.0367,-101.4
45.04,-102.9
45.0433,-99.6
45.0467,-100.2
45.05,-98.7
45.0533,-102.3
45.0567,-105
45.06,-108.3
45.0633,-102
45.0667,-98.4
45.07,-94.2
45.0733,-101.4
45.0767,-101.1
45.08,-102.6
45.0833,-84
45.0867,-116.4
45.09,-88.2
45.0933,-102.9
45.0967,-108.9
45.1,-114.3
45.1033,-103.8
45.1067,-108.6
45.11,-103.8
45.1133,-102.6
45.1167,-99.9
45.12,-100.2
45.1233,-99
45.1267,-106.5
45.13,-92.1
45.1333,-106.5
45.1367,-103.8
45.14,-119.1
45.1433,-104.4
45.1467,-105.3
45.15,-96
45.1533,-101.1
45.1567,-101.4
45.16,-104.1
45.1633,-108
45.1667,-104.7
45.17,-101.7
45.1733,-102
45.1767,-99.6
45.18,-104.7
45.1833,-98.1
45.1867,-102.9
45.19,-102.9
45.1933,-101.4
45.1967,-103.8
45.2,-103.8
45.2033,-101.7
45.2067,-102.9
45.21,-105.6
45.2133,-99.3
45.2167,-99
45.22,-105.6
45.2233,-95.7
45.2267,-94.5
45.23,-82.8
45.2333,-111.3
45.2367,-90.3
45.24,-105
45.2433,-105.6
45.2467,-104.1
45.25,-102
45.2533,-96
45.2567,-100.5
45.26,-99.6
45.2633,-99.9
45.2667,-97.8
45.27,-102.6
45.2733,-98.1
45.2767,-89.7
45.28,-97.5
45.2833,-109.2
45.2867,-99.3
45.29,-98.1
45.2933,-99.3
45.2967,-107.4
45.3,-96
45.3033,-102.3
45.3067,-98.4
45.31,-92.4
45.3133,-104.1
45.3167,-100.8
45.32,-108
45.3233,-100.2
45.3267,-102
45.33,-100.5
45.3333,-103.2
45.3367,-100.2
45.34,-109.2
45.3433,-103.8
45.3467,-104.4
45.35,-96.6
45.3533,-106.2
45.3567,-90.3
45.36,-104.7
45.3633,-86.4
45.3667,-108.3
45.37,-105.3
45.3733,-106.5
45.3767,-104.1
45.38,-106.2
45.3833,-108
45.3867,-101.1
45.39,-87
45.3933,-86.7
45.3967,-116.1
45.4,-115.5
45.4033,-99.9
45.4067,-104.1
45.41,-102.3
45.4133,-100.8
45.4167,-91.2
45.42,-100.2
45.4233,-105.3
45.4267,-101.7
45.43,-102
45.4333,-104.7
45.4367,-105.3
45.44,-102
45.4433,-102.6
45.4467,-104.7
45.45,-101.4
45.4533,-108.3
45.4567,-99.9
45.46,-111.3
45.4633,-109.2
45.4667,-106.5
45.47,-104.4
45.4733,-106.8
45.4767,-108.6
45.48,-110.1
45.4833,-92.4
45.4867,-112.8
45.49,-109.2
45.4933,-112.8
45.4967,-106.5
45.5,-103.2
45.5033,-110.1
45.5067,-93.9
45.51,-124.2
45.5133,-83.7
45.5167,-112.8
45.52,-120.6
45.5233,-114.3
45.5267,-104.1
45.53,-107.1
45.5333,-114.3
45.5367,-107.7
45.54,-109.8
45.5433,-107.7
45.5467,-108.9
45.55,-102.9
45.5533,-108.9
45.5567,-106.8
45.56,-113.7
45.5633,-109.5
45.5667,-110.1
45.57,-108.9
45.5733,-105.9
45.5767,-108.9
45.58,-113.7
45.5833,-108.6
45.5867,-105
45.59,-99.6
45.5933,-107.1
45.5967,-108.6
45.6,-106.8
45.6033,-103.5
45.6067,-107.7
45.61,-101.7
45.6133,-98.7
45.6167,-100.8
45.62,-105.9
45.6233,-107.1
45.6267,-96.3
45.63,-104.7
45.6333,-103.8
45.6367,-100.2
45.64,-103.5
45.6433,-88.2
45.6467,-99.9
45.65,-114.3
45.6533,-109.5
45.6567,-96
45.66,-114.6
45.6633,-114.6
45.6667,-111
45.67,-109.8
45.6733,-109.8
45.6767,-105.9
45.68,-110.4
45.6833,-108.3
45.6867,-106.5
45.69,-104.1
45.6933,-108.9
45.6967,-114
45.7,-114
45.7033,-111.3
45.7067,-107.1
45.71,-108
45.7133,-114.9
45.7167,-115.8
45.72,-108.6
45.7233,-108.9
45.7267,-105.3
45.73,-106.2
45.7333,-111.3
45.7367,-104.4
45.74,-108.9
45.7433,-110.7
45.7467,-104.4
45.75,-109.5
45.7533,-105.6
45.7567,-103.8
45.76,-107.1
45.7633,-90.9
45.7667,-92.1
45.77,-113.4
45.7733,-106.8
45.7767,-107.4
45.78,-107.1
45.7833,-92.1
45.7867,-119.4
45.79,-104.1
45.7933,-102.3
45.7967,-107.1
45.8,-112.8
45.8033,-105.3
45.8067,-109.8
45.81,-107.1
45.8133,-114
45.8167,-102.6
45.82,-103.5
45.8233,-120
45.8267,-114.3
45.83,-108.3
45.8333,-109.8
45.8367,-115.2
45.84,-111.6
45.8433,-111.6
45.8467,-111.9
45.85,-109.2
45.8533,-112.8
45.8567,-112.5
45.86,-105.9
45.8633,-113.1
45.8667,-108
45.87,-108
45.8733,-111.9
45.8767,-112.2
45.88,-110.7
45.8833,-119.7
45.8867,-107.7
45.89,-107.4
45.8933,-108.9
45.8967,-111.9
45.9,-110.7
45.9033,-112.8
45.9067,-114
45.91,-109.8
45.9133,-109.8
45.9167,-117
45.92,-111.6
45.9233,-113.7
45.9267,-109.5
45.93,-102.6
45.9333,-101.7
45.9367,-93
45.94,-104.4
45.9433,-127.5
45.9467,-121.5
45.95,-111.3
45.9533,-114.6
45.9567,-111
45.96,-116.1
45.9633,-111.6
45.9667,-118.2
45.97,-110.4
45.9733,-115.8
45.9767,-112.8
45.98,-112.8
45.9833,-109.5
45.9867,-110.7
45.99,-112.8
45.9933,-112.2
45.9967,-110.4
46,-112.2
46.0033,-108
46.0067,-117.3
46.01,-108
46.0133,-117.3
46.0167,-110.7
46.02,-112.5
46.0233,-115.8
46.0267,-115.8
46.03,-113.4
46.0333,-117.3
46.0367,-115.8
46.04,-113.4
46.0433,-116.1
46.0467,-110.4
46.05,-115.8
46.0533,-113.7
46.0567,-115.5
46.06,-108.3
46.0633,-113.4
46.0667,-111.6
46.07,-105
46.0733,-103.2
46.0767,-137.7
46.08,-110.4
46.0833,-106.2
46.0867,-122.1
46.09,-130.5
46.0933,-111.6
46.0967,-114
46.1,-121.2
46.1033,-110.1
46.1067,-112.5
46.11,-113.1
46.1133,-116.1
46.1167,-114.9
46.12,-110.4
46.1233,-110.7
46.1267,-114.9
46.13,-110.4
46.1333,-114
46.1367,-116.1
46.14,-116.4
46.1433,-111
46.1467,-114.6
46.15,-112.8
46.1533,-111.9
46.1567,-114.6
46.16,-112.2
46.1633,-111.3
46.1667,-110.7
46.17,-112.2
46.1733,-108.3
46.1767,-106.5
46.18,-111.6
46.1833,-119.7
46.1867,-106.5
46.19,-108.3
46.1933,-93.9
46.1967,-113.1
46.2,-113.1
46.2033,-120.6
46.2067,-107.7
46.21,-105.6
46.2133,-113.1
46.2167,-118.2
46.22,-110.4
46.2233,-117
46.2267,-102
46.23,-113.4
46.2333,-104.1
46.2367,-115.8
46.24,-99.3
46.2433,-120.3
46.2467,-116.4
46.25,-111.9
46.2533,-118.5
46.2567,-117
46.26,-114.6
46.2633,-114.9
46.2667,-109.5
46.27,-112.8
46.2733,-109.2
46.2767,-114.3
46.28,-114
46.2833,-112.5
46.2867,-110.1
46.29,-111.3
46.2933,-109.5
46.2967,-115.5
46.3,-115.5
46.3033,-112.8
46.3067,-111.9
46.31,-108.9
46.3133,-117
46.3167,-115.8
46.32,-118.2
46.3233,-117
46.3267,-118.5
46.33,-112.2
46.3333,-111.6
46.3367,-107.4
46.34,-109.2
46.3433,-112.8
46.3467,-103.8
46.35,-90.6
46.3533,-111.9
46.3567,-118.2
46.36,-115.5
46.3633,-115.5
46.3667,-113.1
46.37,-123.9
46.3733,-113.4
46.3767,-126.6
46.38,-111.3
46.3833,-114
46.3867,-118.5
46.39,-113.4
46.3933,-114.6
46.3967,-117.3
46.4,-116.7
46.4033,-115.8
46.4067,-111
46.41,-111.6
46.4133,-116.7
46.4167,-116.4
46.42,-115.5
46.4233,-117
46.4267,-111
46.43,-114.3
46.4333,-115.5
46.4367,-116.7
46.44,-113.4
46.4433,-109.5
46.4467,-114
46.45,-111.9
46.4533,-110.4
46.4567,-108.3
46.46,-117
46.4633,-112.8
46.4667,-98.4
46.47,-114.3
46.4733,-111.9
46.4767,-112.5
46.48,-102.3
46.4833,-113.1
46.4867,-108.9
46.49,-119.4
46.4933,-126.6
46.4967,-107.1
46.5,-120
46.5033,-112.2
46.5067,-117.3
46.51,-110.7
46.5133,-111.3
46.5167,-112.8
46.52,-118.5
46.5233,-119.7
46.5267,-107.1
46.53,-114
46.5333,-129.6
46.5367,-115.5
46.54,-115.5
46.5433,-115.2
46.5467,-115.5
46.55,-110.7
46.5533,-108
46.5567,-115.2
46.56,-113.4
46.5633,-116.4
46.5667,-113.1
46.57,-119.7
46.5733,-115.5
46.5767,-121.2
46.58,-116.4
46.5833,-112.5
46.5867,-114.3
46.59,-117.9
46.5933,-117.3
46.5967,-116.7
46.6,-112.2
46.6033,-117.6
46.6067,-111.9
46.61,-113.7
46.6133,-111.3
46.6167,-111.3
46.62,-117.3
46.6233,-116.7
46.6267,-125.1
46.63,-116.1
46.6333,-111
46.6367,-112.5
46.64,-122.4
46.6433,-112.8
46.6467,-120.9
46.65,-124.2
46.6533,-113.1
46.6567,-110.1
46.66,-109.5
46.6633,-120.9
46.6667,-117.3
46.67,-108.3
46.6733,-112.8
46.6767,-114
46.68,-109.8
46.6833,-114.9
46.6867,-108.6
46.69,-110.1
46.6933,-114
46.6967,-110.1
46.7,-107.1
46.7033,-113.7
46.7067,-108
46.71,-108.3
46.7133,-111.6
46.7167,-114.3
46.72,-107.7
46.7233,-112.5
46.7267,-103.5
46.73,-110.1
46.7333,-110.4
46.7367,-117
46.74,-112.5
46.7433,-107.1
46.7467,-107.1
46.75,-106.5
46.7533,-111.3
46.7567,-115.5
46.76,-109.2
46.7633,-100.5
46.7667,-102.9
46.77,-115.2
46.7733,-105
46.7767,-109.8
46.78,-110.4
46.7833,-108.9
46.7867,-102.9
46.79,-109.8
46.7933,-106.5
46.7967,-112.2
46.8,-109.8
46.8033,-116.1
46.8067,-103.5
46.81,-107.1
46.8133,-103.8
46.8167,-108.9
46.82,-107.1
46.8233,-109.8
46.8267,-104.7
46.83,-109.8
46.8333,-107.1
46.8367,-107.7
46.84,-104.7
46.8433,-110.1
46.8467,-100.5
46.85,-104.4
46.8533,-110.4
46.8567,-104.1
46.86,-108.9
46.8633,-108
46.8667,-105.6
46.87,-104.7
46.8733,-105.9
46.8767,-106.8
46.88,-104.7
46.8833,-108.6
46.8867,-104.7
46.89,-105.3
46.8933,-106.2
46.8967,-106.5
46.9,-102
46.9033,-96.3
46.9067,-99.6
46.91,-116.1
46.9133,-112.5
46.9167,-110.1
46.92,-109.5
46.9233,-107.4
46.9267,-99
46.93,-109.8
46.9333,-108.3
46.9367,-115.8
46.94,-102.9
46.9433,-102.6
46.9467,-113.4
46.95,-119.7
46.9533,-111.9
46.9567,-109.5
46.96,-106.8
46.9633,-108.6
46.9667,-103.5
46.97,-106.5
46.9733,-107.7
46.9767,-104.4
46.98,-100.2
46.9833,-102.6
46.9867,-100.8
46.99,-103.2
46.9933,-104.1
46.9967,-107.7
47,-104.1
47.0033,-106.2
47.0067,-103.8
47.01,-107.1
47.0133,-110.4
47.0167,-114.6
47.02,-114
47.0233,-103.5
47.0267,-105.6
47.03,-108.9
47.0333,-104.7
47.0367,-103.2
47.04,-115.2
47.0433,-111.6
47.0467,-87.6
47.05,-107.1
47.0533,-96
47.0567,-116.7
47.06,-108.6
47.0633,-117.3
47.0667,-108.6
47.07,-104.1
47.0733,-112.2
47.0767,-117.6
47.08,-103.8
47.0833,-108.6
47.0867,-109.5
47.09,-114.9
47.0933,-117
47.0967,-108.9
47.1,-105.9
47.1033,-110.4
47.1067,-102
47.11,-110.7
47.1133,-109.5
47.1167,-106.2
47.12,-109.2
47.1233,-105.9
47.1267,-105.6
47.13,-101.7
47.1333,-105.9
47.1367,-106.5
47.14,-109.8
47.1433,-104.1
47.1467,-102
47.15,-102.9
47.1533,-98.1
47.1567,-116.7
47.16,-109.5
47.1633,-107.4
47.1667,-102
47.17,-107.1
47.1733,-104.7
47.1767,-104.7
47.18,-98.1
47.1833,-105.9
47.1867,-100.8
47.19,-114.9
47.1933,-101.7
47.1967,-98.7
47.2,-101.4
47.2033,-113.1
47.2067,-105.3
47.21,-110.1
47.2133,-93.9
47.2167,-104.1
47.22,-103.2
47.2233,-112.8
47.2267,-94.2
47.23,-104.7
47.2333,-94.5
47.2367,-99.3
47.24,-118.8
47.2433,-108.6
47.2467,-98.4
47.25,-106.8
47.2533,-102.6
47.2567,-106.2
47.26,-105.3
47.2633,-95.4
47.2667,-96.9
47.27,-101.4
47.2733,-94.8
47.2767,-100.8
47.28,-100.8
47.2833,-101.1
47.2867,-98.7
47.29,-98.1
47.2933,-101.1
47.2967,-102.6
47.3,-101.4
47.3033,-99.9
47.3067,-95.1
47.31,-100.8
47.3133,-104.4
47.3167,-100.2
47.32,-101.4
47.3233,-97.8
47.3267,-103.5
47.33,-88.2
47.3333,-97.8
47.3367,-90.3
47.34,-113.7
47.3433,-110.7
47.3467,-95.4
47.35,-110.4
47.3533,-106.2
47.3567,-102.6
47.36,-102.6
47.3633,-95.4
47.3667,-90.3
47.37,-102.6
47.3733,-97.5
47.3767,-101.4
47.38,-109.5
47.3833,-108
47.3867,-102.3
47.39,-103.2
47.3933,-103.2
47.3967,-105.3
47.4,-105.3
47.4033,-102.6
47.4067,-102.3
47.41,-103.5
47.4133,-107.7
47.4167,-100.2
47.42,-105.6
47.4233,-98.1
47.4267,-95.4
47.43,-100.2
47.4333,-99.3
47.4367,-105.9
47.44,-98.7
47.4433,-105.3
47.4467,-94.5
47.45,-101.4
47.4533,-98.4
47.4567,-97.8
47.46,-102
47.4633,-95.1
47.4667,-106.8
47.47,-77.7
47.4733,-102.6
47.4767,-116.1
47.48,-104.1
47.4833,-107.7
47.4867,-96.9
47.49,-101.4
47.4933,-104.1
47.4967,-93.3
47.5,-110.1
47.5033,-108.3
47.5067,-107.4
47.51,-93.9
47.5133,-103.5
47.5167,-114.3
47.52,-100.8
47.5233,-101.4
47.5267,-102.3
47.53,-109.2
47.5333,-101.1
47.5367,-107.7
47.54,-103.8
47.5433,-102
47.5467,-101.1
47.55,-105.6
47.5533,-100.8
47.5567,-103.8
47.56,-103.8
47.5633,-105.3
47.5667,-100.5
47.57,-102.6
47.5733,-107.4
47.5767,-101.1
47.58,-105.6
47.5833,-103.5
47.5867,-100.5
47.59,-104.1
47.5933,-109.5
47.5967,-101.7
47.6,-104.7
47.6033,-89.4
47.6067,-95.1
47.61,-108.9
47.6133,-92.4
47.6167,-92.7
47.62,-109.5
47.6233,-95.7
47.6267,-107.4
47.63,-101.7
47.6333,-106.2
47.6367,-107.1
47.64,-99.9
47.6433,-109.5
47.6467,-96.9
47.65,-100.8
47.6533,-94.8
47.6567,-103.8
47.66,-102.3
47.6633,-95.7
47.6667,-92.1
47.67,-99
47.6733,-100.2
47.6767,-99
47.68,-98.4
47.6833,-97.8
47.6867,-90.9
47.69,-97.5
47.6933,-96.9
47.6967,-94.5
47.7,-96
47.7033,-95.4
47.7067,-91.8
47.71,-97.2
47.7133,-97.5
47.7167,-96
47.72,-97.8
47.7233,-99
47.7267,-90.9
47.73,-91.8
47.7333,-94.5
47.7367,-93
47.74,-91.5
47.7433,-98.1
47.7467,-94.8
47.75,-81.3
47.7533,-85.5
47.7567,-107.7
47.76,-100.8
47.7633,-90.6
47.7667,-89.7
47.77,-95.7
47.7733,-93
47.7767,-104.1
47.78,-105.3
47.7833,-99
47.7867,-95.1
47.79,-93.3
47.7933,-93.3
47.7967,-96.9
47.8,-102
47.8033,-105.9
47.8067,-100.2
47.81,-100.5
47.8133,-100.5
47.8167,-104.7
47.82,-100.8
47.8233,-97.5
47.8267,-95.4
47.83,-102.6
47.8333,-95.4
47.8367,-103.8
47.84,-96.6
47.8433,-98.1
47.8467,-95.1
47.85,-97.2
47.8533,-100.2
47.8567,-96.9
47.86,-96
47.8633,-96
47.8667,-95.7
47.87,-95.4
47.8733,-100.2
47.8767,-101.4
47.88,-91.2
47.8833,-83.4
47.8867,-108
47.89,-77.4
47.8933,-102.9
47.8967,-99.3
47.9,-113.7
47.9033,-93.6
47.9067,-95.7
47.91,-107.7
47.9133,-97.8
47.9167,-100.2
47.92,-99
47.9233,-99
47.9267,-90.3
47.93,-99
47.9333,-98.1
47.9367,-99.3
47.94,-93.6
47.9433,-90.9
47.9467,-90.3
47.95,-97.2
47.9533,-96.6
47.9567,-97.8
47.96,-104.1
47.9633,-84.6
47.9667,-93.3
47.97,-88.8
47.9733,-98.1
47.9767,-87.3
47.98,-94.8
47.9833,-92.1
47.9867,-90.6
47.99,-88.5
47.9933,-95.4
47.9967,-91.8
48,-88.2
48.0033,-86.7
48.0067,-89.4
48.01,-89.1
48.0133,-91.2
48.0167,-89.7
48.02,-92.4
48.0233,-84
48.0267,-80.1
48.03,-90.9
48.0333,-88.2
48.0367,-87.3
48.04,-92.1
48.0433,-84
48.0467,-96.6
48.05,-83.4
48.0533,-84.9
48.0567,-100.2
48.06,-92.4
48.0633,-89.7
48.0667,-86.7
48.07,-92.1
48.0733,-90.9
48.0767,-89.7
48.08,-88.8
48.0833,-90
48.0867,-88.8
48.09,-86.1
48.0933,-89.1
48.0967,-91.8
48.1,-100.5
48.1033,-80.7
48.1067,-87.9
48.11,-87.6
48.1133,-84.9
48.1167,-92.4
48.12,-93
48.1233,-88.5
48.1267,-91.5
48.13,-92.4
48.1333,-85.2
48.1367,-92.4
48.14,-89.4
48.1433,-87.9
48.1467,-88.2
48.15,-90.3
48.1533,-83.1
48.1567,-73.2
48.16,-79.8
48.1633,-96.6
48.1667,-88.5
48.17,-85.8
48.1733,-84
48.1767,-94.5
48.18,-90.6
48.1833,-84.6
48.1867,-95.1
48.19,-81.6
48.1933,-87.6
48.1967,-86.7
48.2,-80.1
48.2033,-97.2
48.2067,-82.5
48.21,-96.6
48.2133,-90.6
48.2167,-91.2
48.22,-92.1
48.2233,-87
48.2267,-90.6
48.23,-89.1
48.2333,-91.5
48.2367,-89.7
48.24,-87.9
48.2433,-85.8
48.2467,-88.8
48.25,-87.9
48.2533,-88.2
48.2567,-87.6
48.26,-90.3
48.2633,-81.3
48.2667,-88.5
48.27,-87.3
48.2733,-90
48.2767,-89.4
48.28,-90.6
48.2833,-89.7
48.2867,-89.7
48.29,-86.4
48.2933,-84
48.2967,-81
48.3,-91.2
48.3033,-83.7
48.3067,-87.6
48.31,-93
48.3133,-93
48.3167,-92.4
48.32,-98.7
48.3233,-92.4
48.3267,-85.5
48.33,-84.3
48.3333,-74.7
48.3367,-97.5
48.34,-94.2
48.3433,-84.9
48.3467,-84.3
48.35,-92.7
48.3533,-87.9
48.3567,-87
48.36,-83.1
48.3633,-82.5
48.3667,-81.6
48.37,-89.1
48.3733,-90.6
48.3767,-85.5
48.38,-89.1
48.3833,-85.8
48.3867,-84.9
48.39,-75.6
48.3933,-89.7
48.3967,-89.4
48.4,-83.7
48.4033,-77.4
48.4067,-84
48.41,-84.6
48.4133,-87.6
48.4167,-82.2
48.42,-87.3
48.4233,-77.4
48.4267,-85.5
48.43,-80.7
48.4333,-84.3
48.4367,-82.8
48.44,-74.1
48.4433,-70.8
48.4467,-88.8
48.45,-90.9
48.4533,-71.7
48.4567,-79.2
48.46,-90.6
48.4633,-91.2
48.4667,-84.9
48.47,-85.5
48.4733,-87.6
48.4767,-87.3
48.48,-87
48.4833,-81
48.4867,-83.7
48.49,-79.2
48.4933,-81.6
48.4967,-84.6
48.5,-89.7
48.5033,-80.7
48.5067,-85.8
48.51,-84.6
48.5133,-89.7
48.5167,-84.3
48.52,-86.1
48.5233,-80.7
48.5267,-80.4
48.53,-85.2
48.5333,-90
48.5367,-82.5
48.54,-84.3
48.5433,-80.4
48.5467,-85.5
48.55,-83.1
48.5533,-78.9
48.5567,-79.8
48.56,-86.1
48.5633,-75.3
48.5667,-87.3
48.57,-72.9
48.5733,-63.9
48.5767,-70.5
48.58,-91.2
48.5833,-76.5
48.5867,-90.3
48.59,-85.2
48.5933,-78.6
48.5967,-82.2
48.6,-88.8
48.6033,-79.5
48.6067,-88.2
48.61,-75.6
48.6133,-78.6
48.6167,-78
48.62,-93
48.6233,-75
48.6267,-83.1
48.63,-83.4
48.6333,-84
48.6367,-81.3
48.64,-83.7
48.6433,-77.4
48.6467,-80.4
48.65,-81.9
48.6533,-89.7
48.6567,-87.9
48.66,-77.7
48.6633,-78.9
48.6667,-83.4
48.67,-81
48.6733,-89.1
48.6767,-84.6
48.68,-81
48.6833,-83.1
48.6867,-79.5
48.69,-79.5
48.6933,-84.3
48.6967,-83.1
48.7,-84.3
48.7033,-81.3
48.7067,-83.1
48.71,-82.8
48.7133,-78
48.7167,-71.1
48.72,-84
48.7233,-65.7
48.7267,-87.9
48.73,-88.8
48.7333,-88.2
48.7367,-87.3
48.74,-84.6
48.7433,-80.4
48.7467,-91.2
48.75,-77.7
48.7533,-86.1
48.7567,-87
48.76,-78.3
48.7633,-83.4
48.7667,-87.3
48.77,-83.7
48.7733,-86.7
48.7767,-84
48.78,-88.8
48.7833,-79.5
48.7867,-81.9
48.79,-81
48.7933,-87
48.7967,-83.7
48.8,-90
48.8033,-84.3
48.8067,-76.5
48.81,-85.2
48.8133,-89.7
48.8167,-87
48.82,-78.3
48.8233,-80.1
48.8267,-85.2
48.83,-82.8
48.8333,-85.8
48.8367,-83.1
48.84,-86.4
48.8433,-86.7
48.8467,-83.1
48.85,-87.3
48.8533,-82.8
48.8567,-81.6
48.86,-75.9
48.8633,-75
48.8667,-71.4
48.87,-96.6
48.8733,-88.8
48.8767,-90
48.88,-91.8
48.8833,-76.2
48.8867,-87
48.89,-90.6
48.8933,-90.3
48.8967,-66.9
48.9,-99.9
48.9033,-90
48.9067,-84.3
48.91,-94.2
48.9133,-91.5
48.9167,-88.2
48.92,-88.2
48.9233,-89.7
48.9267,-91.2
48.93,-91.2
48.9333,-91.2
48.9367,-83.1
48.94,-87.6
48.9433,-82.8
48.9467,-88.5
48.95,-85.8
48.9533,-88.5
48.9567,-91.8
48.96,-86.1
48.9633,-83.7
48.9667,-91.5
48.97,-92.4
48.9733,-93.3
48.9767,-87
48.98,-87.3
48.9833,-84
48.9867,-93.6
48.99,-81
48.9933,-90.6
48.9967,-67.8
49,-84.3
49.0033,-94.8
49.0067,-80.7
49.01,-77.7
49.0133,-87
49.0167,-100.8
49.02,-94.5
49.0233,-84
49.0267,-90
49.03,-88.8
49.0333,-87
49.0367,-82.8
49.04,-82.5
49.0433,-87.3
49.0467,-88.5
49.05,-93.6
49.0533,-92.7
49.0567,-87
49.06,-89.1
49.0633,-82.2
49.0667,-85.8
49.07,-86.7
49.0733,-85.8
49.0767,-79.2
49.08,-81.6
49.0833,-79.5
49.0867,-82.8
49.09,-80.4
49.0933,-82.8
49.0967,-84
49.1,-81.3
49.1033,-83.1
49.1067,-81.6
49.11,-78.3
49.1133,-80.4
49.1167,-82.2
49.12,-77.7
49.1233,-83.1
49.1267,-81
49.13,-83.1
49.1333,-80.1
49.1367,-82.2
49.14,-81
49.1433,-69.9
49.1467,-72.9
49.15,-72
49.1533,-104.1
49.1567,-81
49.16,-88.5
49.1633,-75.3
49.1667,-85.5
49.17,-75.3
49.1733,-83.1
49.1767,-83.7
49.18,-86.4
49.1833,-70.2
49.1867,-84
49.19,-80.1
49.1933,-84.6
49.1967,-75.6
49.2,-87.3
49.2033,-78.3
49.2067,-84
49.21,-79.5
49.2133,-81.9
49.2167,-84.3
49.22,-77.4
49.2233,-76.5
49.2267,-81.6
49.23,-84
49.2333,-88.2
49.2367,-79.8
49.24,-81.9
49.2433,-80.7
49.2467,-79.2
49.25,-87.3
49.2533,-87
49.2567,-84.9
49.26,-84
49.2633,-82.8
49.2667,-83.1
49.27,-78.6
49.2733,-83.4
49.2767,-91.5
49.28,-76.8
49.2833,-69.9
49.2867,-95.7
49.29,-91.5
49.2933,-87.9
49.2967,-96.3
49.3,-86.1
49.3033,-88.8
49.3067,-79.2
49.31,-93.3
49.3133,-102.3
49.3167,-94.2
49.32,-90.9
49.3233,-90.6
49.3267,-94.2
49.33,-89.7
49.3333,-89.4
49.3367,-93.9
49.34,-93.9
49.3433,-94.8
49.3467,-93.9
49.35,-89.7
49.3533,-93.3
49.3567,-95.4
49.36,-95.4
49.3633,-93.3
49.3667,-94.2
49.37,-91.8
49.3733,-93.6
49.3767,-94.8
49.38,-92.4
49.3833,-85.5
49.3867,-89.7
49.39,-89.4
49.3933,-97.8
49.3967,-89.1
49.4,-91.5
49.4033,-85.5
49.4067,-79.8
49.41,-89.1
49.4133,-88.5
49.4167,-82.5
49.42,-80.4
49.4233,-85.5
49.4267,-88.5
49.43,-103.5
49.4333,-88.2
49.4367,-85.5
49.44,-97.8
49.4433,-95.4
49.4467,-90.9
49.45,-85.2
49.4533,-81.9
49.4567,-80.7
49.46,-88.2
49.4633,-90.9
49.4667,-101.1
49.47,-94.8
49.4733,-91.5
49.4767,-92.7
49.48,-88.5
49.4833,-88.5
49.4867,-85.5
49.49,-90.3
49.4933,-91.8
49.4967,-86.7
49.5,-89.4
49.5033,-87.9
49.5067,-86.4
49.51,-90.3
49.5133,-87.9
49.5167,-82.8
49.52,-87
49.5233,-87.9
49.5267,-90
49.53,-90.9
49.5333,-96.6
49.5367,-88.8
49.54,-88.8
49.5433,-90.3
49.5467,-90
49.55,-87.3
49.5533,-93
49.5567,-90.9
49.56,-85.5
49.5633,-82.5
49.5667,-92.4
49.57,-79.5
49.5733,-72.6
49.5767,-104.1
49.58,-99.6
49.5833,-101.4
49.5867,-82.8
49.59,-90.3
49.5933,-88.2
49.5967,-84.6
49.6,-87
49.6033,-87
49.6067,-99.3
49.61,-89.1
49.6133,-96.6
49.6167,-80.4
49.62,-92.7
49.6233,-84
49.6267,-87.3
49.63,-85.5
49.6333,-93.3
49.6367,-90.6
49.64,-89.4
49.6433,-92.7
49.6467,-91.5
49.65,-91.2
49.6533,-88.5
49.6567,-91.8
49.66,-89.4
49.6633,-88.5
49.6667,-87
49.67,-92.1
49.6733,-93.6
49.6767,-95.7
49.68,-86.1
49.6833,-84.3
49.6867,-86.7
49.69,-91.5
49.6933,-85.5
49.6967,-79.5
49.7,-78.6
49.7033,-79.5
49.7067,-81
49.71,-85.5
49.7133,-90
49.7167,-93.3
49.72,-95.4
49.7233,-88.2
49.7267,-85.5
49.73,-87.6
49.7333,-83.1
49.7367,-83.1
49.74,-87
49.7433,-86.1
49.7467,-78.6
49.75,-87.6
49.7533,-88.5
49.7567,-86.4
49.76,-88.2
49.7633,-93
49.7667,-86.4
49.77,-83.4
49.7733,-88.5
49.7767,-87
49.78,-85.5
49.7833,-84
49.7867,-88.5
49.79,-87.9
49.7933,-90.6
49.7967,-88.5
49.8,-83.7
49.8033,-87
49.8067,-88.5
49.81,-88.2
49.8133,-91.5
49.8167,-87
49.82,-84
49.8233,-84.3
49.8267,-82.8
49.83,-97.8
49.8333,-85.8
49.8367,-71.4
49.84,-97.8
49.8433,-90.3
49.8467,-86.7
49.85,-91.5
49.8533,-96
49.8567,-90.6
49.86,-89.4
49.8633,-92.7
49.8667,-93.3
49.87,-82.5
49.8733,-100.8
49.8767,-96.3
49.88,-90.9
49.8833,-86.7
49.8867,-96.9
49.89,-90.9
49.8933,-87.3
49.8967,-94.5
49.9,-92.7
49.9033,-91.8
49.9067,-89.1
49.91,-92.4
49.9133,-90.6
49.9167,-90.6
49.92,-92.4
49.9233,-89.4
49.9267,-84.9
49.93,-93.6
49.9333,-88.5
49.9367,-89.7
49.94,-87
49.9433,-92.7
49.9467,-88.2
49.95,-90.3
49.9533,-85.8
49.9567,-76.2
49.96,-89.7
49.9633,-80.7
49.9667,-84.6
49.97,-100.8
49.9733,-89.1
49.9767,-95.1
49.98,-80.7
49.9833,-82.2
49.9867,-89.7
49.99,-93.6
49.9933,-90.9
49.9967,-93
50,-83.7
50.0033,-87
50.0067,-100.5
50.01,-98.7
50.0133,-92.7
50.0167,-92.4
50.02,-90
50.0233,-93.3
50.0267,-90.9
50.03,-90.9
50.0333,-95.1
50.0367,-94.2
50.04,-91.5
50.0433,-89.1
50.0467,-90.6
50.05,-93.6
50.0533,-91.8
50.0567,-94.2
50.06,-91.2
50.0633,-93.3
50.0667,-97.2
50.07,-89.4
50.0733,-96.3
50.0767,-96.3
50.08,-91.5
50.0833,-95.1
50.0867,-90.9
50.09,-92.7
50.0933,-95.7
50.0967,-94.5
50.1,-80.1
50.1033,-94.8
50.1067,-94.8
50.11,-95.1
50.1133,-88.5
50.1167,-84.3
50.12,-104.4
50.1233,-97.2
50.1267,-90
50.13,-99
50.1333,-98.4
50.1367,-90
50.14,-95.4
50.1433,-93.9
50.1467,-89.4
50.15,-91.2
50.1533,-105
50.1567,-103.2
50.16,-99.3
50.1633,-102
50.1667,-89.4
50.17,-103.8
50.1733,-102
50.1767,-97.8
50.18,-95.7
50.1833,-98.7
50.1867,-95.4
50.19,-98.7
50.1933,-96.6
50.1967,-99
50.2,-92.1
50.2033,-94.2
50.2067,-98.7
50.21,-94.8
50.2133,-91.2
50.2167,-95.4
50.22,-93
50.2233,-93
50.2267,-91.8
50.23,-94.2
50.2333,-95.1
50.2367,-98.4
50.24,-92.4
50.2433,-94.8
50.2467,-105
50.25,-68.1
50.2533,-94.8
50.2567,-106.5
50.26,-96.3
50.2633,-96.6
50.2667,-104.4
50.27,-99
50.2733,-98.1
50.2767,-92.4
50.28,-95.1
50.2833,-85.8
50.2867,-94.2
50.29,-99.3
50.2933,-98.1
50.2967,-93.6
50.3,-101.1
50.3033,-91.5
50.3067,-90.3
50.31,-96
50.3133,-99
50.3167,-97.8
50.32,-91.5
50.3233,-90
50.3267,-90.3
50.33,-94.2
50.3333,-93.6
50.3367,-93.6
50.34,-92.1
50.3433,-91.8
50.3467,-92.7
50.35,-97.2
50.3533,-89.7
50.3567,-95.7
50.36,-87.3
50.3633,-96.6
50.3667,-93.6
50.37,-100.2
50.3733,-95.4
50.3767,-95.4
50.38,-86.4
50.3833,-85.5
50.3867,-90.6
50.39,-76.5
50.3933,-96.3
50.3967,-110.4
50.4,-100.8
50.4033,-98.4
50.4067,-96.9
50.41,-109.8
50.4133,-94.2
50.4167,-95.1
50.42,-85.2
50.4233,-99.3
50.4267,-99.6
50.43,-89.7
50.4333,-92.1
50.4367,-98.4
50.44,-97.8
50.4433,-92.1
50.4467,-93.6
50.45,-96.3
50.4533,-97.8
50.4567,-92.4
50.46,-88.8
50.4633,-92.7
50.4667,-91.5
50.47,-94.2
50.4733,-87.9
50.4767,-90
50.48,-89.1
50.4833,-81
50.4867,-89.4
50.49,-94.8
50.4933,-97.8
50.4967,-89.1
50.5,-88.5
50.5033,-90
50.5067,-85.5
50.51,-102
50.5133,-89.1
50.5167,-84.6
50.52,-86.4
50.5233,-87.9
50.5267,-75.9
50.53,-103.5
50.5333,-91.2
50.5367,-95.7
50.54,-88.5
50.5433,-103.2
50.5467,-94.8
50.55,-101.7
50.5533,-89.1
50.5567,-93.9
50.56,-91.5
50.5633,-93
50.5667,-87
50.57,-95.4
50.5733,-89.7
50.5767,-91.2
50.58,-90
50.5833,-85.8
50.5867,-89.1
50.59,-103.2
50.5933,-95.4
50.5967,-93.3
50.6,-89.1
50.6033,-93.9
50.6067,-94.8
50.61,-99.3
50.6133,-94.5
50.6167,-94.5
50.62,-94.8
50.6233,-96.9
50.6267,-92.1
50.63,-98.1
50.6333,-93
50.6367,-95.4
50.64,-94.8
50.6433,-92.4
50.6467,-96
50.65,-93.9
50.6533,-96.6
50.6567,-92.7
50.66,-79.8
50.6633,-90.3
50.6667,-88.8
50.67,-81.9
50.6733,-101.1
50.6767,-102.9
50.68,-97.8
50.6833,-93.9
50.6867,-88.5
50.69,-102.9
50.6933,-95.7
50.6967,-99.9
50.7,-92.4
50.7033,-94.5
50.7067,-93.9
50.71,-99
50.7133,-92.4
50.7167,-95.7
50.72,-93.9
50.7233,-92.7
50.7267,-89.1
50.73,-95.7
50.7333,-93.9
50.7367,-91.5
50.74,-88.8
50.7433,-97.5
50.7467,-95.1
50.75,-95.4
50.7533,-88.8
50.7567,-91.2
50.76,-89.1
50.7633,-95.7
50.7667,-92.4
50.77,-95.4
50.7733,-89.7
50.7767,-92.7
50.78,-87
50.7833,-93.6
50.7867,-87.3
50.79,-96.3
50.7933,-93.9
50.7967,-85.8
50.8,-73.8
50.8033,-100.2
50.8067,-91.2
50.81,-90.9
50.8133,-109.5
50.8167,-87.9
50.82,-93
50.8233,-96.9
50.8267,-87
50.83,-94.8
50.8333,-96.9
50.8367,-93
50.84,-89.7
50.8433,-91.5
50.8467,-90
50.85,-86.4
50.8533,-88.8
50.8567,-101.7
50.86,-83.1
50.8633,-97.2
50.8667,-96.9
50.87,-102.3
50.8733,-93
50.8767,-97.5
50.88,-93.6
50.8833,-96
50.8867,-94.5
50.89,-97.5
50.8933,-93.6
50.8967,-95.1
50.9,-100.5
50.9033,-97.5
50.9067,-97.8
50.91,-104.1
50.9133,-95.1
50.9167,-94.2
50.92,-94.8
50.9233,-95.7
50.9267,-96.9
50.93,-100.2
50.9333,-91.8
50.9367,-99.6
50.94,-90.3
50.9433,-100.5
50.9467,-86.7
50.95,-89.1
50.9533,-89.4
50.9567,-86.1
50.96,-97.5
50.9633,-102.9
50.9667,-88.8
50.97,-105.3
50.9733,-100.8
50.9767,-92.1
50.98,-95.4
50.9833,-99
50.9867,-93.9
50.99,-91.5
50.9933,-92.7
50.9967,-96
51,-88.8
51.0033,-85.2
51.0067,-96
51.01,-97.8
51.0133,-96.9
51.0167,-93.6
51.02,-91.8
51.0233,-90.9
51.0267,-93.3
51.03,-90
51.0333,-89.4
51.0367,-93.6
51.04,-89.1
51.0433,-94.5
51.0467,-87
51.05,-96.3
51.0533,-90.9
51.0567,-94.5
51.06,-87.9
51.0633,-90.6
51.0667,-95.7
51.07,-96.9
51.0733,-93.3
51.0767,-92.1
51.08,-82.2
51.0833,-92.4
51.0867,-93.9
51.09,-83.7
51.0933,-98.4
51.0967,-93.3
51.1,-92.7
51.1033,-97.8
51.1067,-93.9
51.11,-98.1
51.1133,-95.4
51.1167,-90.6
51.12,-85.8
51.1233,-99.6
51.1267,-93.3
51.13,-99.3
51.1333,-97.2
51.1367,-94.5
51.14,-91.5
51.1433,-91.2
51.1467,-94.8
51.15,-98.4
51.1533,-93
51.1567,-94.2
51.16,-88.8
51.1633,-93.3
51.1667,-88.5
51.17,-94.2
51.1733,-93.9
51.1767,-93.3
51.18,-91.5
51.1833,-93.9
51.1867,-91.2
51.19,-94.8
51.1933,-85.8
51.1967,-92.1
51.2,-90
51.2033,-93
51.2067,-96.6
51.21,-92.7
51.2133,-91.5
51.2167,-91.5
51.22,-90
51.2233,-81.9
51.2267,-96
51.23,-79.8
51.2333,-96
51.2367,-88.5
51.24,-99
51.2433,-93
51.2467,-94.8
51.25,-89.7
51.2533,-94.8
51.2567,-92.1
51.26,-90.9
51.2633,-96.3
51.2667,-99.6
51.27,-97.8
51.2733,-102.3
51.2767,-94.5
51.28,-97.8
51.2833,-96.6
51.2867,-105
51.29,-98.7
51.2933,-99.6
51.2967,-97.5
51.3,-96
51.3033,-96.3
51.3067,-102.6
51.31,-102.6
51.3133,-95.7
51.3167,-94.2
51.32,-97.5
51.3233,-97.8
51.3267,-98.1
51.33,-99.6
51.3333,-95.1
51.3367,-98.7
51.34,-96.9
51.3433,-100.2
51.3467,-101.7
51.35,-97.5
51.3533,-94.5
51.3567,-101.4
51.36,-93.6
51.3633,-86.4
51.3667,-86.1
51.37,-103.5
51.3733,-100.8
51.3767,-99.6
51.38,-88.5
51.3833,-94.8
51.3867,-87.9
51.39,-105
51.3933,-101.7
51.3967,-90
51.4,-98.7
51.4033,-100.2
51.4067,-100.2
51.41,-93.9
51.4133,-99
51.4167,-95.1
51.42,-95.7
51.4233,-94.8
51.4267,-98.4
51.43,-99.6
51.4333,-102.6
51.4367,-96.9
51.44,-94.2
51.4433,-98.4
51.4467,-96.6
51.45,-95.4
51.4533,-103.8
51.4567,-96.3
51.46,-93.3
51.4633,-98.7
51.4667,-91.8
51.47,-99.6
51.4733,-97.5
51.4767,-89.7
51.48,-93.3
51.4833,-92.1
51.4867,-99.3
51.49,-94.2
51.4933,-88.2
51.4967,-91.8
51.5,-96.9
51.5033,-93
51.5067,-113.4
51.51,-94.5
51.5133,-86.7
51.5167,-106.2
51.52,-93.9
51.5233,-100.2
51.5267,-80.1
51.53,-108
51.5333,-109.8
51.5367,-94.8
51.54,-95.7
51.5433,-117.9
51.5467,-93.9
51.55,-105.9
51.5533,-93.3
51.5567,-99.3
51.56,-94.5
51.5633,-97.5
51.5667,-100.2
51.57,-95.7
51.5733,-98.7
51.5767,-94.8
51.58,-96.6
51.5833,-100.2
51.5867,-99.3
51.59,-98.4
51.5933,-97.5
51.5967,-96.9
51.6,-100.5
51.6033,-95.1
51.6067,-98.7
51.61,-100.5
51.6133,-96.9
51.6167,-99.3
51.62,-92.1
51.6233,-97.8
51.6267,-99.3
51.63,-96
51.6333,-98.4
51.6367,-95.1
51.64,-98.1
51.6433,-85.5
51.6467,-96.6
51.65,-82.2
51.6533,-97.2
51.6567,-104.4
51.66,-95.4
51.6633,-93.6
51.6667,-95.4
51.67,-103.5
51.6733,-95.1
51.6767,-90.9
51.68,-104.7
51.6833,-97.5
51.6867,-97.8
51.69,-92.7
51.6933,-99.3
51.6967,-96.3
51.7,-98.4
51.7033,-93.6
51.7067,-92.4
51.71,-92.4
51.7133,-96
51.7167,-97.8
51.72,-92.7
51.7233,-97.5
51.7267,-97.2
51.73,-96
51.7333,-92.1
51.7367,-93
51.74,-95.7
51.7433,-97.2
51.7467,-97.2
51.75,-93.6
51.7533,-98.7
51.7567,-91.2
51.76,-96.6
51.7633,-98.1
51.7667,-96.3
51.77,-95.7
51.7733,-101.4
51.7767,-90
51.78,-90.6
51.7833,-84.6
51.7867,-97.5
51.79,-83.7
51.7933,-95.7
51.7967,-93
51.8,-95.7
51.8033,-92.1
51.8067,-101.7
51.81,-95.1
51.8133,-93.9
51.8167,-89.1
51.82,-85.5
51.8233,-94.8
51.8267,-101.7
51.83,-92.7
51.8333,-93
51.8367,-92.1
51.84,-91.5
51.8433,-92.7
51.8467,-95.7
51.85,-92.7
51.8533,-97.5
51.8567,-90
51.86,-98.4
51.8633,-91.5
51.8667,-98.1
51.87,-99
51.8733,-96.9
51.8767,-96.3
51.88,-99.3
51.8833,-95.7
51.8867,-93.3
51.89,-96.9
51.8933,-94.8
51.8967,-91.2
51.9,-97.8
51.9033,-97.8
51.9067,-96.9
51.91,-85.8
51.9133,-97.8
51.9167,-102.3
51.92,-96
51.9233,-90
51.9267,-114.6
51.93,-104.1
51.9333,-91.5
51.9367,-96.9
51.94,-100.2
51.9433,-102.3
51.9467,-101.1
51.95,-98.7
51.9533,-95.4
51.9567,-96.9
51.96,-101.1
51.9633,-96
51.9667,-94.5
51.97,-98.7
51.9733,-106.2
51.9767,-101.1
51.98,-98.4
51.9833,-94.5
51.9867,-99
51.99,-95.7
51.9933,-103.8
51.9967,-93
52,-95.4
52.0033,-94.5
52.0067,-103.2
52.01,-92.7
52.0133,-97.2
52.0167,-92.1
52.02,-92.7
52.0233,-92.1
52.0267,-98.4
52.03,-92.7
52.0333,-102.9
52.0367,-96.3
52.04,-99.3
52.0433,-95.1
52.0467,-93.9
52.05,-98.1
52.0533,-94.8
52.0567,-68.7
52.06,-107.7
52.0633,-93
52.0667,-91.2
52.07,-98.7
52.0733,-96.9
52.0767,-95.1
52.08,-99.9
52.0833,-87.6
52.0867,-102
52.09,-94.8
52.0933,-98.7
52.0967,-87.9
52.1,-87
52.1033,-88.2
52.1067,-98.7
52.11,-91.8
52.1133,-93.9
52.1167,-90.9
52.12,-94.8
52.1233,-91.5
52.1267,-96.3
52.13,-93.3
52.1333,-94.8
52.1367,-92.7
52.14,-89.7
52.1433,-89.7
52.1467,-98.4
52.15,-89.7
52.1533,-95.1
52.1567,-90.3
52.16,-96.9
52.1633,-84.3
52.1667,-101.1
52.17,-94.8
52.1733,-90.6
52.1767,-94.2
52.18,-89.4
52.1833,-90.9
52.1867,-93
52.19,-71.4
52.1933,-89.7
52.1967,-102.6
52.2,-105.6
52.2033,-89.1
52.2067,-105.6
52.21,-94.2
52.2133,-87.9
52.2167,-82.2
52.22,-102.9
52.2233,-89.1
52.2267,-102.9
52.23,-91.5
52.2333,-85.5
52.2367,-100.8
52.24,-104.1
52.2433,-97.8
52.2467,-98.7
52.25,-102
52.2533,-96.3
52.2567,-91.8
52.26,-97.8
52.2633,-95.1
52.2667,-94.8
52.27,-97.5
52.2733,-96
52.2767,-88.8
52.28,-93.3
52.2833,-91.2
52.2867,-95.4
52.29,-95.4
52.2933,-99.3
52.2967,-90.9
52.3,-96.3
52.3033,-96
52.3067,-101.1
52.31,-99.6
52.3133,-101.1
52.3167,-93.9
52.32,-94.2
52.3233,-99.6
52.3267,-84.3
52.33,-92.4
52.3333,-96.3
52.3367,-104.4
52.34,-100.2
52.3433,-94.5
52.3467,-98.1
52.35,-106.5
52.3533,-84.6
52.3567,-102.3
52.36,-100.8
52.3633,-97.8
52.3667,-103.5
52.37,-105.6
52.3733,-98.7
52.3767,-95.7
52.38,-100.8
52.3833,-102
52.3867,-103.8
52.39,-98.7
52.3933,-102
52.3967,-97.2
52.4,-106.5
52.4033,-98.7
52.4067,-104.1
52.41,-98.1
52.4133,-101.7
52.4167,-99.6
52.42,-105.3
52.4233,-103.5
52.4267,-103.5
52.43,-99
52.4333,-101.1
52.4367,-97.2
52.44,-96.6
52.4433,-98.7
52.4467,-104.4
52.45,-101.7
52.4533,-103.5
52.4567,-99
52.46,-100.2
52.4633,-94.8
52.4667,-101.7
52.47,-104.4
52.4733,-95.7
52.4767,-93.9
52.48,-94.5
52.4833,-100.2
52.4867,-95.7
52.49,-98.7
52.4933,-112.8
52.4967,-101.1
52.5,-102
52.5033,-98.7
52.5067,-107.4
52.51,-108.3
52.5133,-109.5
52.5167,-98.1
52.52,-92.4
52.5233,-101.1
52.5267,-116.7
52.53,-105.6
52.5333,-109.2
52.5367,-100.5
52.54,-106.2
52.5433,-101.4
52.5467,-107.1
52.55,-101.4
52.5533,-108.9
52.5567,-101.1
52.56,-107.1
52.5633,-100.2
52.5667,-107.7
52.57,-102.3
52.5733,-104.1
52.5767,-102.6
52.58,-104.7
52.5833,-103.5
52.5867,-102.9
52.59,-103.8
52.5933,-102
52.5967,-99
52.6,-102.9
52.6033,-102.6
52.6067,-102.3
52.61,-99.6
52.6133,-100.5
52.6167,-97.5
52.62,-96.9
52.6233,-93.6
52.6267,-89.7
52.63,-100.5
52.6333,-111.3
52.6367,-97.5
52.64,-109.8
52.6433,-104.7
52.6467,-100.2
52.65,-101.1
52.6533,-100.5
52.6567,-94.2
52.66,-102.9
52.6633,-106.2
52.6667,-103.8
52.67,-102.3
52.6733,-92.1
52.6767,-103.8
52.68,-113.1
52.6833,-100.8
52.6867,-105.9
52.69,-101.4
52.6933,-106.2
52.6967,-99.3
52.7,-102
52.7033,-97.5
52.7067,-100.8
52.71,-103.2
52.7133,-99.9
52.7167,-101.7
52.72,-96.6
52.7233,-99.9
52.7267,-102.9
52.73,-102.6
52.7333,-99.6
52.7367,-101.4
52.74,-107.1
52.7433,-101.4
52.7467,-110.4
52.75,-87.3
52.7533,-84.9
52.7567,-95.7
52.76,-120.3
52.7633,-92.7
52.7667,-108
52.77,-116.4
52.7733,-103.8
52.7767,-99.3
52.78,-109.8
52.7833,-100.5
52.7867,-109.5
52.79,-96.3
52.7933,-95.1
52.7967,-107.4
52.8,-107.1
52.8033,-94.8
52.8067,-107.4
52.81,-105.9
52.8133,-98.4
52.8167,-94.2
52.82,-103.5
52.8233,-106.5
52.8267,-103.5
52.83,-106.5
52.8333,-103.2
52.8367,-100.5
52.84,-100.2
52.8433,-104.4
52.8467,-103.5
52.85,-102.6
52.8533,-102.6
52.8567,-95.4
52.86,-100.5
52.8633,-100.8
52.8667,-102.9
52.87,-104.4
52.8733,-100.5
52.8767,-96
52.88,-95.1
52.8833,-100.2
52.8867,-93
52.89,-110.1
52.8933,-95.4
52.8967,-94.5
52.9,-95.4
52.9033,-106.8
52.9067,-99.3
52.91,-111.6
52.9133,-105.6
52.9167,-105.6
52.92,-95.4
52.9233,-90.6
52.9267,-101.4
52.93,-109.8
52.9333,-106.5
52.9367,-102.3
52.94,-100.5
52.9433,-102
52.9467,-102.3
52.95,-107.4
52.9533,-104.1
52.9567,-99.3
52.96,-101.7
52.9633,-103.8
52.9667,-105
52.97,-102.9
52.9733,-103.2
52.9767,-101.7
52.98,-102
52.9833,-100.8
52.9867,-110.1
52.99,-111.3
52.9933,-109.2
52.9967,-101.1
53,-101.4
53.0033,-95.7
53.0067,-101.4
53.01,-101.1
53.0133,-81
53.0167,-102.6
53.02,-115.8
53.0233,-102.3
53.0267,-109.2
53.03,-103.2
53.0333,-106.8
53.0367,-96.6
53.04,-110.7
53.0433,-114.9
53.0467,-105.9
53.05,-110.7
53.0533,-108.6
53.0567,-103.2
53.06,-104.1
53.0633,-105.9
53.0667,-105
53.07,-106.5
53.0733,-100.8
53.0767,-101.1
53.08,-101.7
53.0833,-106.2
53.0867,-107.7
53.09,-102.9
53.0933,-105.3
53.0967,-99.9
53.1,-101.1
53.1033,-102.9
53.1067,-106.2
53.11,-105.3
53.1133,-105.3
53.1167,-103.5
53.12,-106.8
53.1233,-108.9
53.1267,-107.4
53.13,-104.1
53.1333,-105.9
53.1367,-102.3
53.14,-101.4
53.1433,-106.2
53.1467,-100.5
53.15,-100.5
53.1533,-123
53.1567,-105.9
53.16,-112.8
53.1633,-109.2
53.1667,-107.7
53.17,-108.6
53.1733,-103.8
53.1767,-97.2
53.18,-105.9
53.1833,-117.6
53.1867,-113.4
53.19,-96.9
53.1933,-109.5
53.1967,-105.6
53.2,-112.2
53.2033,-105.6
53.2067,-107.4
53.21,-106.2
53.2133,-111.9
53.2167,-109.5
53.22,-103.2
53.2233,-107.7
53.2267,-104.1
53.23,-108.3
53.2333,-106.5
53.2367,-102.9
53.24,-106.5
53.2433,-110.4
53.2467,-113.1
53.25,-104.1
53.2533,-105.6
53.2567,-101.4
53.26,-107.7
53.2633,-108.3
53.2667,-109.8
53.27,-106.2
53.2733,-105
53.2767,-99.3
53.28,-107.7
53.2833,-108.6
53.2867,-106.2
53.29,-103.5
53.2933,-102.6
53.2967,-106.2
53.3,-99.9
53.3033,-100.5
53.3067,-97.8
53.31,-119.4
53.3133,-111
53.3167,-111.9
53.32,-107.1
53.3233,-107.1
53.3267,-82.2
53.33,-118.2
53.3333,-106.8
53.3367,-106.2
53.34,-97.8
53.3433,-100.8
53.3467,-113.4
53.35,-109.8
53.3533,-105.3
53.3567,-105.6
53.36,-106.8
53.3633,-109.2
53.3667,-106.2
53.37,-104.4
53.3733,-103.8
53.3767,-104.4
53.38,-103.5
53.3833,-108
53.3867,-108
53.39,-105.9
53.3933,-106.8
53.3967,-102
53.4,-107.1
53.4033,-107.4
53.4067,-107.4
53.41,-114.3
53.4133,-104.4
53.4167,-104.7
53.42,-107.4
53.4233,-112.5
53.4267,-107.4
53.43,-113.1
53.4333,-86.4
53.4367,-110.4
53.44,-111.3
53.4433,-127.5
53.4467,-123.9
53.45,-114
53.4533,-105.3
53.4567,-111
53.46,-114.3
53.4633,-109.2
53.4667,-117.9
53.47,-116.7
53.4733,-113.7
53.4767,-113.1
53.48,-113.1
53.4833,-120.6
53.4867,-118.8
53.49,-110.1
53.4933,-118.2
53.4967,-120.6
53.5,-117
53.5033,-120.6
53.5067,-120.3
53.51,-117.3
53.5133,-116.7
53.5167,-115.2
53.52,-115.8
53.5233,-118.2
53.5267,-116.7
53.53,-120
53.5333,-110.4
53.5367,-116.4
53.54,-116.4
53.5433,-115.8
53.5467,-115.2
53.55,-113.7
53.5533,-110.4
53.5567,-114.9
53.56,-120.6
53.5633,-111.9
53.5667,-111
53.57,-107.1
53.5733,-121.5
53.5767,-115.8
53.58,-120.3
53.5833,-105.3
53.5867,-117.9
53.59,-112.2
53.5933,-121.2
53.5967,-119.1
53.6,-106.5
53.6033,-114.3
53.6067,-122.4
53.61,-103.8
53.6133,-115.5
53.6167,-118.5
53.62,-116.4
53.6233,-130.5
53.6267,-114.3
53.63,-117.9
53.6333,-118.8
53.6367,-111.3
53.64,-131.1
53.6433,-115.5
53.6467,-120.3
53.65,-120.6
53.6533,-123.3
53.6567,-115.8
53.66,-121.8
53.6633,-117.9
53.6667,-126
53.67,-115.5
53.6733,-112.5
53.6767,-117.6
53.68,-110.7
53.6833,-117.6
53.6867,-119.7
53.69,-112.5
53.6933,-111.3
53.6967,-117.6
53.7,-114
53.7033,-122.4
53.7067,-112.2
53.71,-124.2
53.7133,-103.2
53.7167,-110.7
53.72,-120.9
53.7233,-107.1
53.7267,-116.1
53.73,-122.7
53.7333,-114.3
53.7367,-111.9
53.74,-120.6
53.7433,-115.2
53.7467,-122.1
53.75,-113.1
53.7533,-126.3
53.7567,-118.2
53.76,-123.6
53.7633,-120.6
53.7667,-118.5
53.77,-126.6
53.7733,-122.4
53.7767,-120.3
53.78,-114.6
53.7833,-121.5
53.7867,-126
53.79,-116.4
53.7933,-118.8
53.7967,-113.4
53.8,-121.2
53.8033,-122.7
53.8067,-114
53.81,-115.8
53.8133,-111
53.8167,-116.1
53.82,-112.5
53.8233,-120
53.8267,-113.1
53.83,-114.6
53.8333,-116.1
53.8367,-115.2
53.84,-115.5
53.8433,-111.9
53.8467,-113.4
53.85,-109.2
53.8533,-108.3
53.8567,-124.5
53.86,-105
53.8633,-132.6
53.8667,-120.3
53.87,-117.3
53.8733,-120.6
53.8767,-118.2
53.88,-119.7
53.8833,-121.8
53.8867,-119.1
53.89,-120.9
53.8933,-107.4
53.8967,-113.1
53.9,-113.1
53.9033,-134.1
53.9067,-120
53.91,-123.9
53.9133,-114.9
53.9167,-123.9
53.92,-118.2
53.9233,-118.2
53.9267,-124.2
53.93,-126.3
53.9333,-117.3
53.9367,-119.4
53.94,-123.9
53.9433,-125.1
53.9467,-119.1
53.95,-119.4
53.9533,-118.8
53.9567,-118.8
53.96,-115.8
53.9633,-121.8
53.9667,-116.7
53.97,-117
53.9733,-113.4
53.9767,-117.6
53.98,-113.1
53.9833,-113.4
53.9867,-115.5
53.99,-111
53.9933,-116.7
53.9967,-110.4
54,-118.5
54.0033,-116.4
54.0067,-124.5
54.01,-128.4
54.0133,-132.6
54.0167,-123.9
54.02,-123
54.0233,-129.9
54.0267,-122.4
54.03,-123
54.0333,-102.9
54.0367,-125.1
54.04,-113.1
54.0433,-124.8
54.0467,-122.4
54.05,-119.7
54.0533,-116.1
54.0567,-122.4
54.06,-120.6
54.0633,-121.8
54.0667,-120.6
54.07,-123.3
54.0733,-119.4
54.0767,-120.6
54.08,-120.9
54.0833,-120
54.0867,-117
54.09,-118.2
54.0933,-118.5
54.0967,-123
54.1,-119.4
54.1033,-121.5
54.1067,-115.2
54.11,-122.4
54.1133,-115.2
54.1167,-116.4
54.12,-122.1
54.1233,-118.5
54.1267,-112.5
54.13,-122.7
54.1333,-111.9
54.1367,-121.2
54.14,-123.6
54.1433,-120.6
54.1467,-120.9
54.15,-115.5
54.1533,-117.9
54.1567,-129
54.16,-128.7
54.1633,-127.5
54.1667,-119.7
54.17,-120.9
54.1733,-119.4
54.1767,-120.3
54.18,-120.3
54.1833,-126
54.1867,-123.6
54.19,-120.3
54.1933,-118.8
54.1967,-120.9
54.2,-117.9
54.2033,-120.3
54.2067,-124.8
54.21,-121.8
54.2133,-120
54.2167,-120
54.22,-120
54.2233,-126.3
54.2267,-120.9
54.23,-119.7
54.2333,-110.4
54.2367,-123.3
54.24,-126.6
54.2433,-128.4
54.2467,-122.4
54.25,-124.8
54.2533,-118.5
54.2567,-127.5
54.26,-115.5
54.2633,-115.2
54.2667,-109.2
54.27,-121.5
54.2733,-123.6
54.2767,-118.5
54.28,-105.9
54.2833,-133.8
54.2867,-118.8
54.29,-123.9
54.2933,-105.6
54.2967,-114.3
54.3,-129.3
54.3033,-123
54.3067,-126.9
54.31,-118.2
54.3133,-118.8
54.3167,-115.2
54.32,-113.4
54.3233,-113.1
54.3267,-127.8
54.33,-119.4
54.3333,-118.2
54.3367,-116.4
54.34,-117.9
54.3433,-114
54.3467,-111.9
54.35,-118.5
54.3533,-115.5
54.3567,-117.9
54.36,-114.3
54.3633,-120.9
54.3667,-119.1
54.37,-123.9
54.3733,-112.8
54.3767,-119.4
54.38,-116.1
54.3833,-125.1
54.3867,-117.6
54.39,-121.2
54.3933,-116.4
54.3967,-123.6
54.4,-114
54.4033,-105
54.4067,-109.5
54.41,-125.1
54.4133,-120.3
54.4167,-113.4
54.42,-121.5
54.4233,-117.9
54.4267,-120.3
54.43,-123.6
54.4333,-119.1
54.4367,-115.5
54.44,-115.5
54.4433,-112.8
54.4467,-115.5
54.45,-120
54.4533,-114.3
54.4567,-122.7
54.46,-120
54.4633,-123.6
54.4667,-119.1
54.47,-123.9
54.4733,-119.4
54.4767,-120.6
54.48,-118.5
54.4833,-118.2
54.4867,-114.9
54.49,-120
54.4933,-110.4
54.4967,-118.2
54.5,-120.6
54.5033,-116.4
54.5067,-118.2
54.51,-114.3
54.5133,-110.4
54.5167,-113.4
54.52,-111.6
54.5233,-117
54.5267,-113.7
54.53,-113.1
54.5333,-112.5
54.5367,-109.5
54.54,-111.6
54.5433,-110.7
54.5467,-116.7
54.55,-99
54.5533,-101.4
54.5567,-113.4
54.56,-122.7
54.5633,-114.9
54.5667,-109.2
54.57,-123.3
54.5733,-111.3
54.5767,-117.9
54.58,-114.9
54.5833,-127.2
54.5867,-108.9
54.59,-115.5
54.5933,-114
54.5967,-118.5
54.6,-116.4
54.6033,-117
54.6067,-114.3
54.61,-115.2
54.6133,-115.8
54.6167,-116.7
54.62,-121.8
54.6233,-118.2
54.6267,-120.6
54.63,-116.1
54.6333,-116.7
54.6367,-120.9
54.64,-118.8
54.6433,-120.9
54.6467,-120.3
54.65,-125.7
54.6533,-114.6
54.6567,-120.3
54.66,-120.6
54.6633,-121.8
54.6667,-121.8
54.67,-122.1
54.6733,-120.3
54.6767,-121.8
54.68,-121.8
54.6833,-126.6
54.6867,-121.8
54.69,-113.1
54.6933,-120.3
54.6967,-113.1
54.7,-103.2
54.7033,-130.2
54.7067,-134.4
54.71,-126.6
54.7133,-125.1
54.7167,-125.1
54.72,-122.4
54.7233,-126
54.7267,-105.6
54.73,-117.9
54.7333,-129.3
54.7367,-117.9
54.74,-124.2
54.7433,-123
54.7467,-130.8
54.75,-126.9
54.7533,-122.7
54.7567,-123
54.76,-122.4
54.7633,-123.3
54.7667,-123
54.77,-123
54.7733,-114
54.7767,-120.9
54.78,-116.7
54.7833,-123.6
54.7867,-120.3
54.79,-120.9
54.7933,-114
54.7967,-122.4
54.8,-120.3
54.8033,-120.3
54.8067,-124.5
54.81,-123
54.8133,-117.3
54.8167,-119.1
54.82,-115.2
54.8233,-119.1
54.8267,-122.7
54.83,-105.9
54.8333,-96.9
54.8367,-127.5
54.84,-129
54.8433,-120
54.8467,-113.1
54.85,-110.4
54.8533,-123
54.8567,-122.1
54.86,-120
54.8633,-123.9
54.8667,-113.7
54.87,-120
54.8733,-112.2
54.8767,-113.4
54.88,-117.3
54.8833,-120
54.8867,-120.3
54.89,-117.9
54.8933,-119.4
54.8967,-123.3
54.9,-121.8
54.9033,-124.2
54.9067,-111.9
54.91,-117.3
54.9133,-111.3
54.9167,-119.1
54.92,-111.9
54.9233,-118.5
54.9267,-112.8
54.93,-118.8
54.9333,-111.3
54.9367,-114.3
54.94,-118.8
54.9433,-124.5
54.9467,-111.6
54.95,-114.9
54.9533,-116.1
54.9567,-105.3
54.96,-98.7
54.9633,-117.6
54.9667,-111.9
54.97,-117.9
54.9733,-119.1
54.9767,-127.5
54.98,-104.1
54.9833,-125.7
54.9867,-123.9
54.99,-118.2
54.9933,-108.6
54.9967,-89.7
55,-126.3
55.0033,-130.8
55.0067,-115.2
55.01,-118.5
55.0133,-115.8
55.0167,-126.3
55.02,-120.6
55.0233,-119.7
55.0267,-118.8
55.03,-118.2
55.0333,-122.4
55.0367,-116.4
55.04,-126.9
55.0433,-123.3
55.0467,-113.4
55.05,-114.9
55.0533,-116.7
55.0567,-118.5
55.06,-114
55.0633,-121.5
55.0667,-116.7
55.07,-118.8
55.0733,-116.7
55.0767,-119.7
55.08,-117
55.0833,-120.3
55.0867,-119.4
55.09,-116.7
55.0933,-116.4
55.0967,-116.4
55.1,-108.9
55.1033,-109.5
55.1067,-119.1
55.11,-107.4
55.1133,-107.7
55.1167,-117.9
55.12,-120.9
55.1233,-124.5
55.1267,-122.7
55.13,-123.9
55.1333,-114.6
55.1367,-117.9
55.14,-120
55.1433,-122.1
55.1467,-128.4
55.15,-115.2
55.1533,-109.5
55.1567,-110.4
55.16,-123.3
55.1633,-121.8
55.1667,-117.9
55.17,-125.4
55.1733,-116.1
55.1767,-119.7
55.18,-115.5
55.1833,-116.7
55.1867,-120.9
55.19,-113.7
55.1933,-114.3
55.1967,-116.7
55.2,-114
55.2033,-121.8
55.2067,-117.6
55.21,-112.2
55.2133,-114.9
55.2167,-119.1
55.22,-117
55.2233,-117.6
55.2267,-118.5
55.23,-115.2
55.2333,-113.4
55.2367,-113.7
55.24,-117
55.2433,-102
55.2467,-110.1
55.25,-120
55.2533,-115.2
55.2567,-120
55.26,-120.3
55.2633,-113.4
55.2667,-112.2
55.27,-122.4
55.2733,-117.6
55.2767,-120.6
55.28,-115.5
55.2833,-120.9
55.2867,-108.3
55.29,-113.1
55.2933,-118.5
55.2967,-117.9
55.3,-120
55.3033,-121.2
55.3067,-116.7
55.31,-117.6
55.3133,-113.4
55.3167,-115.5
55.32,-117.9
55.3233,-118.2
55.3267,-119.1
55.33,-115.8
55.3333,-108
55.3367,-118.5
55.34,-119.1
55.3433,-113.1
55.3467,-118.8
55.35,-115.5
55.3533,-107.4
55.3567,-111.6
55.36,-114.9
55.3633,-111.6
55.3667,-103.8
55.37,-97.8
55.3733,-113.4
55.3767,-123.3
55.38,-116.4
55.3833,-111
55.3867,-106.8
55.39,-104.1
55.3933,-112.5
55.3967,-115.5
55.4,-115.5
55.4033,-111.6
55.4067,-116.7
55.41,-103.2
55.4133,-114.3
55.4167,-115.2
55.42,-115.5
55.4233,-109.5
55.4267,-110.4
55.43,-102.6
55.4333,-109.5
55.4367,-111.3
55.44,-109.8
55.4433,-117.6
55.4467,-112.5
55.45,-108.9
55.4533,-104.4
55.4567,-114
55.46,-115.2
55.4633,-115.5
55.4667,-111
55.47,-111.9
55.4733,-109.2
55.4767,-110.7
55.48,-107.7
55.4833,-115.5
55.4867,-114.9
55.49,-118.5
55.4933,-107.7
55.4967,-108.3
55.5,-114.9
55.5033,-112.8
55.5067,-116.4
55.51,-118.5
55.5133,-116.7
55.5167,-105.9
55.52,-104.4
55.5233,-107.4
55.5267,-122.1
55.53,-123.3
55.5333,-107.4
55.5367,-114.9
55.54,-126.6
55.5433,-123.3
55.5467,-118.8
55.55,-118.2
55.5533,-115.8
55.5567,-115.8
55.56,-123
55.5633,-110.4
55.5667,-114.6
55.57,-122.4
55.5733,-112.8
55.5767,-123.6
55.58,-117.3
55.5833,-122.7
55.5867,-120
55.59,-116.1
55.5933,-115.5
55.5967,-115.8
55.6,-117
55.6033,-118.8
55.6067,-116.7
55.61,-113.4
55.6133,-117.3
55.6167,-116.1
55.62,-117.9
55.6233,-119.7
55.6267,-118.2
55.63,-117.9
55.6333,-114.9
55.6367,-117.3
55.64,-114
55.6433,-119.1
55.6467,-117.3
55.65,-103.8
55.6533,-113.7
55.6567,-105.6
55.66,-123.9
55.6633,-125.7
55.6667,-114.3
55.67,-111.9
55.6733,-113.7
55.6767,-120.9
55.68,-128.7
55.6833,-123.9
55.6867,-123.3
55.69,-102
55.6933,-125.7
55.6967,-119.7
55.7,-125.4
55.7033,-123.9
55.7067,-117.9
55.71,-121.2
55.7133,-120.3
55.7167,-115.2
55.72,-118.8
55.7233,-118.8
55.7267,-119.1
55.73,-116.4
55.7333,-121.8
55.7367,-113.7
55.74,-123
55.7433,-117.3
55.7467,-118.8
55.75,-119.7
55.7533,-124.5
55.7567,-115.2
55.76,-121.5
55.7633,-115.5
55.7667,-125.1
55.77,-115.5
55.7733,-118.2
55.7767,-120.3
55.78,-121.8
55.7833,-121.5
55.7867,-120.9
55.79,-115.8
55.7933,-113.7
55.7967,-116.1
55.8,-112.2
55.8033,-105.9
55.8067,-115.8
55.81,-134.7
55.8133,-119.4
55.8167,-121.2
55.82,-123.3
55.8233,-121.5
55.8267,-120.6
55.83,-119.4
55.8333,-120.6
55.8367,-117.6
55.84,-111.9
55.8433,-111.3
55.8467,-127.5
55.85,-126.9
55.8533,-115.2
55.8567,-116.1
55.86,-122.7
55.8633,-118.2
55.8667,-119.7
55.87,-114.3
55.8733,-115.5
55.8767,-110.7
55.88,-115.8
55.8833,-118.5
55.8867,-116.7
55.89,-117
55.8933,-117
55.8967,-116.4
55.9,-120.9
55.9033,-118.5
55.9067,-122.7
55.91,-118.2
55.9133,-109.8
55.9167,-118.8
55.92,-121.2
55.9233,-117.9
55.9267,-111.9
55.93,-114
55.9333,-119.7
55.9367,-108.9
55.94,-105.6
55.9433,-108.9
55.9467,-109.5
55.95,-123.9
55.9533,-119.4
55.9567,-118.5
55.96,-119.4
55.9633,-119.7
55.9667,-116.1
55.97,-111.3
55.9733,-115.5
55.9767,-119.1
55.98,-117.3
55.9833,-106.2
55.9867,-116.4
55.99,-113.4
55.9933,-111.6
55.9967,-113.7
56,-117.9
56.0033,-113.7
56.0067,-119.7
56.01,-108
56.0133,-115.8
56.0167,-109.5
56.02,-115.8
56.0233,-115.5
56.0267,-114.3
56.03,-112.5
56.0333,-113.1
56.0367,-112.5
56.04,-123
56.0433,-114
56.0467,-115.8
56.05,-112.2
56.0533,-114.6
56.0567,-110.7
56.06,-120.9
56.0633,-113.1
56.0667,-115.2
56.07,-107.1
56.0733,-100.2
56.0767,-93.6
56.08,-116.4
56.0833,-113.7
56.0867,-120.6
56.09,-104.7
56.0933,-114.3
56.0967,-115.8
56.1,-114.9
56.1033,-122.4
56.1067,-106.5
56.11,-106.8
56.1133,-122.1
56.1167,-117.9
56.12,-116.1
56.1233,-112.2
56.1267,-111.6
56.13,-108.3
56.1333,-111
56.1367,-107.7
56.14,-114.9
56.1433,-116.7
56.1467,-111.9
56.15,-110.1
56.1533,-111
56.1567,-112.8
56.16,-111.3
56.1633,-118.2
56.1667,-113.1
56.17,-108.6
56.1733,-111
56.1767,-111.6
56.18,-113.1
56.1833,-115.2
56.1867,-111.9
56.19,-106.8
56.1933,-108.9
56.1967,-107.7
56.2,-113.1
56.2033,-111.6
56.2067,-114.9
56.21,-112.2
56.2133,-105.6
56.2167,-99.6
56.22,-111.6
56.2233,-122.7
56.2267,-81.6
56.23,-100.5
56.2333,-121.2
56.2367,-122.4
56.24,-116.4
56.2433,-112.2
56.2467,-115.8
56.25,-107.1
56.2533,-111
56.2567,-114.3
56.26,-112.8
56.2633,-109.8
56.2667,-111.6
56.27,-107.4
56.2733,-111.3
56.2767,-110.4
56.28,-118.5
56.2833,-112.8
56.2867,-107.4
56.29,-100.5
56.2933,-107.4
56.2967,-105.9
56.3,-108.3
56.3033,-109.2
56.3067,-109.2
56.31,-105.6
56.3133,-108.6
56.3167,-108.9
56.32,-114
56.3233,-107.7
56.3267,-114.3
56.33,-106.8
56.3333,-111
56.3367,-110.1
56.34,-107.4
56.3433,-107.1
56.3467,-81.6
56.35,-104.1
56.3533,-121.5
56.3567,-105.9
56.36,-100.5
56.3633,-122.7
56.3667,-114.9
56.37,-101.1
56.3733,-109.5
56.3767,-110.7
56.38,-118.2
56.3833,-90.3
56.3867,-123.3
56.39,-117
56.3933,-104.4
56.3967,-100.8
56.4,-117.6
56.4033,-108.6
56.4067,-110.7
56.41,-109.8
56.4133,-113.1
56.4167,-106.8
56.42,-108
56.4233,-104.7
56.4267,-111
56.43,-104.7
56.4333,-105.9
56.4367,-102.9
56.44,-105.6
56.4433,-105
56.4467,-104.7
56.45,-102.9
56.4533,-103.5
56.4567,-103.2
56.46,-105.6
56.4633,-102.6
56.4667,-107.4
56.47,-98.1
56.4733,-103.8
56.4767,-96.6
56.48,-105.9
56.4833,-98.7
56.4867,-103.5
56.49,-96
56.4933,-99.3
56.4967,-98.1
56.5,-94.2
56.5033,-91.5
56.5067,-105
56.51,-87.9
56.5133,-107.7
56.5167,-97.2
56.52,-105.9
56.5233,-83.7
56.5267,-111.3
56.53,-97.8
56.5333,-98.4
56.5367,-97.5
56.54,-92.7
56.5433,-100.5
56.5467,-99.6
56.55,-99.3
56.5533,-101.1
56.5567,-95.1
56.56,-96.9
56.5633,-95.4
56.5667,-93.3
56.57,-94.8
56.5733,-95.4
56.5767,-99.3
56.58,-97.2
56.5833,-95.4
56.5867,-98.1
56.59,-90.3
56.5933,-93.3
56.5967,-92.4
56.6,-96.9
56.6033,-95.1
56.6067,-90.9
56.61,-91.2
56.6133,-93
56.6167,-86.7
56.62,-99.9
56.6233,-88.8
56.6267,-90.6
56.63,-90
56.6333,-92.7
56.6367,-89.1
56.64,-78
56.6433,-100.5
56.6467,-85.2
56.65,-82.5
56.6533,-82.2
56.6567,-95.7
56.66,-100.5
56.6633,-97.2
56.6667,-95.7
56.67,-90.9
56.6733,-95.4
56.6767,-92.1
56.68,-99.6
56.6833,-91.5
56.6867,-95.4
56.69,-87
56.6933,-87.6
56.6967,-89.1
56.7,-102.6
56.7033,-98.7
56.7067,-93.9
56.71,-93
56.7133,-95.1
56.7167,-93.3
56.72,-98.4
56.7233,-93.9
56.7267,-98.7
56.73,-85.5
56.7333,-96.3
56.7367,-91.8
56.74,-100.2
56.7433,-94.5
56.7467,-93.3
56.75,-92.4
56.7533,-95.4
56.7567,-95.4
56.76,-97.2
56.7633,-99
56.7667,-90
56.77,-92.1
56.7733,-92.4
56.7767,-96.3
56.78,-90.9
56.7833,-82.5
56.7867,-93.9
56.79,-91.5
56.7933,-89.7
56.7967,-97.5
56.8,-101.4
56.8033,-79.2
56.8067,-84.6
56.81,-95.7
56.8133,-99.9
56.8167,-97.8
56.82,-93
56.8233,-94.2
56.8267,-86.4
56.83,-88.8
56.8333,-82.2
56.8367,-98.7
56.84,-96.6
56.8433,-97.8
56.8467,-87.9
56.85,-93.6
56.8533,-94.2
56.8567,-92.7
56.86,-91.8
56.8633,-90.9
56.8667,-94.2
56.87,-84.9
56.8733,-91.5
56.8767,-91.2
56.88,-87.9
56.8833,-89.7
56.8867,-87.3
56.89,-88.2
56.8933,-90.9
56.8967,-91.5
56.9,-93
56.9033,-88.5
56.9067,-84
56.91,-82.8
56.9133,-86.7
56.9167,-92.4
56.92,-88.8
56.9233,-87.9
56.9267,-78.9
56.93,-87.3
56.9333,-81.6
56.9367,-71.7
56.94,-96.9
56.9433,-90
56.9467,-80.1
56.95,-87.3
56.9533,-84.9
56.9567,-103.5
56.96,-88.2
56.9633,-90
56.9667,-93.3
56.97,-87.9
56.9733,-84.3
56.9767,-82.8
56.98,-98.1
56.9833,-90
56.9867,-84.9
56.99,-79.8
56.9933,-92.7
56.9967,-86.7
57,-91.2
57.0033,-87.9
57.0067,-95.1
57.01,-85.8
57.0133,-91.5
57.0167,-93.6
57.02,-94.2
57.0233,-92.1
57.0267,-91.8
57.03,-86.4
57.0333,-90
57.0367,-88.8
57.04,-95.4
57.0433,-91.8
57.0467,-90.6
57.05,-82.2
57.0533,-83.1
57.0567,-86.4
57.06,-90.9
57.0633,-80.7
57.0667,-90.9
57.07,-79.8
57.0733,-91.2
57.0767,-87.9
57.08,-94.5
57.0833,-85.8
57.0867,-75.3
57.09,-92.7
57.0933,-87.6
57.0967,-90
57.1,-91.5
57.1033,-95.4
57.1067,-87.3
57.11,-87.6
57.1133,-88.5
57.1167,-88.5
57.12,-90.3
57.1233,-90.3
57.1267,-88.5
57.13,-86.7
57.1333,-87
57.1367,-84.9
57.14,-94.8
57.1433,-83.1
57.1467,-86.4
57.15,-86.4
57.1533,-87.6
57.1567,-85.8
57.16,-91.5
57.1633,-90.3
57.1667,-84.9
57.17,-87.3
57.1733,-88.5
57.1767,-87.3
57.18,-86.4
57.1833,-87.6
57.1867,-89.7
57.19,-82.8
57.1933,-82.5
57.1967,-78.9
57.2,-72.9
57.2033,-79.8
57.2067,-99.3
57.21,-74.4
57.2133,-90.6
57.2167,-90.3
57.22,-91.2
57.2233,-83.4
57.2267,-87
57.23,-90.9
57.2333,-93
57.2367,-78.6
57.24,-90.3
57.2433,-84.6
57.2467,-90
57.25,-75
57.2533,-83.7
57.2567,-101.7
57.26,-88.8
57.2633,-88.2
57.2667,-85.5
57.27,-82.5
57.2733,-84.3
57.2767,-87.9
57.28,-85.8
57.2833,-79.5
57.2867,-88.2
57.29,-84.9
57.2933,-84.6
57.2967,-84.6
57.3,-85.8
57.3033,-81
57.3067,-82.2
57.31,-78.3
57.3133,-83.1
57.3167,-84.6
57.32,-78.3
57.3233,-91.5
57.3267,-80.7
57.33,-81.9
57.3333,-79.2
57.3367,-83.7
57.34,-78.3
57.3433,-77.1
57.3467,-77.4
57.35,-85.2
57.3533,-85.8
57.3567,-83.1
57.36,-81.9
57.3633,-85.5
57.3667,-93
57.37,-80.1
57.3733,-84.3
57.3767,-85.8
57.38,-78.9
57.3833,-78.3
57.3867,-85.8
57.39,-76.5
57.3933,-81.3
57.3967,-88.5
57.4,-85.8
57.4033,-82.5
57.4067,-86.4
57.41,-77.4
57.4133,-80.4
57.4167,-81
57.42,-80.1
57.4233,-80.1
57.4267,-72.6
57.43,-78.9
57.4333,-76.8
57.4367,-81.6
57.44,-82.2
57.4433,-84.3
57.4467,-75.6
57.45,-78.3
57.4533,-72
57.4567,-78.9
57.46,-80.7
57.4633,-78
57.4667,-74.4
57.47,-76.5
57.4733,-82.2
57.4767,-76.5
57.48,-71.1
57.4833,-81.6
57.4867,-63.6
57.49,-75
57.4933,-86.4
57.4967,-81
57.5,-83.1
57.5033,-83.1
57.5067,-88.5
57.51,-74.7
57.5133,-74.7
57.5167,-75.6
57.52,-86.1
57.5233,-67.5
57.5267,-78.9
57.53,-68.1
57.5333,-84.6
57.5367,-88.5
57.54,-85.2
57.5433,-85.2
57.5467,-85.8
57.55,-82.2
57.5533,-79.8
57.5567,-89.7
57.56,-90.9
57.5633,-87
57.5667,-84
57.57,-84.9
57.5733,-87.3
57.5767,-85.2
57.58,-86.1
57.5833,-79.5
57.5867,-82.5
57.59,-83.4
57.5933,-79.5
57.5967,-81.6
57.6,-82.8
57.6033,-78.9
57.6067,-73.8
57.61,-81
57.6133,-72.6
57.6167,-83.1
57.62,-78.3
57.6233,-81
57.6267,-78.6
57.63,-80.4
57.6333,-74.4
57.6367,-78.3
57.64,-81
57.6433,-87.9
57.6467,-90.9
57.65,-81
57.6533,-71.4
57.6567,-87.9
57.66,-85.5
57.6633,-76.8
57.6667,-76.5
57.67,-83.7
57.6733,-83.4
57.6767,-85.5
57.68,-80.4
57.6833,-86.1
57.6867,-77.7
57.69,-82.2
57.6933,-82.8
57.6967,-84.9
57.7,-75.9
57.7033,-84.3
57.7067,-78
57.71,-76.2
57.7133,-79.5
57.7167,-89.4
57.72,-76.5
57.7233,-83.7
57.7267,-76.2
57.73,-81
57.7333,-77.7
57.7367,-82.8
57.74,-82.8
57.7433,-79.2
57.7467,-77.1
57.75,-75.9
57.7533,-68.7
57.7567,-71.4
57.76,-78.9
57.7633,-87.3
57.7667,-68.7
57.77,-64.8
57.7733,-78.3
57.7767,-90.9
57.78,-86.4
57.7833,-81.9
57.7867,-77.7
57.79,-79.5
57.7933,-73.2
57.7967,-76.5
57.8,-85.5
57.8033,-79.2
57.8067,-73.2
57.81,-78
57.8133,-79.8
57.8167,-78.6
57.82,-70.5
57.8233,-81
57.8267,-82.8
57.83,-77.4
57.8333,-81.3
57.8367,-81.6
57.84,-75.6
57.8433,-78
57.8467,-72.9
57.85,-72.6
57.8533,-77.7
57.8567,-78.9
57.86,-77.4
57.8633,-76.5
57.8667,-72.9
57.87,-73.8
57.8733,-72.9
57.8767,-80.4
57.88,-71.1
57.8833,-75.9
57.8867,-70.5
57.89,-70.5
57.8933,-68.7
57.8967,-78
57.9,-78.6
57.9033,-77.4
57.9067,-68.4
57.91,-64.2
57.9133,-70.5
57.9167,-79.2
57.92,-80.1
57.9233,-72.3
57.9267,-72.3
57.93,-83.1
57.9333,-78.6
57.9367,-74.4
57.94,-91.2
57.9433,-73.2
57.9467,-81
57.95,-75.9
57.9533,-79.8
57.9567,-78
57.96,-79.8
57.9633,-82.8
57.9667,-83.4
57.97,-80.7
57.9733,-84.9
57.9767,-81.9
57.98,-78.9
57.9833,-82.2
57.9867,-81.3
57.99,-77.1
57.9933,-78.6
57.9967,-85.5
58,-78.9
58.0033,-82.2
58.0067,-78
58.01,-83.7
58.0133,-80.1
58.0167,-86.7
58.02,-81.3
58.0233,-84.6
58.0267,-81.3
58.03,-83.1
58.0333,-80.1
58.0367,-87
58.04,-81
58.0433,-85.2
58.0467,-72
58.05,-83.4
58.0533,-73.2
58.0567,-81.3
58.06,-71.7
58.0633,-66
58.0667,-72.3
58.07,-101.4
58.0733,-81.9
58.0767,-86.7
58.08,-86.4
58.0833,-84.3
58.0867,-81.3
58.09,-75.3
58.0933,-77.1
58.0967,-86.4
58.1,-83.4
58.1033,-82.8
58.1067,-80.7
58.11,-84.3
58.1133,-83.7
58.1167,-84.6
58.12,-84.6
58.1233,-90
58.1267,-83.7
58.13,-82.5
58.1333,-79.5
58.1367,-82.5
58.14,-83.7
58.1433,-84.9
58.1467,-78.6
58.15,-85.2
58.1533,-81.3
58.1567,-83.4
58.16,-81.9
58.1633,-81.6
58.1667,-78.6
58.17,-85.8
58.1733,-82.8
58.1767,-86.1
58.18,-74.4
58.1833,-94.8
58.1867,-77.1
58.19,-67.8
58.1933,-84
58.1967,-98.7
58.2,-89.1
58.2033,-91.8
58.2067,-74.7
58.21,-81.3
58.2133,-82.2
58.2167,-87.3
58.22,-94.8
58.2233,-77.1
58.2267,-86.7
58.23,-82.2
58.2333,-91.5
58.2367,-87
58.24,-88.2
58.2433,-84.9
58.2467,-84.9
58.25,-87.6
58.2533,-84
58.2567,-89.1
58.26,-88.2
58.2633,-84.9
58.2667,-84.6
58.27,-82.8
58.2733,-79.8
58.2767,-89.1
58.28,-81
58.2833,-90.3
58.2867,-81
58.29,-86.7
58.2933,-84.6
58.2967,-84.9
58.3,-84.6
58.3033,-82.2
58.3067,-83.1
58.31,-77.1
58.3133,-85.8
58.3167,-75.3
58.32,-74.4
58.3233,-77.7
58.3267,-87.9
58.33,-91.2
58.3333,-90.6
58.3367,-89.7
58.34,-84
58.3433,-80.7
58.3467,-91.8
58.35,-94.5
58.3533,-81
58.3567,-88.5
58.36,-90.9
58.3633,-88.5
58.3667,-86.7
58.37,-90.6
58.3733,-83.7
58.3767,-88.5
58.38,-86.1
58.3833,-86.1
58.3867,-85.5
58.39,-89.7
58.3933,-83.4
58.3967,-87.6
58.4,-85.8
58.4033,-88.5
58.4067,-83.1
58.41,-88.2
58.4133,-82.8
58.4167,-92.1
58.42,-87.9
58.4233,-89.7
58.4267,-79.8
58.43,-84.9
58.4333,-90.9
58.4367,-85.8
58.44,-84
58.4433,-82.2
58.4467,-90.9
58.45,-79.8
58.4533,-83.4
58.4567,-88.5
58.46,-85.8
58.4633,-79.8
58.4667,-83.4
58.47,-72.6
58.4733,-81.6
58.4767,-99.6
58.48,-88.5
58.4833,-79.8
58.4867,-86.7
58.49,-77.7
58.4933,-90.6
58.4967,-90.9
58.5,-87.6
58.5033,-77.7
58.5067,-89.7
58.51,-88.5
58.5133,-91.8
58.5167,-95.1
58.52,-92.4
58.5233,-86.7
58.5267,-86.1
58.53,-92.1
58.5333,-89.1
58.5367,-94.2
58.54,-86.4
58.5433,-90.3
58.5467,-87.6
58.55,-93.6
58.5533,-87
58.5567,-91.8
58.56,-90.3
58.5633,-93.9
58.5667,-85.2
58.57,-87.9
58.5733,-89.1
58.5767,-89.1
58.58,-92.7
58.5833,-88.8
58.5867,-87.6
58.59,-89.1
58.5933,-87
58.5967,-98.7
58.6,-87.9
58.6033,-87
58.6067,-83.7
58.61,-89.1
58.6133,-91.2
58.6167,-99.6
58.62,-98.1
58.6233,-88.8
58.6267,-84
58.63,-90.3
58.6333,-95.1
58.6367,-102.9
58.64,-85.2
58.6433,-87.3
58.6467,-93
58.65,-95.7
58.6533,-95.1
58.6567,-96
58.66,-88.2
58.6633,-89.1
58.6667,-94.8
58.67,-91.8
58.6733,-89.7
58.6767,-87
58.68,-87.9
58.6833,-93.9
58.6867,-86.1
58.69,-93
58.6933,-92.7
58.6967,-92.7
58.7,-89.7
58.7033,-93.9
58.7067,-87.3
58.71,-88.2
58.7133,-86.4
58.7167,-87.3
58.72,-87
58.7233,-87.3
58.7267,-83.4
58.73,-86.4
58.7333,-87
58.7367,-87.9
58.74,-82.8
58.7433,-92.1
58.7467,-75.9
58.75,-77.4
58.7533,-77.7
58.7567,-88.5
58.76,-91.2
58.7633,-84
58.7667,-78.3
58.77,-86.7
58.7733,-91.2
58.7767,-93.9
58.78,-89.1
58.7833,-82.8
58.7867,-84.3
58.79,-71.7
58.7933,-85.5
58.7967,-104.4
58.8,-83.1
58.8033,-86.4
58.8067,-81
58.81,-90.6
58.8133,-83.7
58.8167,-87.3
58.82,-84.9
58.8233,-92.7
58.8267,-87.9
58.83,-82.2
58.8333,-87.3
58.8367,-92.1
58.84,-89.7
58.8433,-86.7
58.8467,-86.7
58.85,-93.6
58.8533,-87
58.8567,-90
58.86,-85.2
58.8633,-90
58.8667,-84
58.87,-85.5
58.8733,-87.6
58.8767,-78.6
58.88,-85.2
58.8833,-81
58.8867,-92.1
58.89,-85.5
58.8933,-89.4
58.8967,-89.7
58.9,-89.4
58.9033,-83.4
58.9067,-88.8
58.91,-89.1
58.9133,-96.9
58.9167,-91.5
58.92,-92.4
58.9233,-86.1
58.9267,-78
58.93,-99.9
58.9333,-98.1
58.9367,-97.2
58.94,-92.7
58.9433,-91.8
58.9467,-84.9
58.95,-94.2
58.9533,-88.5
58.9567,-89.4
58.96,-90.9
58.9633,-83.4
58.9667,-91.5
58.97,-91.5
58.9733,-90
58.9767,-90.9
58.98,-89.1
58.9833,-87.3
58.9867,-94.2
58.99,-88.8
58.9933,-91.2
58.9967,-95.4
59,-94.5
59.0033,-88.5
59.0067,-84.6
59.01,-92.4
59.0133,-90.6
59.0167,-95.7
59.02,-87.6
59.0233,-88.2
59.0267,-75.3
59.03,-89.7
59.0333,-72.3
59.0367,-108
59.04,-94.2
59.0433,-86.7
59.0467,-100.2
59.05,-99.9
59.0533,-90.9
59.0567,-93.3
59.06,-94.2
59.0633,-85.5
59.0667,-87.9
59.07,-88.2
59.0733,-89.7
59.0767,-84.6
59.08,-101.1
59.0833,-97.5
59.0867,-96.3
59.09,-90
59.0933,-91.8
59.0967,-99.3
59.1,-88.8
59.1033,-91.2
59.1067,-86.1
59.11,-97.8
59.1133,-96.9
59.1167,-88.8
59.12,-92.4
59.1233,-95.4
59.1267,-88.8
59.13,-90.3
59.1333,-88.8
59.1367,-93.6
59.14,-91.2
59.1433,-90.6
59.1467,-88.8
59.15,-87
59.1533,-90.3
59.1567,-94.8
59.16,-79.8
59.1633,-92.1
59.1667,-91.2
59.17,-96.3
59.1733,-90
59.1767,-98.1
59.18,-81
59.1833,-90
59.1867,-94.5
59.19,-93.9
59.1933,-94.8
59.1967,-98.1
59.2,-89.7
59.2033,-91.5
59.2067,-99.9
59.21,-94.2
59.2133,-90.6
59.2167,-90.6
59.22,-89.7
59.2233,-94.5
59.2267,-94.8
59.23,-98.7
59.2333,-96.3
59.2367,-95.4
59.24,-93.3
59.2433,-89.7
59.2467,-95.1
59.25,-90.6
59.2533,-91.5
59.2567,-88.2
59.26,-94.5
59.2633,-93.9
59.2667,-88.8
59.27,-88.8
59.2733,-96.9
59.2767,-93.3
59.28,-94.8
59.2833,-88.2
59.2867,-89.4
59.29,-90.9
59.2933,-89.7
59.2967,-99.3
59.3,-95.1
59.3033,-90.9
59.3067,-72
59.31,-96
59.3133,-95.4
59.3167,-95.1
59.32,-96.6
59.3233,-107.7
59.3267,-95.1
59.33,-102
59.3333,-88.5
59.3367,-87.6
59.34,-101.1
59.3433,-90.9
59.3467,-94.8
59.35,-87.3
59.3533,-86.4
59.3567,-111
59.36,-95.4
59.3633,-94.5
59.3667,-93.6
59.37,-96.3
59.3733,-96.3
59.3767,-97.2
59.38,-100.2
59.3833,-94.5
59.3867,-89.7
59.39,-96.9
59.3933,-94.2
59.3967,-94.5
59.4,-91.2
59.4033,-93.3
59.4067,-93
59.41,-97.8
59.4133,-96.6
59.4167,-97.5
59.42,-96.9
59.4233,-96
59.4267,-101.1
59.43,-90.9
59.4333,-90
59.4367,-98.1
59.44,-87.3
59.4433,-98.1
59.4467,-110.1
59.45,-96.9
59.4533,-93.9
59.4567,-98.7
59.46,-100.8
59.4633,-97.2
59.4667,-104.4
59.47,-90.6
59.4733,-93.9
59.4767,-81.6
59.48,-102.3
59.4833,-97.5
59.4867,-105.6
59.49,-90
59.4933,-100.8
59.4967,-98.4
59.5,-98.1
59.5033,-100.2
59.5067,-96.6
59.51,-100.5
59.5133,-97.8
59.5167,-94.8
59.52,-95.7
59.5233,-100.8
59.5267,-93.6
59.53,-99
59.5333,-99.3
59.5367,-99.9
59.54,-95.1
59.5433,-98.1
59.5467,-96.3
59.55,-100.8
59.5533,-95.1
59.5567,-102.9
59.56,-104.4
59.5633,-96.6
59.5667,-93.6
59.57,-105.9
59.5733,-102.3
59.5767,-90.6
59.58,-75.9
59.5833,-105
59.5867,-110.1
59.59,-97.2
59.5933,-100.5
59.5967,-103.2
59.6,-100.5
59.6033,-103.5
59.6067,-87.9
59.61,-83.4
59.6133,-100.8
59.6167,-103.8
59.62,-97.8
59.6233,-107.4
59.6267,-93.3
59.63,-96
59.6333,-101.1
59.6367,-94.8
59.64,-96.9
59.6433,-91.8
59.6467,-95.1
59.65,-102.3
59.6533,-102.9
59.6567,-93
59.66,-96.3
59.6633,-90.9
59.6667,-97.5
59.67,-96.9
59.6733,-97.5
59.6767,-95.4
59.68,-97.8
59.6833,-105.3
59.6867,-81.9
59.69,-95.1
59.6933,-99
59.6967,-96.6
59.7,-91.5
59.7033,-94.5
59.7067,-95.4
59.71,-95.4
59.7133,-96
59.7167,-91.2
59.72,-84.6
59.7233,-102
59.7267,-101.1
59.73,-94.5
59.7333,-86.4
59.7367,-108
59.74,-98.7
59.7433,-99
59.7467,-94.2
59.75,-90.3
59.7533,-98.1
59.7567,-99.6
59.76,-90.9
59.7633,-95.1
59.7667,-100.5
59.77,-96
59.7733,-99.9
59.7767,-94.2
59.78,-96.6
59.7833,-96.6
59.7867,-93.9
59.79,-99.6
59.7933,-98.4
59.7967,-97.8
59.8,-96.6
59.8033,-91.8
59.8067,-95.7
59.81,-95.7
59.8133,-98.1
59.8167,-96
59.82,-99.9
59.8233,-97.5
59.8267,-93.9
59.83,-97.2
59.8333,-99.9
59.8367,-90.3
59.84,-91.8
59.8433,-93.9
59.8467,-87.6
59.85,-109.8
59.8533,-104.7
59.8567,-104.7
59.86,-102.9
59.8633,-88.2
59.8667,-87
59.87,-94.2
59.8733,-99.3
59.8767,-96.6
59.88,-110.1
59.8833,-90
59.8867,-97.2
59.89,-99.9
59.8933,-92.7
59.8967,-107.7
59.9,-102.9
59.9033,-102.3
59.9067,-99.9
59.91,-100.2
59.9133,-102.6
59.9167,-96
59.92,-96.6
59.9233,-96.6
59.9267,-101.7
59.93,-102.3
59.9333,-106.2
59.9367,-103.5
59.94,-102.6
59.9433,-98.1
59.9467,-105.6
59.95,-98.4
59.9533,-102.6
59.9567,-103.2
59.96,-104.7
59.9633,-101.1
59.9667,-101.1
59.97,-106.5
59.9733,-102.9
59.9767,-101.7
59.98,-109.5
59.9833,-95.7
59.9867,-102.9
59.99,-97.8
59.9933,-103.8
59.9967,-106.8
60,-96
60.0033,-92.4
60.0067,-93.9
60.01,-95.4
60.0133,-102
60.0167,-114.3
60.02,-107.4
60.0233,-99.3
60.0267,-100.2
60.03,-108.9
60.0333,-104.1
60.0367,-108.9
60.04,-104.1
60.0433,-98.7
60.0467,-105
60.05,-102.9
60.0533,-110.4
60.0567,-101.7
60.06,-106.5
60.0633,-101.4
60.0667,-101.1
60.07,-102.9
60.0733,-101.4
60.0767,-103.5
60.08,-96.9
60.0833,-94.2
60.0867,-103.2
60.09,-99.6
60.0933,-105.3
60.0967,-100.8
60.1,-106.2
60.1033,-105
60.1067,-99.9
60.11,-100.5
60.1133,-104.4
60.1167,-97.5
60.12,-106.2
60.1233,-103.5
60.1267,-96.9
60.13,-101.4
60.1333,-102.9
60.1367,-99.3
60.14,-96.6
60.1433,-100.5
60.1467,-96.6
60.15,-87.9
60.1533,-100.2
60.1567,-115.5
60.16,-95.7
60.1633,-105.3
60.1667,-98.4
60.17,-93.6
60.1733,-111.3
60.1767,-103.5
60.18,-93
60.1833,-104.1
60.1867,-106.8
60.19,-94.2
60.1933,-108.6
60.1967,-104.7
60.2,-104.7
60.2033,-105
60.2067,-101.4
60.21,-101.4
60.2133,-108
60.2167,-101.4
60.22,-101.4
60.2233,-100.2
60.2267,-102.3
60.23,-98.4
60.2333,-104.4
60.2367,-104.4
60.24,-103.5
60.2433,-97.2
60.2467,-101.7
60.25,-100.5
60.2533,-111
60.2567,-99
60.26,-100.2
60.2633,-99.9
60.2667,-104.1
60.27,-102
60.2733,-105.9
60.2767,-112.5
60.28,-99.6
60.2833,-93.9
60.2867,-96.9
60.29,-102.6
60.2933,-105.9
60.2967,-100.8
60.3,-105.3
60.3033,-102.6
60.3067,-99
60.31,-102.6
60.3133,-109.5
60.3167,-105.6
60.32,-105
60.3233,-106.8
60.3267,-107.4
60.33,-93.3
60.3333,-106.8
60.3367,-112.8
60.34,-102.3
60.3433,-93.6
60.3467,-108.6
60.35,-108.9
60.3533,-111.6
60.3567,-107.1
60.36,-108.6
60.3633,-99.9
60.3667,-101.1
60.37,-100.2
60.3733,-105.3
60.3767,-102.9
60.38,-105.3
60.3833,-96
60.3867,-100.8
60.39,-99
60.3933,-105.3
60.3967,-100.2
60.4,-105
60.4033,-103.2
60.4067,-103.5
60.41,-94.5
60.4133,-102.3
60.4167,-105.9
60.42,-105
60.4233,-86.7
60.4267,-109.2
60.43,-96.3
60.4333,-110.1
60.4367,-99.9
60.44,-91.2
60.4433,-81.3
60.4467,-111.3
60.45,-105.3
60.4533,-109.8
60.4567,-103.2
60.46,-107.1
60.4633,-99
60.4667,-99
60.47,-112.8
60.4733,-102.6
60.4767,-106.2
60.48,-108.9
60.4833,-101.7
60.4867,-104.7
60.49,-102
60.4933,-100.5
60.4967,-111.6
60.5,-107.7
60.5033,-104.4
60.5067,-105.9
60.51,-104.7
60.5133,-107.1
60.5167,-102.9
60.52,-98.4
60.5233,-102
60.5267,-108.6
60.53,-103.8
60.5333,-106.5
60.5367,-103.2
60.54,-104.7
60.5433,-97.8
60.5467,-103.2
60.55,-104.1
60.5533,-107.1
60.5567,-107.4
60.56,-104.4
60.5633,-99.9
60.5667,-78.6
60.57,-89.7
60.5733,-130.8
60.5767,-100.5
60.58,-111.9
60.5833,-105
60.5867,-106.8
60.59,-102.3
60.5933,-111.6
60.5967,-107.1
60.6,-112.8
60.6033,-106.5
60.6067,-102.3
60.61,-107.4
60.6133,-113.4
60.6167,-100.5
60.62,-97.5
60.6233,-96.3
60.6267,-108
60.63,-111
60.6333,-110.4
60.6367,-112.2
60.64,-110.4
60.6433,-101.4
60.6467,-107.7
60.65,-110.7
60.6533,-110.4
60.6567,-105.9
60.66,-106.5
60.6633,-99.9
60.6667,-105.6
60.67,-109.2
60.6733,-106.8
60.6767,-104.4
60.68,-105
60.6833,-103.5
60.6867,-107.1
60.69,-105
60.6933,-107.1
60.6967,-107.7
60.7,-105.3
60.7033,-104.1
60.7067,-105.3
60.71,-108.9
60.7133,-104.7
60.7167,-108.6
60.72,-112.2
60.7233,-108.9
60.7267,-110.1
60.73,-116.4
60.7333,-114.3
60.7367,-116.4
60.74,-117
60.7433,-103.5
60.7467,-110.1
60.75,-107.4
60.7533,-113.4
60.7567,-112.2
60.76,-110.1
60.7633,-105.6
60.7667,-110.4
60.77,-112.2
60.7733,-111.9
60.7767,-108.3
60.78,-112.8
60.7833,-106.8
60.7867,-111.6
60.79,-114.9
60.7933,-114.6
60.7967,-114.9
60.8,-112.2
60.8033,-107.7
60.8067,-114
60.81,-114.9
60.8133,-118.8
60.8167,-115.2
60.82,-109.8
60.8233,-111.6
60.8267,-111.3
60.83,-115.2
60.8333,-113.4
60.8367,-114.9
60.84,-113.4
60.8433,-109.5
60.8467,-110.7
60.85,-101.4
60.8533,-103.8
60.8567,-100.2
60.86,-117.6
60.8633,-114
60.8667,-120.3
60.87,-115.5
60.8733,-111.9
60.8767,-107.1
60.88,-103.5
60.8833,-108
60.8867,-109.5
60.89,-105.6
60.8933,-114.3
60.8967,-108.9
60.9,-109.2
60.9033,-102.6
60.9067,-106.5
60.91,-104.4
60.9133,-112.5
60.9167,-107.1
60.92,-107.4
60.9233,-104.1
60.9267,-108.3
60.93,-107.7
60.9333,-101.1
60.9367,-108.9
60.94,-104.7
60.9433,-102.3
60.9467,-108
60.95,-109.2
60.9533,-112.2
60.9567,-104.4
60.96,-104.1
60.9633,-102.3
60.9667,-108.3
60.97,-106.8
60.9733,-107.4
60.9767,-103.8
60.98,-111
60.9833,-104.4
60.9867,-92.7
60.99,-92.4
60.9933,-116.4
60.9967,-97.8
61,-116.4
61.0033,-115.2
61.0067,-114.3
61.01,-108.9
61.0133,-116.4
61.0167,-106.5
61.02,-113.1
61.0233,-110.7
61.0267,-106.5
61.03,-108.9
61.0333,-105.3
61.0367,-108.3
61.04,-110.1
61.0433,-99.9
61.0467,-114.3
61.05,-105.9
61.0533,-108.3
61.0567,-111.3
61.06,-113.7
61.0633,-112.5
61.0667,-111.9
61.07,-108.9
61.0733,-112.5
61.0767,-111.3
61.08,-111
61.0833,-104.1
61.0867,-112.5
61.09,-112.5
61.0933,-113.4
61.0967,-114.6
61.1,-110.1
61.1033,-109.8
61.1067,-111.9
61.11,-113.1
61.1133,-113.7
61.1167,-112.2
61.12,-110.1
61.1233,-108
61.1267,-99.3
61.13,-107.7
61.1333,-119.1
61.1367,-107.4
61.14,-109.2
61.1433,-106.5
61.1467,-107.4
61.15,-118.2
61.1533,-108.6
61.1567,-111.6
61.16,-106.5
61.1633,-119.4
61.1667,-107.1
61.17,-112.2
61.1733,-112.5
61.1767,-111.3
61.18,-115.8
61.1833,-109.2
61.1867,-116.1
61.19,-114.3
61.1933,-116.7
61.1967,-113.1
61.2,-114.9
61.2033,-111
61.2067,-108.9
61.21,-112.2
61.2133,-108.9
61.2167,-110.4
61.22,-111.9
61.2233,-104.7
61.2267,-111.3
61.23,-113.1
61.2333,-115.2
61.2367,-105
61.24,-111.3
61.2433,-102.9
61.2467,-110.4
61.25,-108.9
61.2533,-111
61.2567,-111.6
61.26,-105
61.2633,-110.4
61.2667,-82.2
61.27,-112.8
61.2733,-113.4
61.2767,-106.2
61.28,-104.1
61.2833,-102.3
61.2867,-119.4
61.29,-113.7
61.2933,-113.1
61.2967,-105.3
61.3,-99.6
61.3033,-102.9
61.3067,-112.8
61.31,-112.8
61.3133,-119.7
61.3167,-105.6
61.32,-107.7
61.3233,-115.2
61.3267,-107.4
61.33,-117
61.3333,-116.4
61.3367,-113.1
61.34,-111
61.3433,-110.7
61.3467,-113.4
61.35,-112.2
61.3533,-112.2
61.3567,-114
61.36,-111.3
61.3633,-106.5
61.3667,-108.6
61.37,-110.1
61.3733,-116.1
61.3767,-109.2
61.38,-111.9
61.3833,-106.5
61.3867,-108.3
61.39,-110.1
61.3933,-117
61.3967,-106.2
61.4,-113.1
61.4033,-110.4
61.4067,-108.9
61.41,-102.6
61.4133,-113.7
61.4167,-111.6
61.42,-108.3
61.4233,-107.7
61.4267,-111.3
61.43,-119.4
61.4333,-124.5
61.4367,-116.4
61.44,-114.9
61.4433,-109.2
61.4467,-111
61.45,-115.2
61.4533,-117
61.4567,-111.6
61.46,-108.9
61.4633,-111.6
61.4667,-105
61.47,-116.7
61.4733,-112.5
61.4767,-111.3
61.48,-113.4
61.4833,-109.5
61.4867,-116.4
61.49,-114
61.4933,-111
61.4967,-116.1
61.5,-114.3
61.5033,-112.2
61.5067,-111.3
61.51,-115.5
61.5133,-115.5
61.5167,-113.7
61.52,-113.7
61.5233,-113.7
61.5267,-108.3
61.53,-115.5
61.5333,-119.1
61.5367,-111
61.54,-108.6
61.5433,-107.7
61.5467,-116.7
61.55,-104.7
61.5533,-115.2
61.5567,-112.8
61.56,-110.7
61.5633,-74.1
61.5667,-123
61.57,-124.2
61.5733,-124.8
61.5767,-114.9
61.58,-115.8
61.5833,-112.2
61.5867,-117.6
61.59,-118.5
61.5933,-111.3
61.5967,-111.3
61.6,-98.4
61.6033,-117.6
61.6067,-116.4
61.61,-115.8
61.6133,-120
61.6167,-117.3
61.62,-116.1
61.6233,-110.4
61.6267,-111.6
61.63,-116.4
61.6333,-113.1
61.6367,-115.8
61.64,-117
61.6433,-106.2
61.6467,-119.7
61.65,-113.7
61.6533,-117
61.6567,-113.1
61.66,-115.2
61.6633,-115.8
61.6667,-112.2
61.67,-110.4
61.6733,-113.7
61.6767,-114.9
61.68,-109.5
61.6833,-107.1
61.6867,-113.1
61.69,-113.4
61.6933,-111.9
61.6967,-113.4
61.7,-105
61.7033,-119.7
61.7067,-108.6
61.71,-115.8
61.7133,-120.3
61.7167,-108.3
61.72,-114.6
61.7233,-106.5
61.7267,-112.2
61.73,-112.5
61.7333,-116.7
61.7367,-111.3
61.74,-118.2
61.7433,-108.9
61.7467,-109.2
61.75,-109.8
61.7533,-115.2
61.7567,-112.2
61.76,-112.5
61.7633,-108.3
61.7667,-108.9
61.77,-121.8
61.7733,-108.9
61.7767,-113.7
61.78,-112.2
61.7833,-110.4
61.7867,-108.3
61.79,-111.6
61.7933,-113.1
61.7967,-114.3
61.8,-109.5
61.8033,-114
61.8067,-110.7
61.81,-112.8
61.8133,-111.9
61.8167,-114.9
61.82,-107.7
61.8233,-113.7
61.8267,-109.5
61.83,-116.7
61.8333,-110.7
61.8367,-114.9
61.84,-94.8
61.8433,-132.9
61.8467,-116.4
61.85,-120.6
61.8533,-113.1
61.8567,-123.3
61.86,-110.7
61.8633,-116.1
61.8667,-111.9
61.87,-114
61.8733,-116.4
61.8767,-122.1
61.88,-119.1
61.8833,-107.1
61.8867,-123.6
61.89,-120.3
61.8933,-125.1
61.8967,-123.6
61.9,-117
61.9033,-120
61.9067,-121.8
61.91,-119.4
61.9133,-120.9
61.9167,-119.1
61.92,-110.7
61.9233,-120.9
61.9267,-118.5
61.93,-119.1
61.9333,-116.4
61.9367,-120.9
61.94,-116.4
61.9433,-119.4
61.9467,-117.6
61.95,-123.9
61.9533,-123.9
61.9567,-112.8
61.96,-114
61.9633,-116.1
61.9667,-114
61.97,-116.7
61.9733,-111
61.9767,-120.3
61.98,-118.8
61.9833,-119.4
61.9867,-120.3
61.99,-114.9
61.9933,-126.6
61.9967,-132.3
62,-118.2
62.0033,-118.5
62.0067,-108
62.01,-125.4
62.0133,-125.7
62.0167,-122.4
62.02,-117
62.0233,-114
62.0267,-115.8
62.03,-129
62.0333,-123.6
62.0367,-120.3
62.04,-113.7
62.0433,-120.6
62.0467,-118.8
62.05,-123.9
62.0533,-120
62.0567,-122.4
62.06,-116.7
62.0633,-111.6
62.0667,-114.9
62.07,-116.1
62.0733,-120.9
62.0767,-119.1
62.08,-114.3
62.0833,-117.3
62.0867,-119.1
62.09,-120.3
62.0933,-120.6
62.0967,-117
62.1,-111.9
62.1033,-122.4
62.1067,-116.4
62.11,-123.9
62.1133,-114.9
62.1167,-113.1
62.12,-108
62.1233,-122.4
62.1267,-122.4
62.13,-122.1
62.1333,-111
62.1367,-117
62.14,-115.2
62.1433,-123.9
62.1467,-110.7
62.15,-121.5
62.1533,-115.8
62.1567,-121.5
62.16,-116.7
62.1633,-111.3
62.1667,-117.6
62.17,-119.7
62.1733,-123.3
62.1767,-119.1
62.18,-117
62.1833,-123.3
62.1867,-109.2
62.19,-124.2
62.1933,-118.8
62.1967,-117.9
62.2,-118.5
62.2033,-117.6
62.2067,-113.1
62.21,-123.6
62.2133,-117.3
62.2167,-118.8
62.22,-115.5
62.2233,-117.6
62.2267,-119.1
62.23,-119.1
62.2333,-122.7
62.2367,-122.1
62.24,-116.7
62.2433,-118.5
62.2467,-116.1
62.25,-120
62.2533,-119.4
62.2567,-120.9
62.26,-106.5
62.2633,-99.9
62.2667,-119.7
62.27,-125.7
62.2733,-122.1
62.2767,-129
62.28,-120.6
62.2833,-114.9
62.2867,-116.1
62.29,-121.5
62.2933,-113.4
62.2967,-109.2
62.3,-114
62.3033,-122.4
62.3067,-107.4
62.31,-114
62.3133,-120.3
62.3167,-125.4
62.32,-121.2
62.3233,-112.8
62.3267,-117.3
62.33,-116.4
62.3333,-114.3
62.3367,-117
62.34,-113.4
62.3433,-117
62.3467,-117.3
62.35,-120.3
62.3533,-114.9
62.3567,-118.8
62.36,-110.7
62.3633,-116.1
62.3667,-110.1
62.37,-119.1
62.3733,-117.3
62.3767,-112.2
62.38,-114.6
62.3833,-110.1
62.3867,-112.2
62.39,-115.2
62.3933,-105.9
62.3967,-114.3
62.4,-111.3
62.4033,-96
62.4067,-109.2
62.41,-114.9
62.4133,-104.4
62.4167,-109.8
62.42,-116.1
62.4233,-109.2
62.4267,-118.5
62.43,-123.3
62.4333,-108
62.4367,-109.5
62.44,-105.9
62.4433,-111.6
62.4467,-118.2
62.45,-118.8
62.4533,-106.2
62.4567,-125.1
62.46,-109.2
62.4633,-108.3
62.4667,-112.8
62.47,-117.6
62.4733,-108.9
62.4767,-112.2
62.48,-102.9
62.4833,-109.8
62.4867,-106.5
62.49,-117.9
62.4933,-112.2
62.4967,-115.2
62.5,-114
62.5033,-114.6
62.5067,-103.8
62.51,-116.7
62.5133,-114.6
62.5167,-120.9
62.52,-107.4
62.5233,-114.9
62.5267,-108.6
62.53,-114.3
62.5333,-109.5
62.5367,-105.9
62.54,-107.7
62.5433,-106.8
62.5467,-108.6
62.55,-119.1
62.5533,-111.6
62.5567,-119.4
62.56,-115.8
62.5633,-118.5
62.5667,-114
62.57,-114.9
62.5733,-117.6
62.5767,-111.9
62.58,-105.3
62.5833,-109.8
62.5867,-98.1
62.59,-123.9
62.5933,-108.9
62.5967,-116.7
62.6,-105
62.6033,-113.1
62.6067,-110.7
62.61,-119.1
62.6133,-115.5
62.6167,-114.3
62.62,-111
62.6233,-116.4
62.6267,-110.7
62.63,-117.9
62.6333,-114
62.6367,-113.1
62.64,-113.1
62.6433,-113.4
62.6467,-113.7
62.65,-116.1
62.6533,-108.9
62.6567,-111
62.66,-117.9
62.6633,-108
62.6667,-110.1
62.67,-113.4
62.6733,-106.8
62.6767,-95.1
62.68,-93
62.6833,-126.3
62.6867,-106.5
62.69,-119.7
62.6933,-104.4
62.6967,-120.9
62.7,-103.8
62.7033,-113.1
62.7067,-107.7
62.71,-115.5
62.7133,-98.7
62.7167,-97.8
62.72,-96.9
62.7233,-125.1
62.7267,-107.1
62.73,-114
62.7333,-104.7
62.7367,-115.8
62.74,-105.9
62.7433,-114.6
62.7467,-97.5
62.75,-114
62.7533,-110.7
62.7567,-108
62.76,-104.1
62.7633,-104.1
62.7667,-107.7
62.77,-109.8
62.7733,-105.9
62.7767,-103.8
62.78,-102.9
62.7833,-105.9
62.7867,-102.6
62.79,-110.4
62.7933,-104.1
62.7967,-103.8
62.8,-99.3
62.8033,-99.9
62.8067,-99.3
62.81,-104.4
62.8133,-101.7
62.8167,-98.7
62.82,-96.6
62.8233,-101.4
62.8267,-99.6
62.83,-104.4
62.8333,-100.2
62.8367,-102.9
62.84,-96
62.8433,-103.2
62.8467,-101.1
62.85,-109.5
62.8533,-101.7
62.8567,-107.7
62.86,-102
62.8633,-105.9
62.8667,-99
62.87,-113.7
62.8733,-100.5
62.8767,-102
62.88,-107.4
62.8833,-107.1
62.8867,-105.3
62.89,-112.8
62.8933,-105.3
62.8967,-107.7
62.9,-104.1
62.9033,-106.5
62.9067,-107.4
62.91,-110.1
62.9133,-106.2
62.9167,-105
62.92,-104.1
62.9233,-108.3
62.9267,-101.4
62.93,-108.3
62.9333,-109.8
62.9367,-107.1
62.94,-94.8
62.9433,-97.8
62.9467,-108
62.95,-96.3
62.9533,-104.7
62.9567,-98.1
62.96,-113.1
62.9633,-110.4
62.9667,-98.1
62.97,-112.5
62.9733,-107.7
62.9767,-113.7
62.98,-101.7
62.9833,-107.4
62.9867,-110.1
62.99,-111.9
62.9933,-97.8
62.9967,-106.8
63,-104.4
63.0033,-109.5
63.0067,-103.8
63.01,-105.9
63.0133,-109.2
63.0167,-108.6
63.02,-91.5
63.0233,-98.1
63.0267,-102.3
63.03,-115.8
63.0333,-109.8
63.0367,-107.4
63.04,-89.7
63.0433,-100.8
63.0467,-114
63.05,-114.6
63.0533,-104.4
63.0567,-106.8
63.06,-96.3
63.0633,-90.6
63.0667,-84.9
63.07,-115.2
63.0733,-119.1
63.0767,-111.3
63.08,-97.2
63.0833,-102.3
63.0867,-104.4
63.09,-111.3
63.0933,-108.9
63.0967,-102.6
63.1,-111.6
63.1033,-105
63.1067,-103.5
63.11,-109.5
63.1133,-102.6
63.1167,-106.8
63.12,-108.9
63.1233,-109.2
63.1267,-108.6
63.13,-107.1
63.1333,-107.1
63.1367,-109.8
63.14,-104.1
63.1433,-106.8
63.1467,-107.1
63.15,-111
63.1533,-101.4
63.1567,-103.2
63.16,-96.9
63.1633,-103.5
63.1667,-109.2
63.17,-107.7
63.1733,-93.3
63.1767,-105
63.18,-98.4
63.1833,-100.8
63.1867,-107.7
63.19,-103.2
63.1933,-103.2
63.1967,-101.4
63.2,-100.2
63.2033,-98.1
63.2067,-90
63.21,-110.7
63.2133,-109.8
63.2167,-112.5
63.22,-97.2
63.2233,-105.9
63.2267,-104.4
63.23,-91.2
63.2333,-110.7
63.2367,-116.4
63.24,-99.9
63.2433,-103.8
63.2467,-100.2
63.25,-111.9
63.2533,-105
63.2567,-105.6
63.26,-105.9
63.2633,-103.2
63.2667,-106.5
63.27,-110.4
63.2733,-109.8
63.2767,-104.1
63.28,-104.1
63.2833,-105.3
63.2867,-102
63.29,-103.5
63.2933,-106.8
63.2967,-106.8
63.3,-99.6
63.3033,-99.3
63.3067,-98.4
63.31,-105
63.3133,-97.8
63.3167,-99.9
63.32,-106.8
63.3233,-85.5
63.3267,-98.7
63.33,-109.2
63.3333,-115.5
63.3367,-112.8
63.34,-96.9
63.3433,-94.2
63.3467,-114.3
63.35,-98.1
63.3533,-113.4
63.3567,-103.2
63.36,-88.2
63.3633,-108
63.3667,-106.8
63.37,-118.8
63.3733,-102
63.3767,-105.3
63.38,-104.1
63.3833,-97.8
63.3867,-105.9
63.39,-106.5
63.3933,-100.2
63.3967,-103.5
63.4,-100.2
63.4033,-102.6
63.4067,-104.7
63.41,-108
63.4133,-103.8
63.4167,-102.6
63.42,-103.5
63.4233,-103.5
63.4267,-105
63.43,-109.2
63.4333,-105.6
63.4367,-103.2
63.44,-100.8
63.4433,-101.1
63.4467,-110.1
63.45,-111
63.4533,-107.1
63.4567,-102.3
63.46,-103.2
63.4633,-106.8
63.4667,-106.2
63.47,-103.2
63.4733,-95.1
63.4767,-108.3
63.48,-118.8
63.4833,-100.5
63.4867,-87.3
63.49,-111
63.4933,-115.2
63.4967,-106.8
63.5,-102.6
63.5033,-103.2
63.5067,-105.3
63.51,-99.9
63.5133,-100.8
63.5167,-115.5
63.52,-107.4
63.5233,-110.7
63.5267,-106.5
63.53,-102.3
63.5333,-107.1
63.5367,-105.6
63.54,-111.9
63.5433,-110.7
63.5467,-105.3
63.55,-109.5
63.5533,-99.6
63.5567,-102.9
63.56,-105.9
63.5633,-104.7
63.5667,-106.8
63.57,-108
63.5733,-106.5
63.5767,-110.7
63.58,-103.8
63.5833,-100.8
63.5867,-104.7
63.59,-113.7
63.5933,-107.4
63.5967,-108
63.6,-92.4
63.6033,-101.1
63.6067,-99.6
63.61,-105.9
63.6133,-97.2
63.6167,-100.5
63.62,-117.3
63.6233,-108
63.6267,-98.4
63.63,-104.1
63.6333,-104.7
63.6367,-105
63.64,-91.2
63.6433,-105.9
63.6467,-107.7
63.65,-119.1
63.6533,-98.4
63.6567,-108.9
63.66,-99
63.6633,-110.4
63.6667,-108.6
63.67,-108.9
63.6733,-105
63.6767,-101.7
63.68,-101.4
63.6833,-106.8
63.6867,-109.2
63.69,-111
63.6933,-110.1
63.6967,-101.7
63.7,-105.3
63.7033,-107.7
63.7067,-101.7
63.71,-106.8
63.7133,-106.5
63.7167,-104.4
63.72,-104.7
63.7233,-103.5
63.7267,-100.5
63.73,-108.6
63.7333,-101.4
63.7367,-113.1
63.74,-96
63.7433,-102.3
63.7467,-106.2
63.75,-92.4
63.7533,-81.9
63.7567,-114
63.76,-114
63.7633,-104.7
63.7667,-109.8
63.77,-106.2
63.7733,-105.3
63.7767,-103.8
63.78,-109.2
63.7833,-97.5
63.7867,-101.7
63.79,-106.8
63.7933,-105.9
63.7967,-95.1
63.8,-95.7
63.8033,-107.4
63.8067,-111.3
63.81,-107.7
63.8133,-111.6
63.8167,-105.3
63.82,-105.3
63.8233,-98.1
63.8267,-105
63.83,-102.6
63.8333,-105.3
63.8367,-102.3
63.84,-103.5
63.8433,-97.2
63.8467,-101.1
63.85,-107.1
63.8533,-110.1
63.8567,-99.3
63.86,-95.4
63.8633,-99.9
63.8667,-100.8
63.87,-101.4
63.8733,-97.8
63.8767,-99.6
63.88,-100.5
63.8833,-94.2
63.8867,-105
63.89,-93.9
63.8933,-104.1
63.8967,-100.2
63.9,-88.5
63.9033,-80.4
63.9067,-105.9
63.91,-118.8
63.9133,-99
63.9167,-97.8
63.92,-102.3
63.9233,-98.4
63.9267,-105.3
63.93,-107.4
63.9333,-95.1
63.9367,-89.7
63.94,-97.5
63.9433,-100.5
63.9467,-107.4
63.95,-93
63.9533,-105.9
63.9567,-98.7
63.96,-100.8
63.9633,-98.4
63.9667,-95.1
63.97,-104.7
63.9733,-102.6
63.9767,-98.4
63.98,-99.3
63.9833,-98.7
63.9867,-99.3
63.99,-97.5
63.9933,-96.3
63.9967,-101.4
64,-98.1
64.0033,-95.4
64.0067,-99
64.01,-93.6
64.0133,-94.5
64.0167,-99.3
64.02,-100.2
64.0233,-99.3
64.0267,-99.6
64.03,-103.5
64.0333,-101.1
64.0367,-93.6
64.04,-101.7
64.0433,-94.2
64.0467,-102.3
64.05,-103.8
64.0533,-107.7
64.0567,-104.1
64.06,-96
64.0633,-97.5
64.0667,-94.5
64.07,-97.2
64.0733,-102.6
64.0767,-104.7
64.08,-93.3
64.0833,-94.2
64.0867,-102
64.09,-101.7
64.0933,-90
64.0967,-102.9
64.1,-94.8
64.1033,-95.7
64.1067,-97.8
64.11,-101.4
64.1133,-98.7
64.1167,-103.8
64.12,-96.9
64.1233,-89.7
64.1267,-100.5
64.13,-100.5
64.1333,-102.3
64.1367,-99.9
64.14,-96
64.1433,-99.6
64.1467,-97.5
64.15,-99.9
64.1533,-102.9
64.1567,-95.7
64.16,-99.9
64.1633,-94.8
64.1667,-99.9
64.17,-94.2
64.1733,-92.7
64.1767,-81.9
64.18,-95.7
64.1833,-108
64.1867,-101.4
64.19,-102.9
64.1933,-90.3
64.1967,-87
64.2,-100.2
64.2033,-95.7
64.2067,-105.3
64.21,-102.6
64.2133,-100.8
64.2167,-90.9
64.22,-98.4
64.2233,-96.9
64.2267,-98.4
64.23,-94.2
64.2333,-97.2
64.2367,-102.3
64.24,-95.4
64.2433,-96.3
64.2467,-98.4
64.25,-101.1
64.2533,-102
64.2567,-99.6
64.26,-96.9
64.2633,-101.1
64.2667,-100.5
64.27,-99
64.2733,-104.4
64.2767,-98.7
64.28,-101.7
64.2833,-100.8
64.2867,-105.3
64.29,-102.6
64.2933,-100.5
64.2967,-97.2
64.3,-101.1
64.3033,-101.1
64.3067,-113.1
64.31,-98.7
64.3133,-79.8
64.3167,-102.6
64.32,-118.8
64.3233,-103.5
64.3267,-102.3
64.33,-109.2
64.3333,-103.5
64.3367,-99.6
64.34,-100.8
64.3433,-101.1
64.3467,-95.7
64.35,-104.1
64.3533,-112.5
64.3567,-103.5
64.36,-99
64.3633,-101.4
64.3667,-110.1
64.37,-102
64.3733,-109.2
64.3767,-98.1
64.38,-99
64.3833,-100.5
64.3867,-109.8
64.39,-105
64.3933,-101.7
64.3967,-100.2
64.4,-100.5
64.4033,-102
64.4067,-104.4
64.41,-100.2
64.4133,-100.2
64.4167,-99
64.42,-99
64.4233,-99.9
64.4267,-101.4
64.43,-99.9
64.4333,-100.2
64.4367,-99.3
64.44,-104.4
64.4433,-98.1
64.4467,-102.6
64.45,-96.3
64.4533,-96.6
64.4567,-94.5
64.46,-93.9
64.4633,-111.3
64.4667,-110.1
64.47,-110.4
64.4733,-108.6
64.4767,-102.9
64.48,-102.3
64.4833,-102.6
64.4867,-106.8
64.49,-104.7
64.4933,-106.2
64.4967,-102.3
64.5,-104.7
64.5033,-102.3
64.5067,-111
64.51,-103.5
64.5133,-113.1
64.5167,-101.1
64.52,-102
64.5233,-104.7
64.5267,-102
64.53,-107.1
64.5333,-109.8
64.5367,-100.8
64.54,-101.4
64.5433,-98.4
64.5467,-100.8
64.55,-104.7
64.5533,-102.9
64.5567,-103.8
64.56,-101.7
64.5633,-101.4
64.5667,-105.3
64.57,-98.4
64.5733,-96.9
64.5767,-90.9
64.58,-90.9
64.5833,-106.2
64.5867,-103.2
64.59,-99.6
64.5933,-102.6
64.5967,-92.1
64.6,-103.5
64.6033,-94.8
64.6067,-121.5
64.61,-102.9
64.6133,-95.7
64.6167,-100.5
64.62,-96.9
64.6233,-103.8
64.6267,-111.9
64.63,-99
64.6333,-105.6
64.6367,-96.9
64.64,-95.4
64.6433,-103.2
64.6467,-106.2
64.65,-102.3
64.6533,-103.8
64.6567,-101.4
64.66,-100.5
64.6633,-100.8
64.6667,-99.6
64.67,-100.8
64.6733,-101.1
64.6767,-96.9
64.68,-99
64.6833,-99.3
64.6867,-102.9
64.69,-102.6
64.6933,-101.7
64.6967,-96.6
64.7,-101.4
64.7033,-97.2
64.7067,-102
64.71,-99.9
64.7133,-100.8
64.7167,-95.1
64.72,-96.3
64.7233,-105.9
64.7267,-101.4
64.73,-94.2
64.7333,-96.6
64.7367,-104.4
64.74,-105.6
64.7433,-96.9
64.7467,-95.4
64.75,-99.9
64.7533,-116.4
64.7567,-93.6
64.76,-103.8
64.7633,-102.9
64.7667,-107.1
64.77,-100.2
64.7733,-105.3
64.7767,-96
64.78,-102.3
64.7833,-106.5
64.7867,-105.3
64.79,-101.1
64.7933,-104.4
64.7967,-99.9
64.8,-101.1
64.8033,-98.1
64.8067,-100.8
64.81,-100.5
64.8133,-103.8
64.8167,-99.9
64.82,-103.5
64.8233,-101.4
64.8267,-99.9
64.83,-106.8
64.8333,-104.1
64.8367,-105
64.84,-92.1
64.8433,-100.5
64.8467,-104.7
64.85,-107.7
64.8533,-93.3
64.8567,-90
64.86,-102.3
64.8633,-87.9
64.8667,-77.4
64.87,-93.6
64.8733,-108.3
64.8767,-89.7
64.88,-106.2
64.8833,-102.3
64.8867,-105.6
64.89,-94.2
64.8933,-94.2
64.8967,-93
64.9,-99
64.9033,-91.5
64.9067,-93.9
64.91,-108.6
64.9133,-102.3
64.9167,-97.8
64.92,-104.4
64.9233,-93.3
64.9267,-103.5
64.93,-101.1
64.9333,-94.5
64.9367,-90.6
64.94,-95.1
64.9433,-90.6
64.9467,-99.6
64.95,-97.2
64.9533,-97.8
64.9567,-91.2
64.96,-95.4
64.9633,-99
64.9667,-94.5
64.97,-93
64.9733,-98.4
64.9767,-90.3
64.98,-94.2
64.9833,-96.3
64.9867,-95.4
64.99,-100.8
64.9933,-73.8
64.9967,-89.4
65,-102
65.0033,-88.8
65.0067,-92.4
65.01,-93.6
65.0133,-88.2
65.0167,-97.8
65.02,-104.4
65.0233,-96.9
65.0267,-98.1
65.03,-100.2
65.0333,-99.9
65.0367,-91.2
65.04,-97.5
65.0433,-93.3
65.0467,-95.1
65.05,-104.1
65.0533,-103.5
65.0567,-94.8
65.06,-101.7
65.0633,-103.5
65.0667,-96.6
65.07,-94.8
65.0733,-94.2
65.0767,-96
65.08,-95.7
65.0833,-89.4
65.0867,-101.4
65.09,-93.3
65.0933,-98.7
65.0967,-97.2
65.1,-97.2
65.1033,-92.4
65.1067,-99.6
65.11,-99
65.1133,-91.2
65.1167,-90
65.12,-104.4
65.1233,-103.5
65.1267,-91.8
65.13,-97.8
65.1333,-93.3
65.1367,-92.7
65.14,-95.1
65.1433,-101.7
65.1467,-103.8
65.15,-92.1
65.1533,-87.3
65.1567,-93
65.16,-102.3
65.1633,-98.4
65.1667,-102.9
65.17,-96.9
65.1733,-87
65.1767,-89.1
65.18,-104.4
65.1833,-96.9
65.1867,-99.3
65.19,-92.1
65.1933,-96.9
65.1967,-92.1
65.2,-94.5
65.2033,-97.8
65.2067,-101.4
65.21,-91.2
65.2133,-93.3
65.2167,-95.1
65.22,-91.5
65.2233,-92.1
65.2267,-96.3
65.23,-95.1
65.2333,-100.5
65.2367,-85.8
65.24,-92.7
65.2433,-85.5
65.2467,-109.2
65.25,-79.2
65.2533,-107.4
65.2567,-88.8
65.26,-93.6
65.2633,-96
65.2667,-98.4
65.27,-103.2
65.2733,-99.3
65.2767,-97.2
65.28,-93
65.2833,-102
65.2867,-98.4
65.29,-96.3
65.2933,-100.8
65.2967,-94.5
65.3,-97.5
65.3033,-97.2
65.3067,-89.4
65.31,-92.4
65.3133,-107.4
65.3167,-93.9
65.32,-103.5
65.3233,-100.5
65.3267,-99.9
65.33,-99
65.3333,-101.7
65.3367,-95.4
65.34,-97.8
65.3433,-92.1
65.3467,-98.1
65.35,-99
65.3533,-95.4
65.3567,-93
65.36,-93.3
65.3633,-90.9
65.3667,-98.1
65.37,-95.1
65.3733,-91.2
65.3767,-97.5
65.38,-93.3
65.3833,-92.7
65.3867,-98.1
65.39,-96
65.3933,-82.2
65.3967,-86.7
65.4,-81.3
65.4033,-90.3
65.4067,-104.4
65.41,-109.8
65.4133,-95.7
65.4167,-98.7
65.42,-97.8
65.4233,-98.4
65.4267,-96.6
65.43,-102
65.4333,-97.2
65.4367,-90
65.44,-98.4
65.4433,-97.8
65.4467,-103.2
65.45,-93.9
65.4533,-90.9
65.4567,-92.1
65.46,-96.9
65.4633,-104.4
65.4667,-103.2
65.47,-99
65.4733,-93.9
65.4767,-96.9
65.48,-97.8
65.4833,-98.1
65.4867,-100.5
65.49,-94.5
65.4933,-98.4
65.4967,-100.2
65.5,-101.4
65.5033,-94.5
65.5067,-94.5
65.51,-98.7
65.5133,-103.8
65.5167,-89.1
65.52,-91.5
65.5233,-100.2
65.5267,-98.4
65.53,-94.2
65.5333,-97.2
65.5367,-98.7
65.54,-91.5
65.5433,-78
65.5467,-105.3
65.55,-103.5
65.5533,-100.8
65.5567,-91.8
65.56,-104.1
65.5633,-102.9
65.5667,-97.8
65.57,-93.6
65.5733,-93
65.5767,-102
65.58,-90.9
65.5833,-107.1
65.5867,-96.3
65.59,-94.8
65.5933,-102.3
65.5967,-97.2
65.6,-102
65.6033,-102.3
65.6067,-96.3
65.61,-93.3
65.6133,-95.1
65.6167,-89.1
65.62,-97.5
65.6233,-96.3
65.6267,-99.3
65.63,-94.8
65.6333,-97.8
65.6367,-93.9
65.64,-95.1
65.6433,-94.5
65.6467,-96.3
65.65,-92.4
65.6533,-96.3
65.6567,-89.4
65.66,-97.8
65.6633,-93
65.6667,-96.6
65.67,-93.6
65.6733,-98.7
65.6767,-90
65.68,-86.4
65.6833,-99
65.6867,-79.8
65.69,-102.3
65.6933,-104.4
65.6967,-100.2
65.7,-92.1
65.7033,-92.4
65.7067,-92.7
65.71,-93.6
65.7133,-90.9
65.7167,-88.8
65.72,-90.9
65.7233,-90.3
65.7267,-94.2
65.73,-99.6
65.7333,-93.6
65.7367,-89.4
65.74,-96.9
65.7433,-95.4
65.7467,-96.3
65.75,-97.8
65.7533,-95.4
65.7567,-94.2
65.76,-95.1
65.7633,-97.8
65.7667,-102.9
65.77,-98.1
65.7733,-99.3
65.7767,-101.7
65.78,-101.1
65.7833,-101.1
65.7867,-102.6
65.79,-96.9
65.7933,-99.9
65.7967,-97.2
65.8,-101.4
65.8033,-103.8
65.8067,-92.1
65.81,-96.9
65.8133,-104.4
65.8167,-93.3
65.82,-93.3
65.8233,-89.1
65.8267,-115.8
65.83,-106.5
65.8333,-107.4
65.8367,-102.9
65.84,-101.7
65.8433,-110.4
65.8467,-96.3
65.85,-102.9
65.8533,-106.8
65.8567,-104.4
65.86,-101.1
65.8633,-97.2
65.8667,-97.8
65.87,-104.7
65.8733,-104.4
65.8767,-97.8
65.88,-100.8
65.8833,-97.5
65.8867,-100.8
65.89,-98.1
65.8933,-95.1
65.8967,-96.9
65.9,-102.3
65.9033,-96.3
65.9067,-104.1
65.91,-94.8
65.9133,-100.8
65.9167,-96.3
65.92,-97.2
65.9233,-96.6
65.9267,-100.8
65.93,-99.6
65.9333,-91.5
65.9367,-95.7
65.94,-95.7
65.9433,-97.2
65.9467,-99.3
65.95,-94.8
65.9533,-87
65.9567,-90.9
65.96,-99.9
65.9633,-94.8
65.9667,-85.2
65.97,-96
65.9733,-102.9
65.9767,-96.6
65.98,-97.2
65.9833,-90
65.9867,-103.2
65.99,-97.8
65.9933,-95.7
65.9967,-89.4
66,-91.5
66.0033,-97.8
66.0067,-101.1
66.01,-93.6
66.0133,-99.3
66.0167,-98.1
66.02,-93.9
66.0233,-97.8
66.0267,-103.8
66.03,-96.6
66.0333,-96
66.0367,-95.4
66.04,-94.8
66.0433,-97.2
66.0467,-102
66.05,-100.2
66.0533,-96.9
66.0567,-98.7
66.06,-95.7
66.0633,-97.8
66.0667,-96
66.07,-99.9
66.0733,-99.3
66.0767,-99.9
66.08,-93.9
66.0833,-96
66.0867,-96
66.09,-105.3
66.0933,-98.1
66.0967,-87.6
66.1,-84
66.1033,-87.3
66.1067,-103.8
66.11,-99.9
66.1133,-96
66.1167,-97.2
66.12,-88.8
66.1233,-96.9
66.1267,-102.6
66.13,-97.8
66.1333,-97.5
66.1367,-91.2
66.14,-90.6
66.1433,-107.4
66.1467,-100.8
66.15,-104.4
66.1533,-97.5
66.1567,-95.4
66.16,-110.7
66.1633,-101.7
66.1667,-103.8
66.17,-104.7
66.1733,-100.2
66.1767,-95.7
66.18,-97.5
66.1833,-101.7
66.1867,-103.2
66.19,-102.6
66.1933,-98.7
66.1967,-106.5
66.2,-96.6
66.2033,-100.8
66.2067,-106.5
66.21,-103.2
66.2133,-99
66.2167,-96.6
66.22,-95.4
66.2233,-98.4
66.2267,-96.3
66.23,-93.9
66.2333,-96.3
66.2367,-90.9
66.24,-99.9
66.2433,-105.6
66.2467,-104.7
66.25,-96.6
66.2533,-96
66.2567,-100.2
66.26,-100.8
66.2633,-104.7
66.2667,-102.3
66.27,-103.5
66.2733,-103.2
66.2767,-94.8
66.28,-102.3
66.2833,-104.4
66.2867,-105
66.29,-103.2
66.2933,-90.3
66.2967,-96.9
66.3,-102.6
66.3033,-102.6
66.3067,-101.7
66.31,-104.4
66.3133,-100.5
66.3167,-98.1
66.32,-98.4
66.3233,-102.3
66.3267,-100.2
66.33,-99.9
66.3333,-98.1
66.3367,-96.6
66.34,-96.9
66.3433,-99.3
66.3467,-99
66.35,-96.9
66.3533,-92.1
66.3567,-100.5
66.36,-97.8
66.3633,-99.9
66.3667,-97.8
66.37,-95.4
66.3733,-93.9
66.3767,-91.5
66.38,-95.4
66.3833,-83.7
66.3867,-92.7
66.39,-87.6
66.3933,-98.7
66.3967,-102.3
66.4,-93.9
66.4033,-95.4
66.4067,-103.8
66.41,-93.9
66.4133,-94.8
66.4167,-102.9
66.42,-96.6
66.4233,-103.5
66.4267,-103.2
66.43,-101.1
66.4333,-90.9
66.4367,-101.7
66.44,-104.1
66.4433,-102.6
66.4467,-101.1
66.45,-105.6
66.4533,-99.9
66.4567,-100.8
66.46,-99.9
66.4633,-101.7
66.4667,-97.8
66.47,-101.4
66.4733,-100.8
66.4767,-99.3
66.48,-93.6
66.4833,-99.3
66.4867,-97.2
66.49,-99.6
66.4933,-97.2
66.4967,-97.8
66.5,-97.2
66.5033,-96.9
66.5067,-96
66.51,-114.6
66.5133,-100.2
66.5167,-101.4
66.52,-101.1
66.5233,-100.5
66.5267,-103.2
66.53,-104.4
66.5333,-94.2
66.5367,-96.3
66.54,-104.4
66.5433,-108.9
66.5467,-104.1
66.55,-99
66.5533,-102.6
66.5567,-96.9
66.56,-98.1
66.5633,-99.9
66.5667,-94.8
66.57,-101.4
66.5733,-95.7
66.5767,-99.3
66.58,-100.2
66.5833,-98.1
66.5867,-94.2
66.59,-101.1
66.5933,-95.4
66.5967,-96.3
66.6,-96.6
66.6033,-96.6
66.6067,-99.9
66.61,-101.1
66.6133,-96.9
66.6167,-94.5
66.62,-95.4
66.6233,-108.3
66.6267,-95.1
66.63,-96
66.6333,-75.3
66.6367,-91.2
66.64,-94.5
66.6433,-101.1
66.6467,-110.7
66.65,-102.9
66.6533,-93.6
66.6567,-95.7
66.66,-102.6
66.6633,-101.7
66.6667,-98.1
66.67,-94.5
66.6733,-91.8
66.6767,-92.4
66.68,-87.3
66.6833,-97.2
66.6867,-113.1
66.69,-108.3
66.6933,-98.1
66.6967,-100.2
66.7,-101.4
66.7033,-100.5
66.7067,-101.1
66.71,-97.5
66.7133,-100.2
66.7167,-98.4
66.72,-98.1
66.7233,-104.4
66.7267,-98.7
66.73,-100.5
66.7333,-96
66.7367,-93.6
66.74,-93.3
66.7433,-92.7
66.7467,-96.6
66.75,-96
66.7533,-98.7
66.7567,-102
66.76,-92.1
66.7633,-97.2
66.7667,-96.3
66.77,-101.1
66.7733,-96.9
66.7767,-96.3
66.78,-97.2
66.7833,-96.3
66.7867,-86.7
66.79,-95.4
66.7933,-97.5
66.7967,-94.5
66.8,-97.8
66.8033,-105.9
66.8067,-95.1
66.81,-95.4
66.8133,-107.7
66.8167,-95.4
66.82,-102.9
66.8233,-100.5
66.8267,-95.4
66.83,-101.4
66.8333,-94.2
66.8367,-99
66.84,-94.8
66.8433,-101.4
66.8467,-96.9
66.85,-97.8
66.8533,-98.4
66.8567,-99.6
66.86,-94.8
66.8633,-101.4
66.8667,-95.1
66.87,-99.9
66.8733,-93.6
66.8767,-97.5
66.88,-93.3
66.8833,-103.8
66.8867,-97.2
66.89,-100.8
66.8933,-101.4
66.8967,-92.1
66.9,-93.6
66.9033,-99
66.9067,-95.7
66.91,-101.7
66.9133,-91.5
66.9167,-99.3
66.92,-94.2
66.9233,-94.5
66.9267,-96.6
66.93,-100.5
66.9333,-96
66.9367,-95.4
66.94,-95.7
66.9433,-96.6
66.9467,-103.8
66.95,-106.8
66.9533,-87.6
66.9567,-96.6
66.96,-100.2
66.9633,-107.4
66.9667,-98.1
66.97,-105
66.9733,-96.9
66.9767,-109.5
66.98,-104.7
66.9833,-103.5
66.9867,-100.8
66.99,-101.1
66.9933,-95.1
66.9967,-97.8
67,-94.2
67.0033,-101.1
67.0067,-96.6
67.01,-93.6
67.0133,-96.3
67.0167,-102
67.02,-94.8
67.0233,-105.9
67.0267,-101.1
67.03,-104.1
67.0333,-96.9
67.0367,-97.8
67.04,-99
67.0433,-103.5
67.0467,-97.2
67.05,-95.1
67.0533,-88.8
67.0567,-85.5
67.06,-95.1
67.0633,-107.4
67.0667,-111.6
67.07,-110.1
67.0733,-98.1
67.0767,-87.9
67.08,-98.1
67.0833,-104.1
67.0867,-108
67.09,-107.4
67.0933,-99.6
67.0967,-103.8
67.1,-102.6
67.1033,-105.3
67.1067,-99
67.11,-98.7
67.1133,-97.8
67.1167,-99.3
67.12,-97.8
67.1233,-111
67.1267,-99.9
67.13,-102.3
67.1333,-96.9
67.1367,-104.1
67.14,-102.9
67.1433,-106.5
67.1467,-104.4
67.15,-101.1
67.1533,-97.5
67.1567,-104.1
67.16,-98.7
67.1633,-104.4
67.1667,-98.7
67.17,-106.5
67.1733,-93.9
67.1767,-101.1
67.18,-102.3
67.1833,-103.2
67.1867,-98.4
67.19,-102.3
67.1933,-89.1
67.1967,-92.7
67.2,-100.2
67.2033,-102
67.2067,-101.1
67.21,-88.8
67.2133,-87
67.2167,-94.8
67.22,-114.9
67.2233,-113.7
67.2267,-103.2
67.23,-99.9
67.2333,-101.4
67.2367,-104.1
67.24,-87.9
67.2433,-111.9
67.2467,-112.2
67.25,-98.1
67.2533,-90.9
67.2567,-106.2
67.26,-83.4
67.2633,-105.3
67.2667,-105.3
67.27,-99.6
67.2733,-98.4
67.2767,-97.8
67.28,-96
67.2833,-98.7
67.2867,-102.6
67.29,-103.8
67.2933,-96.9
67.2967,-96.9
67.3,-100.5
67.3033,-102.9
67.3067,-108.3
67.31,-101.1
67.3133,-96
67.3167,-97.5
67.32,-99.9
67.3233,-104.1
67.3267,-95.7
67.33,-104.4
67.3333,-95.7
67.3367,-94.5
67.34,-90.9
67.3433,-105
67.3467,-104.7
67.35,-88.8
67.3533,-109.5
67.3567,-88.5
67.36,-102.3
67.3633,-98.4
67.3667,-94.8
67.37,-115.5
67.3733,-97.2
67.3767,-98.1
67.38,-98.7
67.3833,-102.3
67.3867,-101.7
67.39,-92.1
67.3933,-98.7
67.3967,-102.6
67.4,-103.8
67.4033,-104.1
67.4067,-99.6
67.41,-98.4
67.4133,-93
67.4167,-103.2
67.42,-99.3
67.4233,-103.8
67.4267,-98.7
67.43,-100.2
67.4333,-91.8
67.4367,-104.7
67.44,-98.4
67.4433,-104.1
67.4467,-91.8
67.45,-99
67.4533,-94.8
67.4567,-96
67.46,-93.3
67.4633,-99.3
67.4667,-98.4
67.47,-97.5
67.4733,-102.9
67.4767,-101.7
67.48,-84.9
67.4833,-98.4
67.4867,-98.1
67.49,-102.3
67.4933,-87.9
67.4967,-100.8
67.5,-90.3
67.5033,-93
67.5067,-109.2
67.51,-96.9
67.5133,-98.1
67.5167,-91.5
67.52,-90.9
67.5233,-100.5
67.5267,-99
67.53,-84.6
67.5333,-83.4
67.5367,-106.2
67.54,-100.2
67.5433,-109.8
67.5467,-108
67.55,-103.5
67.5533,-102
67.5567,-98.7
67.56,-99
67.5633,-101.4
67.5667,-96.3
67.57,-99.9
67.5733,-96.9
67.5767,-95.4
67.58,-99
67.5833,-99.6
67.5867,-99
67.59,-99
67.5933,-97.8
67.5967,-104.7
67.6,-93
67.6033,-102.3
67.6067,-96.3
67.61,-99
67.6133,-99.6
67.6167,-100.5
67.62,-96.9
67.6233,-96.9
67.6267,-99.3
67.63,-84
67.6333,-82.2
67.6367,-89.7
67.64,-100.2
67.6433,-108
67.6467,-91.2
67.65,-96
67.6533,-89.1
67.6567,-97.8
67.66,-99.9
67.6633,-101.7
67.6667,-93.9
67.67,-93.9
67.6733,-93.9
67.6767,-96
67.68,-94.2
67.6833,-95.7
67.6867,-98.4
67.69,-96.6
67.6933,-92.7
67.6967,-97.2
67.7,-96
67.7033,-97.8
67.7067,-96.9
67.71,-89.7
67.7133,-101.1
67.7167,-91.5
67.72,-95.1
67.7233,-97.8
67.7267,-99.6
67.73,-91.8
67.7333,-92.7
67.7367,-95.1
67.74,-94.8
67.7433,-96.3
67.7467,-93.6
67.75,-93.9
67.7533,-89.7
67.7567,-90.6
67.76,-97.2
67.7633,-96.9
67.7667,-81.9
67.77,-99
67.7733,-98.4
67.7767,-93.3
67.78,-95.1
67.7833,-99
67.7867,-100.8
67.79,-94.8
67.7933,-82.2
67.7967,-87
67.8,-100.5
67.8033,-92.1
67.8067,-90.6
67.81,-98.4
67.8133,-102.3
67.8167,-101.1
67.82,-100.5
67.8233,-99
67.8267,-97.5
67.83,-97.8
67.8333,-92.1
67.8367,-96.9
67.84,-95.7
67.8433,-95.7
67.8467,-93.6
67.85,-92.7
67.8533,-92.1
67.8567,-95.4
67.86,-92.1
67.8633,-92.7
67.8667,-87.6
67.87,-88.5
67.8733,-89.7
67.8767,-90.3
67.88,-87.9
67.8833,-94.8
67.8867,-88.2
67.89,-89.1
67.8933,-85.5
67.8967,-95.4
67.9,-90
67.9033,-74.4
67.9067,-79.5
67.91,-90.6
67.9133,-88.8
67.9167,-86.7
67.92,-90
67.9233,-93.3
67.9267,-93
67.93,-91.2
67.9333,-102
67.9367,-88.2
67.94,-96.6
67.9433,-95.7
67.9467,-89.7
67.95,-91.5
67.9533,-87
67.9567,-90
67.96,-96.3
67.9633,-87.6
67.9667,-90.3
67.97,-92.1
67.9733,-89.4
67.9767,-90.9
67.98,-92.7
67.9833,-95.4
67.9867,-93.3
67.99,-91.2
67.9933,-90.6
67.9967,-90
68,-95.1
68.0033,-96.3
68.0067,-95.4
68.01,-97.8
68.0133,-88.5
68.0167,-93
68.02,-88.5
68.0233,-99
68.0267,-75
68.03,-81
68.0333,-69.3
68.0367,-99
68.04,-96
68.0433,-93.3
68.0467,-81.9
68.05,-93.6
68.0533,-88.8
68.0567,-83.7
68.06,-93.9
68.0633,-95.4
68.0667,-75.9
68.07,-91.5
68.0733,-95.7
68.0767,-88.8
68.08,-84.6
68.0833,-95.7
68.0867,-84
68.09,-88.5
68.0933,-92.1
68.0967,-93.6
68.1,-86.1
68.1033,-93.9
68.1067,-90
68.11,-91.2
68.1133,-85.2
68.1167,-88.8
68.12,-87.9
68.1233,-90.6
68.1267,-90.6
68.13,-88.5
68.1333,-88.8
68.1367,-84.3
68.14,-90
68.1433,-87.6
68.1467,-93.3
68.15,-85.2
68.1533,-84.6
68.1567,-80.7
68.16,-87
68.1633,-90.6
68.1667,-84.3
68.17,-84.9
68.1733,-76.2
68.1767,-81.6
68.18,-86.7
68.1833,-81.9
68.1867,-77.1
68.19,-78.6
68.1933,-100.8
68.1967,-87.3
68.2,-87.6
68.2033,-96.6
68.2067,-84.6
68.21,-83.7
68.2133,-85.5
68.2167,-86.7
68.22,-89.7
68.2233,-94.8
68.2267,-78.6
68.23,-82.5
68.2333,-78.3
68.2367,-92.1
68.24,-87
68.2433,-81.3
68.2467,-92.1
68.25,-85.2
68.2533,-80.4
68.2567,-89.1
68.26,-82.8
68.2633,-87.6
68.2667,-87.9
68.27,-87
68.2733,-88.5
68.2767,-87.6
68.28,-91.2
68.2833,-91.2
68.2867,-87.3
68.29,-84.3
68.2933,-86.7
68.2967,-87.3
68.3,-71.1
68.3033,-81.6
68.3067,-79.2
68.31,-89.1
68.3133,-84.3
68.3167,-93.6
68.32,-90
68.3233,-80.1
68.3267,-92.7
68.33,-86.7
68.3333,-76.8
68.3367,-89.7
68.34,-88.8
68.3433,-84
68.3467,-85.2
68.35,-72
68.3533,-92.7
68.3567,-85.5
68.36,-90.3
68.3633,-97.2
68.3667,-90.9
68.37,-86.7
68.3733,-81.9
68.3767,-83.4
68.38,-87.9
68.3833,-87.9
68.3867,-86.7
68.39,-81.6
68.3933,-84
68.3967,-83.7
68.4,-87
68.4033,-84.6
68.4067,-89.4
68.41,-83.4
68.4133,-84.3
68.4167,-81.3
68.42,-82.5
68.4233,-85.5
68.4267,-82.8
68.43,-84
68.4333,-86.7
68.4367,-86.4
68.44,-85.5
68.4433,-90.3
68.4467,-81.9
68.45,-82.2
68.4533,-82.5
68.4567,-72.9
68.46,-70.8
68.4633,-95.4
68.4667,-86.4
68.47,-82.8
68.4733,-87.9
68.4767,-86.4
68.48,-94.8
68.4833,-78.3
68.4867,-88.5
68.49,-85.5
68.4933,-80.1
68.4967,-75.9
68.5,-91.5
68.5033,-82.5
68.5067,-92.1
68.51,-84.6
68.5133,-81.3
68.5167,-82.8
68.52,-85.8
68.5233,-82.8
68.5267,-90.3
68.53,-74.4
68.5333,-83.4
68.5367,-82.8
68.54,-88.5
68.5433,-83.4
68.5467,-78.9
68.55,-80.4
68.5533,-78.6
68.5567,-75.3
68.56,-78
68.5633,-81.6
68.5667,-84.3
68.57,-73.8
68.5733,-72.3
68.5767,-76.8
68.58,-78.3
68.5833,-77.7
68.5867,-77.1
68.59,-78.9
68.5933,-78
68.5967,-76.2
68.6,-62.7
68.6033,-69.9
68.6067,-98.4
68.61,-78.6
68.6133,-84
68.6167,-68.4
68.62,-70.2
68.6233,-92.4
68.6267,-85.5
68.63,-81
68.6333,-89.1
68.6367,-76.8
68.64,-82.5
68.6433,-73.2
68.6467,-81.3
68.65,-89.4
68.6533,-72.6
68.6567,-81.3
68.66,-81.9
68.6633,-82.8
68.6667,-84.3
68.67,-77.1
68.6733,-77.4
68.6767,-81.6
68.68,-81.6
68.6833,-84.9
68.6867,-83.1
68.69,-81.6
68.6933,-74.7
68.6967,-80.1
68.7,-81.9
68.7033,-80.4
68.7067,-80.7
68.71,-77.4
68.7133,-81.6
68.7167,-75.6
68.72,-84.6
68.7233,-81.9
68.7267,-77.1
68.73,-60.9
68.7333,-80.4
68.7367,-79.2
68.74,-68.4
68.7433,-80.1
68.7467,-89.7
68.75,-76.5
68.7533,-81
68.7567,-67.8
68.76,-85.8
68.7633,-83.1
68.7667,-73.2
68.77,-67.8
68.7733,-64.5
68.7767,-79.2
68.78,-87.3
68.7833,-79.2
68.7867,-82.2
68.79,-70.2
68.7933,-74.7
68.7967,-70.2
68.8,-72.6
68.8033,-78
68.8067,-65.7
68.81,-65.1
68.8133,-66.3
68.8167,-67.8
68.82,-74.4
68.8233,-71.1
68.8267,-68.1
68.83,-66.3
68.8333,-69.6
68.8367,-63
68.84,-77.1
68.8433,-67.5
68.8467,-67.5
68.85,-66.3
68.8533,-68.1
68.8567,-67.2
68.86,-73.8
68.8633,-71.1
68.8667,-73.8
68.87,-66.3
68.8733,-62.4
68.8767,-62.1
68.88,-72.6
68.8833,-66
68.8867,-69
68.89,-49.2
68.8933,-71.1
68.8967,-72
68.9,-77.1
68.9033,-69.3
68.9067,-66.3
68.91,-68.7
68.9133,-72.6
68.9167,-67.2
68.92,-67.5
68.9233,-63.6
68.9267,-63.3
68.93,-68.7
68.9333,-68.1
68.9367,-71.1
68.94,-65.4
68.9433,-63.3
68.9467,-65.1
68.95,-68.4
68.9533,-72
68.9567,-69.9
68.96,-70.5
68.9633,-71.4
68.9667,-69.6
68.97,-64.2
68.9733,-70.8
68.9767,-66.3
68.98,-69.3
68.9833,-70.2
68.9867,-69.3
68.99,-68.4
68.9933,-64.2
68.9967,-71.1
69,-71.4
69.0033,-61.8
69.0067,-63.6
69.01,-71.4
69.0133,-70.5
69.0167,-70.5
69.02,-67.2
69.0233,-57
69.0267,-78
69.03,-71.1
69.0333,-72.6
69.0367,-72.9
69.04,-78.3
69.0433,-62.7
69.0467,-68.1
69.05,-68.1
69.0533,-70.2
69.0567,-61.2
69.06,-60.3
69.0633,-80.1
69.0667,-68.4
69.07,-72
69.0733,-63.3
69.0767,-66.6
69.08,-67.2
69.0833,-65.7
69.0867,-59.7
69.09,-59.7
69.0933,-68.7
69.0967,-65.4
69.1,-67.5
69.1033,-72.9
69.1067,-72.3
69.11,-59.7
69.1133,-67.8
69.1167,-66.3
69.12,-69
69.1233,-63.9
69.1267,-69.3
69.13,-62.4
69.1333,-65.4
69.1367,-64.2
69.14,-69.6
69.1433,-66.6
69.1467,-65.4
69.15,-64.8
69.1533,-65.4
69.1567,-58.5
69.16,-53.4
69.1633,-62.7
69.1667,-53.4
69.17,-69.3
69.1733,-74.4
69.1767,-63
69.18,-80.1
69.1833,-68.4
69.1867,-67.2
69.19,-55.5
69.1933,-69.9
69.1967,-65.4
69.2,-67.2
69.2033,-66.6
69.2067,-64.8
69.21,-64.5
69.2133,-62.7
69.2167,-62.1
69.22,-70.5
69.2233,-62.1
69.2267,-63.6
69.23,-63.3
69.2333,-68.1
69.2367,-64.5
69.24,-69.3
69.2433,-63.6
69.2467,-66.6
69.25,-68.1
69.2533,-70.8
69.2567,-68.1
69.26,-71.1
69.2633,-63.3
69.2667,-67.2
69.27,-63
69.2733,-65.1
69.2767,-66.6
69.28,-70.2
69.2833,-66
69.2867,-68.1
69.29,-56.1
69.2933,-57.9
69.2967,-76.5
69.3,-66
69.3033,-45.9
69.3067,-64.8
69.31,-64.2
69.3133,-74.1
69.3167,-68.4
69.32,-71.1
69.3233,-71.4
69.3267,-70.2
69.33,-64.8
69.3333,-67.2
69.3367,-67.5
69.34,-68.7
69.3433,-66.6
69.3467,-66.6
69.35,-58.2
69.3533,-63.6
69.3567,-64.5
69.36,-69.9
69.3633,-67.5
69.3667,-69.3
69.37,-65.4
69.3733,-68.1
69.3767,-67.5
69.38,-66.6
69.3833,-70.5
69.3867,-72
69.39,-65.4
69.3933,-67.2
69.3967,-72
69.4,-69.3
69.4033,-64.2
69.4067,-73.2
69.41,-57.9
69.4133,-66.9
69.4167,-61.8
69.42,-54.9
69.4233,-57.9
69.4267,-63.9
69.43,-57
69.4333,-79.5
69.4367,-66.3
69.44,-73.5
69.4433,-82.2
69.4467,-59.1
69.45,-59.7
69.4533,-56.7
69.4567,-70.2
69.46,-77.4
69.4633,-71.7
69.4667,-69.3
69.47,-66.6
69.4733,-67.2
69.4767,-72.3
69.48,-72.6
69.4833,-73.2
69.4867,-66
69.49,-66.3
69.4933,-71.4
69.4967,-63.9
69.5,-71.1
69.5033,-69.3
69.5067,-71.4
69.51,-68.1
69.5133,-70.5
69.5167,-69.9
69.52,-69.9
69.5233,-72.3
69.5267,-71.4
69.53,-60.6
69.5333,-66.9
69.5367,-64.5
69.54,-70.2
69.5433,-66
69.5467,-66
69.55,-62.7
69.5533,-68.1
69.5567,-63
69.56,-66.9
69.5633,-64.5
69.5667,-68.1
69.57,-50.4
69.5733,-61.2
69.5767,-63.6
69.58,-62.1
69.5833,-67.2
69.5867,-57
69.59,-72.6
69.5933,-78.6
69.5967,-54.9
69.6,-66.3
69.6033,-70.8
69.6067,-72.9
69.61,-63
69.6133,-61.5
69.6167,-64.5
69.62,-67.2
69.6233,-69.9
69.6267,-70.5
69.63,-62.4
69.6333,-61.8
69.6367,-77.1
69.64,-72.3
69.6433,-62.4
69.6467,-69.3
69.65,-69.9
69.6533,-69.6
69.6567,-66.9
69.66,-73.5
69.6633,-65.7
69.6667,-72.6
69.67,-67.5
69.6733,-71.7
69.6767,-67.2
69.68,-74.7
69.6833,-63
69.6867,-72.3
69.69,-67.8
69.6933,-71.1
69.6967,-69
69.7,-67.5
69.7033,-69.9
69.7067,-66.6
69.71,-63.6
69.7133,-65.1
69.7167,-66.6
69.72,-59.1
69.7233,-55.5
69.7267,-63.9
69.73,-72.3
69.7333,-70.2
69.7367,-70.2
69.74,-69.9
69.7433,-73.2
69.7467,-69
69.75,-63.9
69.7533,-63.6
69.7567,-60.9
69.76,-68.7
69.7633,-68.1
69.7667,-52.8
69.77,-68.7
69.7733,-69.6
69.7767,-69.6
69.78,-72.6
69.7833,-66
69.7867,-67.2
69.79,-66.6
69.7933,-70.8
69.7967,-65.1
69.8,-71.1
69.8033,-65.7
69.8067,-63.9
69.81,-67.2
69.8133,-63.3
69.8167,-62.7
69.82,-68.1
69.8233,-67.2
69.8267,-71.1
69.83,-61.8
69.8333,-72.3
69.8367,-63.6
69.84,-70.5
69.8433,-66.6
69.8467,-71.1
69.85,-59.4
69.8533,-63.3
69.8567,-53.4
69.86,-64.5
69.8633,-61.8
69.8667,-61.5
69.87,-75.6
69.8733,-62.4
69.8767,-67.2
69.88,-74.7
69.8833,-75.6
69.8867,-60
69.89,-59.1
69.8933,-66.3
69.8967,-71.1
69.9,-73.5
69.9033,-69.3
69.9067,-67.8
69.91,-64.5
69.9133,-69
69.9167,-69.3
69.92,-78.3
69.9233,-69
69.9267,-69.6
69.93,-69.9
69.9333,-69.9
69.9367,-65.7
69.94,-74.1
69.9433,-72.3
69.9467,-64.8
69.95,-70.2
69.9533,-74.1
69.9567,-69
69.96,-68.4
69.9633,-67.2
69.9667,-73.5
69.97,-65.4
69.9733,-67.8
69.9767,-71.7
69.98,-74.1
69.9833,-63.6
69.9867,-61.2
69.99,-59.7
69.9933,-64.8
69.9967,-61.2
70,-65.4
70.0033,-61.2
70.0067,-73.2
70.01,-42.9
70.0133,-78.9
70.0167,-72.6
70.02,-74.7
70.0233,-67.8
70.0267,-70.8
70.03,-72.3
70.0333,-64.8
70.0367,-58.5
70.04,-60.9
70.0433,-74.1
70.0467,-67.2
70.05,-63.6
70.0533,-67.2
70.0567,-67.5
70.06,-67.8
70.0633,-65.1
70.0667,-67.5
70.07,-64.5
70.0733,-68.4
70.0767,-67.8
70.08,-68.7
70.0833,-67.5
70.0867,-68.4
70.09,-68.1
70.0933,-62.4
70.0967,-66
70.1,-64.2
70.1033,-61.2
70.1067,-63.3
70.11,-66.3
70.1133,-59.1
70.1167,-68.4
70.12,-67.5
70.1233,-68.4
70.1267,-68.1
70.13,-58.5
70.1333,-67.5
70.1367,-55.2
70.14,-59.4
70.1433,-78.9
70.1467,-65.1
70.15,-63.6
70.1533,-66.9
70.1567,-66
70.16,-74.4
70.1633,-63
70.1667,-71.7
70.17,-69
70.1733,-65.7
70.1767,-66
70.18,-71.7
70.1833,-60.9
70.1867,-66
70.19,-68.7
70.1933,-61.2
70.1967,-64.5
70.2,-66.6
70.2033,-70.2
70.2067,-66.3
70.21,-67.2
70.2133,-69
70.2167,-66
70.22,-71.1
70.2233,-66.9
70.2267,-68.7
70.23,-62.1
70.2333,-65.7
70.2367,-64.2
70.24,-69.6
70.2433,-66.6
70.2467,-63
70.25,-60.3
70.2533,-59.4
70.2567,-69.6
70.26,-68.4
70.2633,-73.2
70.2667,-66.9
70.27,-62.1
70.2733,-66.6
70.2767,-64.8
70.28,-55.5
70.2833,-63.6
70.2867,-69
70.29,-78.3
70.2933,-69
70.2967,-78
70.3,-63.9
70.3033,-66.3
70.3067,-73.2
70.31,-69.9
70.3133,-54.3
70.3167,-77.7
70.32,-81.9
70.3233,-70.2
70.3267,-71.7
70.33,-69.3
70.3333,-68.7
70.3367,-72.9
70.34,-75.6
70.3433,-67.8
70.3467,-70.8
70.35,-71.1
70.3533,-71.1
70.3567,-74.4
70.36,-70.2
70.3633,-69
70.3667,-70.8
70.37,-72.6
70.3733,-66.6
70.3767,-70.5
70.38,-73.8
70.3833,-65.4
70.3867,-68.1
70.39,-67.5
70.3933,-67.5
70.3967,-68.1
70.4,-69.6
70.4033,-70.2
70.4067,-69
70.41,-62.4
70.4133,-66.6
70.4167,-67.5
70.42,-75.3
70.4233,-70.5
70.4267,-65.4
70.43,-48.3
70.4333,-65.1
70.4367,-63
70.44,-62.7
70.4433,-68.7
70.4467,-85.8
70.45,-67.2
70.4533,-74.7
70.4567,-78
70.46,-71.4
70.4633,-71.1
70.4667,-72.9
70.47,-64.5
70.4733,-69
70.4767,-72.9
70.48,-75
70.4833,-70.8
70.4867,-73.5
70.49,-72.3
70.4933,-68.7
70.4967,-71.4
70.5,-72.6
70.5033,-73.8
70.5067,-62.4
70.51,-62.7
70.5133,-69.3
70.5167,-65.7
70.52,-74.7
70.5233,-60.3
70.5267,-69.6
70.53,-67.8
70.5333,-61.2
70.5367,-68.7
70.54,-67.2
70.5433,-68.4
70.5467,-63.3
70.55,-56.7
70.5533,-54.3
70.5567,-73.5
70.56,-49.5
70.5633,-61.2
70.5667,-63
70.57,-74.1
70.5733,-73.2
70.5767,-68.1
70.58,-71.7
70.5833,-65.7
70.5867,-71.4
70.59,-66
70.5933,-65.4
70.5967,-69.9
70.6,-69.9
70.6033,-63.3
70.6067,-55.2
70.61,-73.2
70.6133,-71.7
70.6167,-68.7
70.62,-72.6
70.6233,-64.5
70.6267,-68.4
70.63,-72
70.6333,-71.4
70.6367,-69
70.64,-71.1
70.6433,-70.2
70.6467,-66.9
70.65,-66.3
70.6533,-71.4
70.6567,-69.9
70.66,-63.6
70.6633,-67.2
70.6667,-61.5
70.67,-61.8
70.6733,-64.2
70.6767,-71.7
70.68,-63.3
70.6833,-63.9
70.6867,-59.1
70.69,-66.6
70.6933,-52.5
70.6967,-63
70.7,-50.4
70.7033,-70.5
70.7067,-63.6
70.71,-61.8
70.7133,-51
70.7167,-74.4
70.72,-72.6
70.7233,-61.8
70.7267,-71.4
70.73,-66.9
70.7333,-62.7
70.7367,-64.8
70.74,-66.6
70.7433,-65.1
70.7467,-62.7
70.75,-63.9
70.7533,-65.7
70.7567,-71.4
70.76,-61.2
70.7633,-67.8
70.7667,-70.5
70.77,-67.8
70.7733,-66.3
70.7767,-72.9
70.78,-74.7
70.7833,-74.4
70.7867,-70.8
70.79,-63.6
70.7933,-69
70.7967,-68.7
70.8,-69.9
70.8033,-69
70.8067,-68.4
70.81,-70.5
70.8133,-72.3
70.8167,-72.3
70.82,-70.8
70.8233,-73.5
70.8267,-64.5
70.83,-72.6
70.8333,-42.9
70.8367,-66
70.84,-74.4
70.8433,-90
70.8467,-63.9
70.85,-67.8
70.8533,-69.6
70.8567,-62.7
70.86,-71.4
70.8633,-79.5
70.8667,-62.1
70.87,-66.3
70.8733,-73.5
70.8767,-73.8
70.88,-65.4
70.8833,-60
70.8867,-64.8
70.89,-74.4
70.8933,-71.7
70.8967,-66
70.9,-68.7
70.9033,-67.5
70.9067,-66.6
70.91,-66
70.9133,-66.3
70.9167,-75.3
70.92,-68.1
70.9233,-68.4
70.9267,-65.4
70.93,-68.4
70.9333,-65.7
70.9367,-65.7
70.94,-69.6
70.9433,-67.8
70.9467,-61.2
70.95,-65.7
70.9533,-65.1
70.9567,-69
70.96,-69.3
70.9633,-71.4
70.9667,-59.1
70.97,-65.1
70.9733,-63.3
70.9767,-70.5
70.98,-58.5
70.9833,-53.4
70.9867,-69.9
70.99,-67.2
70.9933,-75.9
70.9967,-78.6
71,-67.8
71.0033,-65.4
71.0067,-56.7
71.01,-64.5
71.0133,-70.5
71.0167,-69
71.02,-62.4
71.0233,-56.4
71.0267,-68.7
71.03,-66.6
71.0333,-65.4
71.0367,-67.8
71.04,-69
71.0433,-64.8
71.0467,-64.2
71.05,-64.2
71.0533,-56.7
71.0567,-72
71.06,-64.5
71.0633,-65.7
71.0667,-63.6
71.07,-55.8
71.0733,-58.8
71.0767,-64.2
71.08,-60.6
71.0833,-60.9
71.0867,-57
71.09,-64.5
71.0933,-63.3
71.0967,-68.1
71.1,-66
71.1033,-59.7
71.1067,-52.8
71.11,-45.6
71.1133,-48.6
71.1167,-78.3
71.12,-64.5
71.1233,-66.3
71.1267,-63.6
71.13,-73.8
71.1333,-65.1
71.1367,-64.5
71.14,-62.7
71.1433,-61.2
71.1467,-60.9
71.15,-63.3
71.1533,-57.9
71.1567,-63.9
71.16,-57.6
71.1633,-63.9
71.1667,-60.9
71.17,-61.8
71.1733,-63
71.1767,-72
71.18,-67.5
71.1833,-60.3
71.1867,-63
71.19,-63.3
71.1933,-63
71.1967,-70.2
71.2,-63.6
71.2033,-69.6
71.2067,-66.3
71.21,-60.9
71.2133,-61.5
71.2167,-68.7
71.22,-63
71.2233,-62.7
71.2267,-62.1
71.23,-58.5
71.2333,-63
71.2367,-63.3
71.24,-64.2
71.2433,-64.2
71.2467,-57
71.25,-66.6
71.2533,-60.3
71.2567,-55.5
71.26,-57.9
71.2633,-66.3
71.2667,-57.3
71.27,-64.2
71.2733,-60.9
71.2767,-75
71.28,-61.2
71.2833,-64.2
71.2867,-63.6
71.29,-68.4
71.2933,-65.4
71.2967,-64.5
71.3,-64.5
71.3033,-63
71.3067,-68.4
71.31,-61.5
71.3133,-70.8
71.3167,-70.5
71.32,-66.6
71.3233,-65.4
71.3267,-64.5
71.33,-61.2
71.3333,-68.7
71.3367,-68.1
71.34,-64.2
71.3433,-66.9
71.3467,-65.1
71.35,-63.3
71.3533,-61.5
71.3567,-67.2
71.36,-69
71.3633,-71.7
71.3667,-69.6
71.37,-59.7
71.3733,-69
71.3767,-64.2
71.38,-67.5
71.3833,-66.9
71.3867,-60.9
71.39,-58.2
71.3933,-64.5
71.3967,-67.2
71.4,-69
71.4033,-55.8
71.4067,-59.4
71.41,-63.9
71.4133,-81.3
71.4167,-66.3
71.42,-70.8
71.4233,-68.1
71.4267,-69.3
71.43,-67.5
71.4333,-64.5
71.4367,-69.6
71.44,-60.9
71.4433,-69.3
71.4467,-73.5
71.45,-64.8
71.4533,-68.7
71.4567,-74.7
71.46,-72
71.4633,-73.5
71.4667,-66.9
71.47,-67.8
71.4733,-67.8
71.4767,-72.9
71.48,-70.2
71.4833,-69.3
71.4867,-67.2
71.49,-68.7
71.4933,-67.8
71.4967,-72
71.5,-73.8
71.5033,-70.5
71.5067,-66
71.51,-67.2
71.5133,-70.8
71.5167,-73.8
71.52,-62.7
71.5233,-47.4
71.5267,-77.1
71.53,-67.8
71.5333,-66.3
71.5367,-74.4
71.54,-73.8
71.5433,-71.7
71.5467,-70.8
71.55,-63
71.5533,-74.7
71.5567,-77.7
71.56,-72.6
71.5633,-69.6
71.5667,-67.5
71.57,-69.9
71.5733,-77.1
71.5767,-74.7
71.58,-72.3
71.5833,-70.8
71.5867,-71.4
71.59,-69.6
71.5933,-71.1
71.5967,-71.4
71.6,-66.9
71.6033,-67.5
71.6067,-63.6
71.61,-67.8
71.6133,-69.9
71.6167,-68.1
71.62,-72
71.6233,-70.5
71.6267,-62.1
71.63,-74.7
71.6333,-67.8
71.6367,-70.8
71.64,-69
71.6433,-69.6
71.6467,-62.4
71.65,-65.4
71.6533,-69
71.6567,-74.4
71.66,-71.1
71.6633,-73.8
71.6667,-61.8
71.67,-69
71.6733,-58.8
71.6767,-61.8
71.68,-71.7
71.6833,-72.6
71.6867,-78
71.69,-71.1
71.6933,-73.2
71.6967,-74.7
71.7,-66.9
71.7033,-55.8
71.7067,-77.4
71.71,-74.1
71.7133,-76.8
71.7167,-79.5
71.72,-55.2
71.7233,-79.2
71.7267,-70.5
71.73,-69
71.7333,-69.6
71.7367,-81
71.74,-73.2
71.7433,-68.4
71.7467,-71.7
71.75,-70.5
71.7533,-73.2
71.7567,-69
71.76,-74.7
71.7633,-65.7
71.7667,-68.7
71.77,-71.7
71.7733,-67.5
71.7767,-74.7
71.78,-70.5
71.7833,-71.4
71.7867,-62.7
71.79,-68.7
71.7933,-71.7
71.7967,-70.2
71.8,-71.7
71.8033,-68.4
71.8067,-67.2
71.81,-62.4
71.8133,-66.3
71.8167,-78.3
71.82,-67.2
71.8233,-67.5
71.8267,-55.5
71.83,-72.3
71.8333,-68.4
71.8367,-82.5
71.84,-71.7
71.8433,-78.9
71.8467,-69.3
71.85,-75
71.8533,-69.6
71.8567,-73.2
71.86,-75
71.8633,-71.4
71.8667,-66.6
71.87,-73.8
71.8733,-71.1
71.8767,-84.3
71.88,-71.1
71.8833,-75.9
71.8867,-71.7
71.89,-76.5
71.8933,-68.4
71.8967,-70.2
71.9,-75.3
71.9033,-71.7
71.9067,-66
71.91,-63.3
71.9133,-67.5
71.9167,-72.6
71.92,-66.9
71.9233,-67.2
71.9267,-65.4
71.93,-67.8
71.9333,-65.1
71.9367,-72.9
71.94,-48
71.9433,-69
71.9467,-78.6
71.95,-69.6
71.9533,-66
71.9567,-79.8
71.96,-69
71.9633,-64.2
71.9667,-66.3
71.97,-83.1
71.9733,-76.5
71.9767,-74.4
71.98,-66.6
71.9833,-66.6
71.9867,-74.4
71.99,-72.3
71.9933,-65.4
71.9967,-75.9
72,-68.1
72.0033,-77.4
72.0067,-74.1
72.01,-68.4
72.0133,-65.7
72.0167,-67.2
72.02,-73.5
72.0233,-66.9
72.0267,-69
72.03,-72
72.0333,-66
72.0367,-66.6
72.04,-70.8
72.0433,-70.2
72.0467,-73.8
72.05,-66.3
72.0533,-64.5
72.0567,-68.4
72.06,-69
72.0633,-68.4
72.0667,-66.6
72.07,-65.7
72.0733,-66.3
72.0767,-69
72.08,-65.4
72.0833,-69.3
72.0867,-58.8
72.09,-57
72.0933,-67.2
72.0967,-65.7
72.1,-73.2
72.1033,-69
72.1067,-63.6
72.11,-55.5
72.1133,-75.3
72.1167,-83.7
72.12,-74.7
72.1233,-69.6
72.1267,-72.9
72.13,-72.3
72.1333,-60.3
72.1367,-78.6
72.14,-68.4
72.1433,-73.5
72.1467,-66.9
72.15,-68.1
72.1533,-66
72.1567,-73.5
72.16,-70.5
72.1633,-67.2
72.1667,-65.1
72.17,-67.8
72.1733,-69
72.1767,-69.3
72.18,-76.2
72.1833,-65.1
72.1867,-66.6
72.19,-71.1
72.1933,-64.2
72.1967,-68.7
72.2,-66.3
72.2033,-66.9
72.2067,-65.1
72.21,-69.3
72.2133,-65.1
72.2167,-70.8
72.22,-67.5
72.2233,-68.7
72.2267,-68.4
72.23,-52.5
72.2333,-57.6
72.2367,-71.1
72.24,-75.9
72.2433,-72.9
72.2467,-48.9
72.25,-71.4
72.2533,-83.7
72.2567,-65.7
72.26,-73.2
72.2633,-66.6
72.2667,-70.8
72.27,-70.8
72.2733,-70.8
72.2767,-70.5
72.28,-72.9
72.2833,-71.1
72.2867,-70.2
72.29,-62.7
72.2933,-68.4
72.2967,-75
72.3,-72.9
72.3033,-69.3
72.3067,-68.7
72.31,-74.1
72.3133,-58.8
72.3167,-74.4
72.32,-70.8
72.3233,-69.9
72.3267,-63.3
72.33,-63.3
72.3333,-67.5
72.3367,-72.6
72.34,-70.8
72.3433,-63
72.3467,-62.7
72.35,-66.6
72.3533,-64.2
72.3567,-66.6
72.36,-66
72.3633,-63.6
72.3667,-62.4
72.37,-63
72.3733,-64.5
72.3767,-51.9
72.38,-63.9
72.3833,-61.5
72.3867,-61.5
72.39,-75
72.3933,-72.3
72.3967,-69.3
72.4,-58.5
72.4033,-70.2
72.4067,-59.1
72.41,-68.1
72.4133,-61.2
72.4167,-68.4
72.42,-69
72.4233,-66
72.4267,-53.7
72.43,-55.2
72.4333,-65.7
72.4367,-68.4
72.44,-63.6
72.4433,-64.2
72.4467,-66.3
72.45,-65.1
72.4533,-63.9
72.4567,-69.6
72.46,-65.4
72.4633,-69.3
72.4667,-65.4
72.47,-64.2
72.4733,-65.1
72.4767,-68.4
72.48,-64.8
72.4833,-66.6
72.4867,-63.3
72.49,-71.4
72.4933,-60
72.4967,-71.4
72.5,-66.9
72.5033,-57.6
72.5067,-66.3
72.51,-76.2
72.5133,-71.4
72.5167,-83.7
72.52,-49.5
72.5233,-74.4
72.5267,-75
72.53,-66.3
72.5333,-75.3
72.5367,-74.4
72.54,-73.8
72.5433,-64.8
72.5467,-72.3
72.55,-72.9
72.5533,-71.4
72.5567,-74.1
72.56,-65.4
72.5633,-69.6
72.5667,-79.5
72.57,-70.2
72.5733,-72.9
72.5767,-75.6
72.58,-71.1
72.5833,-74.1
72.5867,-72.3
72.59,-76.5
72.5933,-79.5
72.5967,-76.5
72.6,-72.9
72.6033,-77.4
72.6067,-73.8
72.61,-75.3
72.6133,-75.3
72.6167,-80.1
72.62,-72.6
72.6233,-72.3
72.6267,-71.4
72.63,-73.5
72.6333,-73.5
72.6367,-74.7
72.64,-66.6
72.6433,-76.8
72.6467,-61.2
72.65,-76.8
72.6533,-67.5
72.6567,-82.8
72.66,-69
72.6633,-62.4
72.6667,-67.5
72.67,-78
72.6733,-71.7
72.6767,-69.9
72.68,-75.6
72.6833,-79.8
72.6867,-73.8
72.69,-75.9
72.6933,-76.5
72.6967,-75.9
72.7,-75.9
72.7033,-81.9
72.7067,-74.1
72.71,-79.8
72.7133,-75.9
72.7167,-78.3
72.72,-84
72.7233,-69.6
72.7267,-73.8
72.73,-80.1
72.7333,-79.8
72.7367,-85.2
72.74,-76.2
72.7433,-77.4
72.7467,-72
72.75,-73.8
72.7533,-75.3
72.7567,-76.5
72.76,-72
72.7633,-74.1
72.7667,-68.4
72.77,-79.8
72.7733,-73.5
72.7767,-81.3
72.78,-78.9
72.7833,-67.8
72.7867,-53.1
72.79,-81.6
72.7933,-73.5
72.7967,-69.3
72.8,-79.8
72.8033,-83.1
72.8067,-67.8
72.81,-86.1
72.8133,-81.9
72.8167,-69.3
72.82,-78.6
72.8233,-72.3
72.8267,-76.2
72.83,-76.2
72.8333,-71.7
72.8367,-85.5
72.84,-74.4
72.8433,-79.5
72.8467,-72.6
72.85,-75.6
72.8533,-72.9
72.8567,-78.6
72.86,-77.1
72.8633,-75.6
72.8667,-72.9
72.87,-76.8
72.8733,-76.5
72.8767,-75.9
72.88,-75.6
72.8833,-79.5
72.8867,-70.2
72.89,-75
72.8933,-75.6
72.8967,-75.6
72.9,-71.1
72.9033,-73.5
72.9067,-70.8
72.91,-68.4
72.9133,-69
72.9167,-69.3
72.92,-66.3
72.9233,-68.7
72.9267,-68.4
72.93,-65.1
72.9333,-65.1
72.9367,-81.9
72.94,-63.6
72.9433,-81.9
72.9467,-74.7
72.95,-73.8
72.9533,-71.4
72.9567,-69
72.96,-71.7
72.9633,-73.2
72.9667,-71.1
72.97,-67.5
72.9733,-75.3
72.9767,-72.3
72.98,-76.2
72.9833,-68.4
72.9867,-75.3
72.99,-72.6
72.9933,-69.6
72.9967,-73.5
73,-71.7
73.0033,-74.7
73.0067,-70.5
73.01,-71.7
73.0133,-71.1
73.0167,-80.4
73.02,-77.1
73.0233,-74.4
73.0267,-75.3
73.03,-73.2
73.0333,-74.1
73.0367,-81.6
73.04,-74.7
73.0433,-77.7
73.0467,-69.6
73.05,-76.5
73.0533,-68.1
73.0567,-72
73.06,-66.9
73.0633,-59.7
73.0667,-71.1
73.07,-79.5
73.0733,-72.9
73.0767,-78
73.08,-77.4
73.0833,-76.2
73.0867,-80.1
73.09,-73.8
73.0933,-77.7
73.0967,-77.4
73.1,-77.1
73.1033,-72.9
73.1067,-62.7
73.11,-76.2
73.1133,-75
73.1167,-80.7
73.12,-80.7
73.1233,-81.9
73.1267,-75.9
73.13,-76.2
73.1333,-82.5
73.1367,-78.3
73.14,-75.3
73.1433,-75.6
73.1467,-75
73.15,-71.4
73.1533,-77.4
73.1567,-78
73.16,-77.4
73.1633,-73.8
73.1667,-75.3
73.17,-74.7
73.1733,-71.7
73.1767,-75.6
73.18,-75.3
73.1833,-73.8
73.1867,-72
73.19,-71.4
73.1933,-76.8
73.1967,-73.8
73.2,-73.8
73.2033,-74.1
73.2067,-76.5
73.21,-60
73.2133,-56.7
73.2167,-83.4
73.22,-72.6
73.2233,-71.7
73.2267,-74.4
73.23,-62.1
73.2333,-83.7
73.2367,-76.2
73.24,-79.2
73.2433,-71.1
73.2467,-68.7
73.25,-75.3
73.2533,-80.7
73.2567,-81.3
73.26,-79.5
73.2633,-78
73.2667,-74.7
73.27,-73.5
73.2733,-75.9
73.2767,-81.3
73.28,-77.4
73.2833,-76.8
73.2867,-77.4
73.29,-78.9
73.2933,-80.1
73.2967,-85.5
73.3,-80.4
73.3033,-80.1
73.3067,-70.5
73.31,-78.3
73.3133,-80.7
73.3167,-81
73.32,-76.8
73.3233,-77.1
73.3267,-80.4
73.33,-76.2
73.3333,-79.5
73.3367,-73.8
73.34,-63.6
73.3433,-58.2
73.3467,-75.3
73.35,-75.9
73.3533,-89.1
73.3567,-81.6
73.36,-74.1
73.3633,-72.9
73.3667,-74.1
73.37,-77.7
73.3733,-72.3
73.3767,-75.9
73.38,-73.8
73.3833,-75.6
73.3867,-74.1
73.39,-72.6
73.3933,-81.9
73.3967,-76.8
73.4,-81
73.4033,-75.3
73.4067,-72.9
73.41,-74.4
73.4133,-77.7
73.4167,-79.2
73.42,-77.4
73.4233,-78.3
73.4267,-72.6
73.43,-75
73.4333,-81
73.4367,-77.4
73.44,-75.3
73.4433,-75
73.4467,-74.4
73.45,-75.9
73.4533,-75.6
73.4567,-78.9
73.46,-77.7
73.4633,-73.8
73.4667,-71.1
73.47,-77.1
73.4733,-74.4
73.4767,-75.3
73.48,-82.5
73.4833,-60.3
73.4867,-67.2
73.49,-76.8
73.4933,-73.2
73.4967,-56.7
73.5,-69.3
73.5033,-81.3
73.5067,-79.5
73.51,-66.9
73.5133,-60
73.5167,-95.1
73.52,-74.4
73.5233,-76.8
73.5267,-67.2
73.53,-77.1
73.5333,-75.3
73.5367,-83.1
73.54,-78.9
73.5433,-73.5
73.5467,-72.6
73.55,-74.1
73.5533,-82.5
73.5567,-78.3
73.56,-80.7
73.5633,-70.5
73.5667,-74.7
73.57,-73.2
73.5733,-76.5
73.5767,-74.4
73.58,-75.3
73.5833,-72.6
73.5867,-74.1
73.59,-71.4
73.5933,-72.3
73.5967,-82.8
73.6,-76.8
73.6033,-74.7
73.6067,-76.2
73.61,-78.6
73.6133,-83.4
73.6167,-72.6
73.62,-70.8
73.6233,-66
73.6267,-66.9
73.63,-66
73.6333,-80.7
73.6367,-73.8
73.64,-66.3
73.6433,-77.1
73.6467,-72.9
73.65,-73.8
73.6533,-72
73.6567,-79.8
73.66,-74.7
73.6633,-80.1
73.6667,-78.9
73.67,-64.8
73.6733,-82.5
73.6767,-72.9
73.68,-76.2
73.6833,-66.9
73.6867,-70.2
73.69,-69.6
73.6933,-70.2
73.6967,-82.8
73.7,-69.6
73.7033,-67.8
73.7067,-69
73.71,-69.6
73.7133,-75.3
73.7167,-70.5
73.72,-73.2
73.7233,-68.7
73.7267,-70.2
73.73,-67.8
73.7333,-70.8
73.7367,-72.3
73.74,-71.4
73.7433,-67.5
73.7467,-69
73.75,-71.7
73.7533,-71.1
73.7567,-74.4
73.76,-69.6
73.7633,-62.4
73.7667,-59.7
73.77,-63.3
73.7733,-62.4
73.7767,-87.6
73.78,-72.9
73.7833,-75.6
73.7867,-71.4
73.79,-78
73.7933,-73.2
73.7967,-70.5
73.8,-69
73.8033,-67.8
73.8067,-59.4
73.81,-81
73.8133,-70.8
73.8167,-73.8
73.82,-79.8
73.8233,-75.3
73.8267,-73.8
73.83,-77.4
73.8333,-77.7
73.8367,-75.9
73.84,-82.2
73.8433,-73.8
73.8467,-79.2
73.85,-77.1
73.8533,-77.1
73.8567,-72
73.86,-75.6
73.8633,-73.2
73.8667,-76.5
73.87,-75.6
73.8733,-72.9
73.8767,-72.6
73.88,-77.4
73.8833,-69.6
73.8867,-71.4
73.89,-66.3
73.8933,-78.9
73.8967,-58.8
73.9,-52.5
73.9033,-83.7
73.9067,-81
73.91,-66.9
73.9133,-69
73.9167,-88.2
73.92,-79.5
73.9233,-74.1
73.9267,-69
73.93,-78
73.9333,-71.4
73.9367,-55.5
73.94,-75.3
73.9433,-62.7
73.9467,-66
73.95,-75.3
73.9533,-71.7
73.9567,-77.4
73.96,-75.3
73.9633,-63.6
73.9667,-67.8
73.97,-67.8
73.9733,-72.3
73.9767,-67.5
73.98,-69.6
73.9833,-67.2
73.9867,-69
73.99,-72
73.9933,-75.3
73.9967,-73.2
74,-68.7
74.0033,-68.7
74.0067,-69
74.01,-72.9
74.0133,-71.1
74.0167,-68.7
74.02,-74.1
74.0233,-67.5
74.0267,-71.1
74.03,-69
74.0333,-75.3
74.0367,-68.1
74.04,-59.4
74.0433,-64.5
74.0467,-57.6
74.05,-73.8
74.0533,-75.3
74.0567,-82.2
74.06,-67.5
74.0633,-72.9
74.0667,-75.6
74.07,-69.6
74.0733,-79.2
74.0767,-69
74.08,-73.2
74.0833,-66
74.0867,-68.1
74.09,-59.7
74.0933,-75.6
74.0967,-72.6
74.1,-68.4
74.1033,-80.1
74.1067,-80.4
74.11,-70.5
74.1133,-74.4
74.1167,-75
74.12,-71.4
74.1233,-68.7
74.1267,-72
74.13,-73.2
74.1333,-74.7
74.1367,-75
74.14,-78.3
74.1433,-69.3
74.1467,-73.5
74.15,-71.7
74.1533,-75.6
74.1567,-72.3
74.16,-72.6
74.1633,-72.3
74.1667,-71.7
74.17,-68.7
74.1733,-75
74.1767,-73.2
74.18,-71.4
74.1833,-69
74.1867,-59.1
74.19,-69
74.1933,-69
74.1967,-72
74.2,-77.1
74.2033,-69.3
74.2067,-63
74.21,-72
74.2133,-82.2
74.2167,-72.9
74.22,-71.4
74.2233,-73.8
74.2267,-77.7
74.23,-68.7
74.2333,-71.7
74.2367,-73.8
74.24,-78.6
74.2433,-66.3
74.2467,-75
74.25,-73.5
74.2533,-73.8
74.2567,-73.5
74.26,-76.8
74.2633,-73.2
74.2667,-76.8
74.27,-77.4
74.2733,-80.7
74.2767,-78.6
74.28,-75
74.2833,-72.6
74.2867,-71.7
74.29,-77.7
74.2933,-81
74.2967,-80.1
74.3,-76.2
74.3033,-73.2
74.3067,-77.1
74.31,-74.1
74.3133,-77.1
74.3167,-78.9
74.32,-80.1
74.3233,-74.7
74.3267,-69
74.33,-58.5
74.3333,-73.2
74.3367,-71.1
74.34,-87.9
74.3433,-62.1
74.3467,-75.6
74.35,-71.4
74.3533,-71.7
74.3567,-71.7
74.36,-76.2
74.3633,-78.9
74.3667,-70.5
74.37,-81.9
74.3733,-79.5
74.3767,-82.5
74.38,-78
74.3833,-75
74.3867,-69.3
74.39,-75.3
74.3933,-80.4
74.3967,-75.3
74.4,-80.7
74.4033,-75.3
74.4067,-76.5
74.41,-74.7
74.4133,-79.5
74.4167,-78.9
74.42,-77.1
74.4233,-76.2
74.4267,-77.7
74.43,-76.8
74.4333,-75.9
74.4367,-75.3
74.44,-80.1
74.4433,-69
74.4467,-73.8
74.45,-77.7
74.4533,-76.8
74.4567,-77.7
74.46,-76.8
74.4633,-66
74.4667,-83.4
74.47,-53.1
74.4733,-70.2
74.4767,-87
74.48,-75.3
74.4833,-73.5
74.4867,-79.5
74.49,-79.2
74.4933,-78.9
74.4967,-73.8
74.5,-80.1
74.5033,-71.4
74.5067,-78.3
74.51,-68.1
74.5133,-87.6
74.5167,-80.1
74.52,-82.5
74.5233,-84
74.5267,-81
74.53,-75
74.5333,-86.4
74.5367,-81.3
74.54,-82.2
74.5433,-83.1
74.5467,-79.2
74.55,-80.7
74.5533,-83.1
74.5567,-84
74.56,-80.1
74.5633,-76.5
74.5667,-80.1
74.57,-80.1
74.5733,-87.6
74.5767,-77.7
74.58,-79.5
74.5833,-79.8
74.5867,-82.2
74.59,-85.8
74.5933,-79.2
74.5967,-76.5
74.6,-81.6
74.6033,-89.4
74.6067,-85.2
74.61,-66.6
74.6133,-82.5
74.6167,-90.6
74.62,-81.6
74.6233,-85.5
74.6267,-84.6
74.63,-78
74.6333,-88.8
74.6367,-84.6
74.64,-84.3
74.6433,-79.8
74.6467,-77.4
74.65,-86.1
74.6533,-77.1
74.6567,-81.6
74.66,-89.1
74.6633,-76.2
74.6667,-75.9
74.67,-79.8
74.6733,-95.7
74.6767,-84.6
74.68,-77.7
74.6833,-79.2
74.6867,-78.3
74.69,-81.9
74.6933,-83.7
74.6967,-81.9
74.7,-80.1
74.7033,-76.8
74.7067,-78
74.71,-76.8
74.7133,-78.3
74.7167,-82.2
74.72,-82.5
74.7233,-78
74.7267,-76.8
74.73,-79.2
74.7333,-74.1
74.7367,-79.8
74.74,-83.7
74.7433,-62.4
74.7467,-63
74.75,-81.3
74.7533,-84.3
74.7567,-71.7
74.76,-83.1
74.7633,-77.4
74.7667,-83.1
74.77,-85.5
74.7733,-84.6
74.7767,-71.4
74.78,-81
74.7833,-81
74.7867,-76.2
74.79,-75.3
74.7933,-75.9
74.7967,-74.7
74.8,-81.3
74.8033,-75
74.8067,-80.4
74.81,-77.4
74.8133,-76.8
74.8167,-74.4
74.82,-77.1
74.8233,-69
74.8267,-81.9
74.83,-73.5
74.8333,-79.5
74.8367,-76.2
74.84,-78.6
74.8433,-71.1
74.8467,-76.5
74.85,-75.9
74.8533,-78.6
74.8567,-75
74.86,-78.9
74.8633,-75
74.8667,-75.3
74.87,-63.6
74.8733,-80.4
74.8767,-72.6
74.88,-72.3
74.8833,-68.7
74.8867,-78.6
74.89,-76.8
74.8933,-71.4
74.8967,-80.7
74.9,-80.4
74.9033,-73.8
74.9067,-77.4
74.91,-80.1
74.9133,-80.4
74.9167,-74.4
74.92,-71.1
74.9233,-75.3
74.9267,-81.9
74.93,-89.4
74.9333,-84
74.9367,-78.9
74.94,-78.6
74.9433,-79.2
74.9467,-78.3
74.95,-77.1
74.9533,-87.3
74.9567,-80.1
74.96,-80.7
74.9633,-75.9
74.9667,-81
74.97,-75.9
74.9733,-83.4
74.9767,-78.3
74.98,-76.5
74.9833,-71.4
74.9867,-75.3
74.99,-71.7
74.9933,-79.5
74.9967,-80.4
75,-71.7
75.0033,-72
75.0067,-75.9
75.01,-73.5
75.0133,-80.7
75.0167,-66.9
75.02,-68.7
75.0233,-69.6
75.0267,-79.5
75.03,-83.1
75.0333,-67.2
75.0367,-65.1
75.04,-72.3
75.0433,-76.5
75.0467,-85.8
75.05,-72.3
75.0533,-69.6
75.0567,-74.4
75.06,-74.1
75.0633,-66
75.0667,-71.7
75.07,-77.7
75.0733,-76.5
75.0767,-77.1
75.08,-80.7
75.0833,-61.5
75.0867,-75.3
75.09,-82.2
75.0933,-72.6
75.0967,-73.8
75.1,-75.9
75.1033,-69.3
75.1067,-73.5
75.11,-75
75.1133,-77.7
75.1167,-74.4
75.12,-73.2
75.1233,-72.9
75.1267,-72.9
75.13,-74.1
75.1333,-79.2
75.1367,-75
75.14,-70.5
75.1433,-68.1
75.1467,-73.5
75.15,-66.9
75.1533,-75.3
75.1567,-70.5
75.16,-72.6
75.1633,-68.4
75.1667,-72.3
75.17,-71.7
75.1733,-75.6
75.1767,-61.8
75.18,-66.3
75.1833,-78.3
75.1867,-71.4
75.19,-65.4
75.1933,-87.6
75.1967,-82.5
75.2,-85.8
75.2033,-77.4
75.2067,-73.2
75.21,-71.4
75.2133,-81
75.2167,-77.4
75.22,-76.8
75.2233,-73.2
75.2267,-75.3
75.23,-72.9
75.2333,-78
75.2367,-73.5
75.24,-77.4
75.2433,-69.9
75.2467,-74.1
75.25,-72.6
75.2533,-78
75.2567,-70.2
75.26,-76.5
75.2633,-70.2
75.2667,-72
75.27,-71.7
75.2733,-78.3
75.2767,-75.3
75.28,-75.6
75.2833,-72.3
75.2867,-73.5
75.29,-72.3
75.2933,-72.3
75.2967,-76.5
75.3,-75
75.3033,-79.5
75.3067,-48.6
75.31,-68.7
75.3133,-80.1
75.3167,-75.3
75.32,-64.8
75.3233,-69.9
75.3267,-80.7
75.33,-75.6
75.3333,-77.1
75.3367,-82.2
75.34,-69
75.3433,-70.5
75.3467,-68.4
75.35,-66.3
75.3533,-79.2
75.3567,-78.9
75.36,-77.7
75.3633,-70.8
75.3667,-77.4
75.37,-69.3
75.3733,-80.4
75.3767,-72.3
75.38,-76.2
75.3833,-70.5
75.3867,-74.1
75.39,-71.1
75.3933,-72
75.3967,-71.1
75.4,-72.6
75.4033,-71.1
75.4067,-78
75.41,-71.1
75.4133,-75.6
75.4167,-69.6
75.42,-72.3
75.4233,-71.1
75.4267,-72.3
75.43,-70.8
75.4333,-75.6
75.4367,-74.7
75.44,-66.9
75.4433,-71.7
75.4467,-69.6
75.45,-69.3
75.4533,-76.2
75.4567,-64.5
75.46,-71.1
75.4633,-75.6
75.4667,-75
75.47,-69.6
75.4733,-75.3
75.4767,-72.3
75.48,-73.8
75.4833,-68.1
75.4867,-70.8
75.49,-75
75.4933,-72.9
75.4967,-70.8
75.5,-71.4
75.5033,-69.6
75.5067,-71.7
75.51,-70.5
75.5133,-77.1
75.5167,-69.6
75.52,-73.5
75.5233,-66.3
75.5267,-68.4
75.53,-69.6
75.5333,-78
75.5367,-72
75.54,-75.9
75.5433,-68.4
75.5467,-69.3
75.55,-73.2
75.5533,-74.4
75.5567,-72.9
75.56,-69.6
75.5633,-72.6
75.5667,-70.2
75.57,-72
75.5733,-77.4
75.5767,-75.6
75.58,-73.8
75.5833,-60
75.5867,-76.5
75.59,-84.6
75.5933,-73.2
75.5967,-62.7
75.6,-71.1
75.6033,-73.2
75.6067,-88.8
75.61,-77.4
75.6133,-71.1
75.6167,-65.7
75.62,-74.1
75.6233,-80.4
75.6267,-73.2
75.63,-73.2
75.6333,-79.2
75.6367,-75.3
75.64,-69.3
75.6433,-66.6
75.6467,-76.2
75.65,-70.2
75.6533,-74.1
75.6567,-77.4
75.66,-76.2
75.6633,-71.1
75.6667,-74.4
75.67,-73.5
75.6733,-73.2
75.6767,-76.8
75.68,-73.2
75.6833,-70.8
75.6867,-72.6
75.69,-69.9
75.6933,-72.6
75.6967,-67.8
75.7,-65.1
75.7033,-68.1
75.7067,-69
75.71,-69
75.7133,-71.4
75.7167,-71.4
75.72,-70.8
75.7233,-66.9
75.7267,-65.1
75.73,-69.6
75.7333,-58.8
75.7367,-55.2
75.74,-81.6
75.7433,-74.1
75.7467,-69
75.75,-68.1
75.7533,-74.1
75.7567,-68.4
75.76,-71.1
75.7633,-54.9
75.7667,-70.5
75.77,-62.4
75.7733,-74.1
75.7767,-72.3
75.78,-69.6
75.7833,-60
75.7867,-74.4
75.79,-70.5
75.7933,-74.4
75.7967,-74.7
75.8,-69
75.8033,-67.8
75.8067,-69.3
75.81,-68.1
75.8133,-74.1
75.8167,-72
75.82,-70.5
75.8233,-63.3
75.8267,-66.6
75.83,-70.8
75.8333,-69.9
75.8367,-72
75.84,-70.8
75.8433,-63
75.8467,-70.5
75.85,-68.4
75.8533,-71.1
75.8567,-70.8
75.86,-72
75.8633,-61.8
75.8667,-71.7
75.87,-65.1
75.8733,-71.7
75.8767,-65.7
75.88,-72
75.8833,-64.8
75.8867,-71.1
75.89,-74.1
75.8933,-58.2
75.8967,-78
75.9,-82.8
75.9033,-77.1
75.9067,-70.8
75.91,-79.5
75.9133,-74.4
75.9167,-68.7
75.92,-71.1
75.9233,-73.2
75.9267,-67.5
75.93,-72
75.9333,-75.9
75.9367,-73.5
75.94,-74.1
75.9433,-71.1
75.9467,-64.8
75.95,-75.3
75.9533,-75.6
75.9567,-66
75.96,-74.1
75.9633,-70.8
75.9667,-71.7
75.97,-69.3
75.9733,-69.9
75.9767,-70.2
75.98,-72.9
75.9833,-70.2
75.9867,-72.3
75.99,-69
75.9933,-77.7
75.9967,-71.1
76,-68.1
76.0033,-66.3
76.0067,-67.8
76.01,-58.5
76.0133,-87
76.0167,-76.5
76.02,-69.3
76.0233,-49.8
76.0267,-74.1
76.03,-76.2
76.0333,-75.6
76.0367,-79.2
76.04,-72
76.0433,-74.1
76.0467,-70.8
76.05,-75.3
76.0533,-74.1
76.0567,-69.6
76.06,-72.6
76.0633,-67.5
76.0667,-71.7
76.07,-71.4
76.0733,-72.9
76.0767,-70.2
76.08,-72
76.0833,-66.3
76.0867,-75.9
76.09,-75.9
76.0933,-77.1
76.0967,-72.3
76.1,-71.7
76.1033,-69
76.1067,-72.3
76.11,-74.4
76.1133,-71.4
76.1167,-66.9
76.12,-71.1
76.1233,-69.6
76.1267,-70.8
76.13,-72.3
76.1333,-75.3
76.1367,-74.4
76.14,-74.4
76.1433,-72.6
76.1467,-72.9
76.15,-69.9
76.1533,-76.5
76.1567,-70.2
76.16,-69
76.1633,-63.3
76.1667,-70.5
76.17,-70.5
76.1733,-67.2
76.1767,-55.5
76.18,-75.3
76.1833,-74.7
76.1867,-73.8
76.19,-70.5
76.1933,-74.4
76.1967,-72
76.2,-77.1
76.2033,-72.6
76.2067,-75
76.21,-68.4
76.2133,-65.7
76.2167,-73.5
76.22,-73.8
76.2233,-65.4
76.2267,-66.9
76.23,-72.9
76.2333,-69.6
76.2367,-69.9
76.24,-70.2
76.2433,-73.8
76.2467,-71.7
76.25,-72.9
76.2533,-71.4
76.2567,-72.3
76.26,-71.1
76.2633,-68.1
76.2667,-64.8
76.27,-72.3
76.2733,-73.2
76.2767,-69
76.28,-69
76.2833,-69.6
76.2867,-76.2
76.29,-69.3
76.2933,-57.6
76.2967,-75.6
76.3,-69.3
76.3033,-76.2
76.3067,-72.9
76.31,-69.6
76.3133,-72.3
76.3167,-79.2
76.32,-58.8
76.3233,-74.4
76.3267,-76.2
76.33,-75
76.3333,-75.6
76.3367,-73.8
76.34,-75.3
76.3433,-71.7
76.3467,-73.5
76.35,-69.3
76.3533,-72.9
76.3567,-85.8
76.36,-75.9
76.3633,-75.9
76.3667,-68.4
76.37,-77.1
76.3733,-75.6
76.3767,-74.4
76.38,-74.1
76.3833,-74.1
76.3867,-71.1
76.39,-69.6
76.3933,-73.5
76.3967,-79.2
76.4,-73.5
76.4033,-68.4
76.4067,-70.5
76.41,-71.7
76.4133,-68.7
76.4167,-75.3
76.42,-72.6
76.4233,-75.6
76.4267,-69.6
76.43,-77.1
76.4333,-77.4
76.4367,-72.3
76.44,-74.1
76.4433,-77.1
76.4467,-60.6
76.45,-81.3
76.4533,-81.6
76.4567,-84.9
76.46,-71.1
76.4633,-85.8
76.4667,-73.8
76.47,-71.1
76.4733,-70.5
76.4767,-87.6
76.48,-77.4
76.4833,-78.9
76.4867,-75.9
76.49,-79.2
76.4933,-76.8
76.4967,-73.5
76.5,-75
76.5033,-67.8
76.5067,-74.1
76.51,-76.8
76.5133,-78
76.5167,-72
76.52,-76.5
76.5233,-75.6
76.5267,-78.3
76.53,-77.7
76.5333,-78.3
76.5367,-77.4
76.54,-73.2
76.5433,-69.9
76.5467,-73.8
76.55,-77.4
76.5533,-74.1
76.5567,-72.9
76.56,-72.3
76.5633,-74.4
76.5667,-71.4
76.57,-75
76.5733,-76.2
76.5767,-79.8
76.58,-69
76.5833,-72
76.5867,-72
76.59,-72.3
76.5933,-69
76.5967,-76.8
76.6,-74.4
76.6033,-76.8
76.6067,-71.4
76.61,-84.9
76.6133,-68.4
76.6167,-74.7
76.62,-73.8
76.6233,-77.1
76.6267,-70.5
76.63,-75.9
76.6333,-78.6
76.6367,-81.6
76.64,-75.6
76.6433,-81
76.6467,-77.1
76.65,-78.9
76.6533,-79.8
76.6567,-71.4
76.66,-69
76.6633,-73.8
76.6667,-78.6
76.67,-76.5
76.6733,-72.9
76.6767,-80.1
76.68,-74.1
76.6833,-81
76.6867,-77.7
76.69,-73.8
76.6933,-83.1
76.6967,-77.4
76.7,-75.3
76.7033,-78.6
76.7067,-75
76.71,-75.6
76.7133,-75.6
76.7167,-71.7
76.72,-68.1
76.7233,-76.2
76.7267,-80.7
76.73,-67.5
76.7333,-72.9
76.7367,-79.8
76.74,-62.4
76.7433,-71.7
76.7467,-75
76.75,-75.9
76.7533,-83.1
76.7567,-74.7
76.76,-73.8
76.7633,-76.5
76.7667,-72.3
76.77,-83.1
76.7733,-74.7
76.7767,-82.2
76.78,-76.8
76.7833,-73.2
76.7867,-72.9
76.79,-78.3
76.7933,-75.9
76.7967,-74.1
76.8,-74.7
76.8033,-76.2
76.8067,-75.6
76.81,-76.2
76.8133,-75
76.8167,-75.9
76.82,-74.1
76.8233,-75.6
76.8267,-72
76.83,-75.3
76.8333,-76.5
76.8367,-79.2
76.84,-74.1
76.8433,-72
76.8467,-72
76.85,-75.3
76.8533,-74.4
76.8567,-76.2
76.86,-72.3
76.8633,-76.5
76.8667,-75.6
76.87,-75.3
76.8733,-77.7
76.8767,-73.8
76.88,-75.6
76.8833,-73.2
76.8867,-66.3
76.89,-75.6
76.8933,-78.6
76.8967,-77.7
76.9,-72.6
76.9033,-75.9
76.9067,-73.8
76.91,-82.5
76.9133,-74.4
76.9167,-75.6
76.92,-72.6
76.9233,-75.3
76.9267,-79.2
76.93,-77.1
76.9333,-80.1
76.9367,-78
76.94,-71.1
76.9433,-77.7
76.9467,-72.3
76.95,-78
76.9533,-75
76.9567,-78.3
76.96,-72
76.9633,-75.9
76.9667,-72
76.97,-76.8
76.9733,-77.1
76.9767,-78
76.98,-72
76.9833,-79.8
76.9867,-79.2
76.99,-76.5
76.9933,-74.4
76.9967,-78
77,-70.5
77.0033,-78.6
77.0067,-76.2
77.01,-73.2
77.0133,-72
77.0167,-87
77.02,-70.5
77.0233,-64.5
77.0267,-93.6
77.03,-76.8
77.0333,-75.9
77.0367,-81
77.04,-73.2
77.0433,-74.7
77.0467,-72.3
77.05,-77.4
77.0533,-75.9
77.0567,-79.5
77.06,-74.7
77.0633,-77.4
77.0667,-69
77.07,-84.9
77.0733,-70.8
77.0767,-73.5
77.08,-70.5
77.0833,-74.4
77.0867,-70.8
77.09,-73.2
77.0933,-71.4
77.0967,-76.5
77.1,-75.3
77.1033,-72.9
77.1067,-73.2
77.11,-76.5
77.1133,-74.1
77.1167,-76.2
77.12,-64.5
77.1233,-72.9
77.1267,-67.8
77.13,-75
77.1333,-67.8
77.1367,-74.4
77.14,-65.7
77.1433,-66
77.1467,-60.3
77.15,-66
77.1533,-61.5
77.1567,-74.7
77.16,-65.4
77.1633,-78.3
77.1667,-68.4
77.17,-75
77.1733,-75.6
77.1767,-78
77.18,-64.8
77.1833,-74.4
77.1867,-67.8
77.19,-77.1
77.1933,-72
77.1967,-67.2
77.2,-63.3
77.2033,-76.8
77.2067,-73.5
77.21,-76.5
77.2133,-72.9
77.2167,-76.5
77.22,-73.8
77.2233,-74.7
77.2267,-69.9
77.23,-86.1
77.2333,-70.5
77.2367,-77.1
77.24,-69.9
77.2433,-73.2
77.2467,-75.3
77.25,-77.4
77.2533,-77.1
77.2567,-76.8
77.26,-75.6
77.2633,-70.2
77.2667,-72.3
77.27,-79.5
77.2733,-77.4
77.2767,-78
77.28,-71.7
77.2833,-69.3
77.2867,-70.5
77.29,-84
77.2933,-81.6
77.2967,-70.2
77.3,-76.2
77.3033,-81.9
77.3067,-75.6
77.31,-83.1
77.3133,-77.4
77.3167,-77.1
77.32,-78
77.3233,-76.5
77.3267,-72.6
77.33,-79.5
77.3333,-72.9
77.3367,-77.1
77.34,-71.1
77.3433,-77.7
77.3467,-77.4
77.35,-82.5
77.3533,-76.8
77.3567,-76.2
77.36,-78.3
77.3633,-77.7
77.3667,-70.8
77.37,-78.3
77.3733,-76.8
77.3767,-76.8
77.38,-73.5
77.3833,-70.8
77.3867,-69.6
77.39,-75.9
77.3933,-71.7
77.3967,-70.5
77.4,-70.2
77.4033,-78
77.4067,-61.5
77.41,-80.4
77.4133,-56.7
77.4167,-68.7
77.42,-72
77.4233,-75.3
77.4267,-69.3
77.43,-75.6
77.4333,-66.9
77.4367,-67.2
77.44,-60.9
77.4433,-76.8
77.4467,-69.6
77.45,-78.9
77.4533,-72.3
77.4567,-70.8
77.46,-67.5
77.4633,-72
77.4667,-68.1
77.47,-73.2
77.4733,-70.8
77.4767,-75.6
77.48,-70.5
77.4833,-69.9
77.4867,-72.6
77.49,-79.2
77.4933,-73.2
77.4967,-72
77.5,-71.1
77.5033,-69
77.5067,-70.5
77.51,-76.5
77.5133,-73.5
77.5167,-71.7
77.52,-70.2
77.5233,-67.5
77.5267,-67.5
77.53,-72.3
77.5333,-66.6
77.5367,-57
77.54,-66
77.5433,-88.8
77.5467,-72.9
77.55,-75.9
77.5533,-74.7
77.5567,-68.4
77.56,-82.5
77.5633,-75.3
77.5667,-77.7
77.57,-82.8
77.5733,-72.9
77.5767,-67.5
77.58,-78.9
77.5833,-82.8
77.5867,-69.3
77.59,-80.7
77.5933,-72.6
77.5967,-83.7
77.6,-77.1
77.6033,-73.2
77.6067,-71.4
77.61,-87
77.6133,-75.3
77.6167,-80.4
77.62,-71.7
77.6233,-77.4
77.6267,-78.3
77.63,-80.7
77.6333,-75.9
77.6367,-75.9
77.64,-73.8
77.6433,-75.3
77.6467,-78.9
77.65,-79.5
77.6533,-84.6
77.6567,-76.8
77.66,-65.4
77.6633,-75.9
77.6667,-77.1
77.67,-78
77.6733,-76.5
77.6767,-76.2
77.68,-82.2
77.6833,-77.7
77.6867,-71.4
77.69,-82.8
77.6933,-79.2
77.6967,-61.5
77.7,-66
77.7033,-90
77.7067,-76.5
77.71,-86.1
77.7133,-79.5
77.7167,-78.3
77.72,-69
77.7233,-83.7
77.7267,-63.3
77.73,-81
77.7333,-85.2
77.7367,-73.8
77.74,-74.4
77.7433,-76.2
77.7467,-73.2
77.75,-75.9
77.7533,-78.9
77.7567,-73.2
77.76,-72
77.7633,-74.4
77.7667,-75.3
77.77,-78.9
77.7733,-80.1
77.7767,-77.7
77.78,-74.7
77.7833,-77.1
77.7867,-73.8
77.79,-81.6
77.7933,-81.6
77.7967,-68.4
77.8,-78
77.8033,-78.9
77.8067,-76.2
77.81,-79.5
77.8133,-75.3
77.8167,-77.4
77.82,-72
77.8233,-78
77.8267,-74.1
77.83,-78.9
77.8333,-78
77.8367,-76.2
77.84,-72.3
77.8433,-78.9
77.8467,-74.1
77.85,-80.4
77.8533,-73.2
77.8567,-82.5
77.86,-77.7
77.8633,-82.8
77.8667,-83.7
77.87,-81
77.8733,-78
77.8767,-79.5
77.88,-84.6
77.8833,-82.2
77.8867,-72.9
77.89,-81.6
77.8933,-81
77.8967,-81.6
77.9,-74.4
77.9033,-82.8
77.9067,-76.8
77.91,-84.3
77.9133,-77.7
77.9167,-83.4
77.92,-78.3
77.9233,-81.6
77.9267,-81.9
77.93,-82.2
77.9333,-77.7
77.9367,-80.7
77.94,-81
77.9433,-75.6
77.9467,-82.8
77.95,-79.8
77.9533,-78
77.9567,-83.7
77.96,-75
77.9633,-77.7
77.9667,-77.1
77.97,-83.1
77.9733,-68.1
77.9767,-72.3
77.98,-79.8
77.9833,-77.1
77.9867,-81.9
77.99,-89.7
77.9933,-80.7
77.9967,-85.2
78,-72.6
78.0033,-79.8
78.0067,-71.7
78.01,-88.2
78.0133,-81.9
78.0167,-77.1
78.02,-70.8
78.0233,-93
78.0267,-79.5
78.03,-82.8
78.0333,-84.3
78.0367,-78.9
78.04,-76.5
78.0433,-85.5
78.0467,-80.1
78.05,-84.9
78.0533,-83.1
78.0567,-84.3
78.06,-77.7
78.0633,-84.6
78.0667,-75.9
78.07,-84
78.0733,-80.4
78.0767,-82.8
78.08,-79.2
78.0833,-80.4
78.0867,-72
78.09,-82.2
78.0933,-81
78.0967,-84.3
78.1,-67.5
78.1033,-80.1
78.1067,-72.9
78.11,-83.7
78.1133,-66
78.1167,-78.3
78.12,-73.5
78.1233,-86.7
78.1267,-75.6
78.13,-79.5
78.1333,-79.8
78.1367,-84.3
78.14,-79.5
78.1433,-84.3
78.1467,-77.4
78.15,-78.6
78.1533,-70.2
78.1567,-83.4
78.16,-78
78.1633,-81.3
78.1667,-76.5
78.17,-82.2
78.1733,-79.8
78.1767,-86.4
78.18,-77.7
78.1833,-75.3
78.1867,-80.1
78.19,-80.1
78.1933,-81
78.1967,-79.2
78.2,-72.3
78.2033,-76.8
78.2067,-79.8
78.21,-79.2
78.2133,-78
78.2167,-76.2
78.22,-73.2
78.2233,-72.6
78.2267,-80.1
78.23,-80.1
78.2333,-79.8
78.2367,-75
78.24,-72
78.2433,-75
78.2467,-72.6
78.25,-68.7
78.2533,-78.9
78.2567,-79.5
78.26,-59.1
78.2633,-74.1
78.2667,-81
78.27,-76.2
78.2733,-71.1
78.2767,-81.9
78.28,-78
78.2833,-77.7
78.2867,-81.3
78.29,-83.7
78.2933,-59.4
78.2967,-76.5
78.3,-80.1
78.3033,-83.4
78.3067,-77.1
78.31,-82.8
78.3133,-79.2
78.3167,-82.2
78.32,-72.3
78.3233,-77.1
78.3267,-74.1
78.33,-82.5
78.3333,-79.5
78.3367,-77.1
78.34,-75.9
78.3433,-77.7
78.3467,-79.2
78.35,-81.9
78.3533,-79.5
78.3567,-80.7
78.36,-69.3
78.3633,-78.9
78.3667,-74.7
78.37,-78.3
78.3733,-81.6
78.3767,-70.5
78.38,-76.8
78.3833,-77.4
78.3867,-74.7
78.39,-78.9
78.3933,-82.8
78.3967,-85.5
78.4,-60.9
78.4033,-74.4
78.4067,-69.6
78.41,-79.2
78.4133,-75.6
78.4167,-68.7
78.42,-77.7
78.4233,-81.9
78.4267,-82.5
78.43,-87.3
78.4333,-80.4
78.4367,-82.5
78.44,-81.3
78.4433,-74.4
78.4467,-79.5
78.45,-87.3
78.4533,-80.1
78.4567,-79.8
78.46,-77.4
78.4633,-78.9
78.4667,-89.4
78.47,-77.7
78.4733,-83.1
78.4767,-81.9
78.48,-78.6
78.4833,-73.2
78.4867,-82.8
78.49,-80.7
78.4933,-80.4
78.4967,-77.1
78.5,-73.8
78.5033,-82.2
78.5067,-77.4
78.51,-82.2
78.5133,-81.3
78.5167,-78.9
78.52,-77.4
78.5233,-80.4
78.5267,-81.3
78.53,-75.3
78.5333,-76.8
78.5367,-83.1
78.54,-72.3
78.5433,-86.7
78.5467,-82.2
78.55,-79.2
78.5533,-77.7
78.5567,-80.1
78.56,-82.5
78.5633,-76.2
78.5667,-71.7
78.57,-84
78.5733,-77.1
78.5767,-81.3
78.58,-80.7
78.5833,-78.9
78.5867,-78.3
78.59,-86.7
78.5933,-78.9
78.5967,-77.4
78.6,-76.5
78.6033,-77.4
78.6067,-77.1
78.61,-77.7
78.6133,-78
78.6167,-72.6
78.62,-78
78.6233,-76.5
78.6267,-81.3
78.63,-80.7
78.6333,-77.1
78.6367,-79.8
78.64,-77.1
78.6433,-76.2
78.6467,-75.6
78.65,-79.5
78.6533,-79.5
78.6567,-78
78.66,-74.4
78.6633,-78.6
78.6667,-78.9
78.67,-80.7
78.6733,-77.1
78.6767,-72.6
78.68,-73.2
78.6833,-65.1
78.6867,-70.2
78.69,-75.6
78.6933,-76.5
78.6967,-85.8
78.7,-77.4
78.7033,-83.1
78.7067,-82.5
78.71,-81.3
78.7133,-81.6
78.7167,-80.1
78.72,-78.9
78.7233,-77.1
78.7267,-80.1
78.73,-78.6
78.7333,-77.7
78.7367,-77.7
78.74,-77.1
78.7433,-74.7
78.7467,-77.4
78.75,-80.4
78.7533,-78.6
78.7567,-76.5
78.76,-73.5
78.7633,-74.1
78.7667,-76.5
78.77,-85.5
78.7733,-83.4
78.7767,-74.7
78.78,-75
78.7833,-76.8
78.7867,-80.4
78.79,-83.7
78.7933,-79.5
78.7967,-75.3
78.8,-73.5
78.8033,-86.4
78.8067,-75.3
78.81,-77.1
78.8133,-77.1
78.8167,-74.4
78.82,-80.4
78.8233,-85.2
78.8267,-82.8
78.83,-71.7
78.8333,-75.3
78.8367,-85.8
78.84,-86.7
78.8433,-74.7
78.8467,-82.5
78.85,-83.4
78.8533,-73.8
78.8567,-70.5
78.86,-80.7
78.8633,-81.6
78.8667,-85.8
78.87,-84.6
78.8733,-81
78.8767,-81.3
78.88,-81
78.8833,-75
78.8867,-75.9
78.89,-84
78.8933,-78.6
78.8967,-78.9
78.9,-75
78.9033,-78
78.9067,-78
78.91,-78.6
78.9133,-79.8
78.9167,-76.8
78.92,-78
78.9233,-75.3
78.9267,-73.8
78.93,-85.2
78.9333,-73.5
78.9367,-75.6
78.94,-71.7
78.9433,-70.8
78.9467,-70.5
78.95,-69.6
78.9533,-73.2
78.9567,-78.6
78.96,-66.6
78.9633,-73.5
78.9667,-78.3
78.97,-86.4
78.9733,-71.4
78.9767,-78.6
78.98,-72.9
78.9833,-73.2
78.9867,-75.9
78.99,-77.4
78.9933,-69.3
78.9967,-78.3
79,-80.7
79.0033,-73.2
79.0067,-76.5
79.01,-69.3
79.0133,-78.3
79.0167,-70.8
79.02,-77.7
79.0233,-69.3
79.0267,-73.8
79.03,-73.8
79.0333,-72
79.0367,-76.2
79.04,-71.1
79.0433,-69.6
79.0467,-73.2
79.05,-75.3
79.0533,-76.2
79.0567,-77.1
79.06,-69.6
79.0633,-69.3
79.0667,-77.4
79.07,-70.5
79.0733,-67.2
79.0767,-72.3
79.08,-60.6
79.0833,-51
79.0867,-77.4
79.09,-83.1
79.0933,-75.3
79.0967,-64.2
79.1,-63.9
79.1033,-81.6
79.1067,-81.3
79.11,-71.7
79.1133,-77.7
79.1167,-69
79.12,-61.8
79.1233,-75.9
79.1267,-74.1
79.13,-71.7
79.1333,-74.4
79.1367,-71.7
79.14,-70.5
79.1433,-70.2
79.1467,-71.7
79.15,-71.7
79.1533,-73.8
79.1567,-68.1
79.16,-72.6
79.1633,-69.9
79.1667,-71.7
79.17,-74.7
79.1733,-74.7
79.1767,-67.8
79.18,-72.9
79.1833,-67.8
79.1867,-71.4
79.19,-70.2
79.1933,-70.5
79.1967,-72.6
79.2,-71.7
79.2033,-69
79.2067,-71.4
79.21,-71.1
79.2133,-72.6
79.2167,-63.6
79.22,-67.8
79.2233,-62.7
79.2267,-60.6
79.23,-71.4
79.2333,-69.3
79.2367,-72.3
79.24,-68.7
79.2433,-66.6
79.2467,-73.8
79.25,-69.6
79.2533,-62.4
79.2567,-63.3
79.26,-67.8
79.2633,-71.1
79.2667,-76.8
79.27,-72
79.2733,-68.7
79.2767,-81.6
79.28,-72
79.2833,-74.4
79.2867,-76.5
79.29,-75.3
79.2933,-69.3
79.2967,-70.5
79.3,-72.6
79.3033,-68.4
79.3067,-82.5
79.31,-69
79.3133,-68.7
79.3167,-71.4
79.32,-69.3
79.3233,-70.5
79.3267,-75.6
79.33,-72.3
79.3333,-71.4
79.3367,-71.4
79.34,-72.9
79.3433,-74.1
79.3467,-74.4
79.35,-70.2
79.3533,-75.3
79.3567,-69.6
79.36,-72
79.3633,-64.2
79.3667,-78.3
79.37,-63
79.3733,-74.7
79.3767,-57
79.38,-62.4
79.3833,-75
79.3867,-81.9
79.39,-72.9
79.3933,-75.6
79.3967,-64.2
79.4,-75.9
79.4033,-67.8
79.4067,-78.3
79.41,-74.7
79.4133,-60.9
79.4167,-60.9
79.42,-75.3
79.4233,-74.7
79.4267,-76.2
79.43,-74.4
79.4333,-75.6
79.4367,-69
79.44,-72.6
79.4433,-69.9
79.4467,-78.3
79.45,-72.6
79.4533,-75.3
79.4567,-70.5
79.46,-77.1
79.4633,-72.6
79.4667,-73.5
79.47,-68.1
79.4733,-70.2
79.4767,-72.6
79.48,-74.1
79.4833,-71.7
79.4867,-72
79.49,-72
79.4933,-75.6
79.4967,-71.4
79.5,-68.1
79.5033,-68.1
79.5067,-75.9
79.51,-65.4
79.5133,-65.7
79.5167,-61.2
79.52,-59.4
79.5233,-71.4
79.5267,-81.9
79.53,-72.9
79.5333,-73.2
79.5367,-67.8
79.54,-69.3
79.5433,-73.8
79.5467,-63.9
79.55,-61.5
79.5533,-69
79.5567,-69.9
79.56,-64.2
79.5633,-69.3
79.5667,-76.8
79.57,-72.9
79.5733,-76.2
79.5767,-73.5
79.58,-69.9
79.5833,-70.2
79.5867,-79.8
79.59,-67.8
79.5933,-70.5
79.5967,-72
79.6,-68.4
79.6033,-67.8
79.6067,-71.1
79.61,-72.9
79.6133,-75.6
79.6167,-71.7
79.62,-74.1
79.6233,-67.2
79.6267,-70.2
79.63,-74.4
79.6333,-71.4
79.6367,-70.2
79.64,-66.6
79.6433,-70.5
79.6467,-78.9
79.65,-74.4
79.6533,-76.2
79.6567,-73.2
79.66,-61.8
79.6633,-69
79.6667,-75.6
79.67,-77.1
79.6733,-66
79.6767,-51.9
79.68,-84.9
79.6833,-80.7
79.6867,-79.8
79.69,-76.5
79.6933,-77.4
79.6967,-81
79.7,-63.3
79.7033,-72.9
79.7067,-79.2
79.71,-72.3
79.7133,-71.4
79.7167,-72
79.72,-72.3
79.7233,-78
79.7267,-72.9
79.73,-76.5
79.7333,-72.9
79.7367,-69.6
79.74,-74.7
79.7433,-73.8
79.7467,-74.7
79.75,-74.1
79.7533,-75
79.7567,-71.1
79.76,-74.4
79.7633,-68.7
79.7667,-73.8
79.77,-71.1
79.7733,-74.4
79.7767,-72.9
79.78,-67.2
79.7833,-63.3
79.7867,-61.5
79.79,-73.8
79.7933,-71.4
79.7967,-71.4
79.8,-79.2
79.8033,-76.8
79.8067,-76.2
79.81,-71.1
79.8133,-73.8
79.8167,-72.9
79.82,-68.7
79.8233,-73.8
79.8267,-73.2
79.83,-75.3
79.8333,-76.5
79.8367,-75
79.84,-63.6
79.8433,-67.8
79.8467,-69.9
79.85,-72.3
79.8533,-71.1
79.8567,-68.1
79.86,-70.2
79.8633,-69.6
79.8667,-67.2
79.87,-67.8
79.8733,-73.2
79.8767,-69.3
79.88,-69
79.8833,-70.8
79.8867,-68.7
79.89,-68.1
79.8933,-71.1
79.8967,-68.4
79.9,-70.5
79.9033,-61.2
79.9067,-71.7
79.91,-69.6
79.9133,-72.9
79.9167,-62.7
79.92,-71.7
79.9233,-68.1
79.9267,-75.3
79.93,-63.6
79.9333,-68.1
79.9367,-62.4
79.94,-75.6
79.9433,-71.7
79.9467,-76.5
79.95,-75.9
79.9533,-74.4
79.9567,-73.5
79.96,-73.2
79.9633,-67.8
79.9667,-77.1
79.97,-69.3
79.9733,-75
79.9767,-57
79.98,-74.1
79.9833,-70.5
79.9867,-81.9
79.99,-60.6
79.9933,-71.1
79.9967,-73.5
80,-76.2
80.0033,-72.6
80.0067,-75.6
80.01,-69.3
80.0133,-72.9
80.0167,-71.4
80.02,-70.5
80.0233,-72.9
80.0267,-70.5
80.03,-69.6
80.0333,-69
80.0367,-65.4
80.04,-66.3
80.0433,-64.8
80.0467,-69
80.05,-66.9
80.0533,-66
80.0567,-65.4
80.06,-65.7
80.0633,-56.7
80.0667,-74.1
80.07,-69.9
80.0733,-66.3
80.0767,-67.2
80.08,-78.9
80.0833,-65.7
80.0867,-70.5
80.09,-66.6
80.0933,-67.5
80.0967,-67.8
80.1,-64.8
80.1033,-63
80.1067,-68.4
80.11,-64.2
80.1133,-71.7
80.1167,-68.1
80.12,-66.9
80.1233,-64.2
80.1267,-70.5
80.13,-65.7
80.1333,-69.3
80.1367,-64.8
80.14,-63.3
80.1433,-69.3
80.1467,-67.8
80.15,-61.8
80.1533,-65.7
80.1567,-60.9
80.16,-65.1
80.1633,-63.9
80.1667,-66.6
80.17,-61.2
80.1733,-66
80.1767,-61.8
80.18,-66
80.1833,-58.8
80.1867,-69.3
80.19,-64.5
80.1933,-70.8
80.1967,-61.2
80.2,-56.4
80.2033,-67.8
80.2067,-65.4
80.21,-64.2
80.2133,-54.6
80.2167,-67.5
80.22,-59.1
80.2233,-62.4
80.2267,-76.8
80.23,-67.5
80.2333,-70.5
80.2367,-64.2
80.24,-69.3
80.2433,-67.2
80.2467,-68.7
80.25,-69.3
80.2533,-71.7
80.2567,-68.1
80.26,-68.1
80.2633,-66.9
80.2667,-79.5
80.27,-65.1
80.2733,-66
80.2767,-71.4
80.28,-66.3
80.2833,-65.1
80.2867,-73.8
80.29,-73.5
80.2933,-69.6
80.2967,-63.9
80.3,-70.5
80.3033,-68.7
80.3067,-69
80.31,-66.9
80.3133,-69
80.3167,-58.2
80.32,-66.3
80.3233,-64.2
80.3267,-68.1
80.33,-65.1
80.3333,-65.4
80.3367,-64.8
80.34,-66.6
80.3433,-53.1
80.3467,-68.4
80.35,-62.4
80.3533,-69.9
80.3567,-69.6
80.36,-66.3
80.3633,-75.3
80.3667,-63.9
80.37,-67.5
80.3733,-67.5
80.3767,-66.3
80.38,-65.1
80.3833,-66.6
80.3867,-65.1
80.39,-73.5
80.3933,-68.1
80.3967,-67.2
80.4,-66.6
80.4033,-69.9
80.4067,-69
80.41,-74.7
80.4133,-65.1
80.4167,-68.4
80.42,-66.9
80.4233,-68.1
80.4267,-69.6
80.43,-73.2
80.4333,-70.2
80.4367,-66.6
80.44,-64.8
80.4433,-70.2
80.4467,-71.7
80.45,-72.9
80.4533,-68.1
80.4567,-63
80.46,-63
80.4633,-65.7
80.4667,-68.1
80.47,-63
80.4733,-72.3
80.4767,-68.7
80.48,-66.9
80.4833,-70.5
80.4867,-62.1
80.49,-66.9
80.4933,-55.8
80.4967,-65.4
80.5,-54.3
80.5033,-49.8
80.5067,-76.8
80.51,-69
80.5133,-59.7
80.5167,-68.1
80.52,-63.6
80.5233,-65.4
80.5267,-70.2
80.53,-64.2
80.5333,-68.7
80.5367,-61.2
80.54,-67.5
80.5433,-66.3
80.5467,-71.4
80.55,-67.8
80.5533,-66.6
80.5567,-64.2
80.56,-65.1
80.5633,-64.5
80.5667,-65.7
80.57,-65.7
80.5733,-66
80.5767,-62.4
80.58,-62.7
80.5833,-60.9
80.5867,-63.9
80.59,-66.3
80.5933,-65.7
80.5967,-61.5
80.6,-61.5
80.6033,-62.1
80.6067,-61.5
80.61,-56.1
80.6133,-63
80.6167,-56.1
80.62,-57.3
80.6233,-64.2
80.6267,-53.1
80.63,-66.6
80.6333,-61.2
80.6367,-62.7
80.64,-69.3
80.6433,-68.7
80.6467,-60.9
80.65,-63.6
80.6533,-63.9
80.6567,-67.8
80.66,-69.3
80.6633,-63.6
80.6667,-71.1
80.67,-62.7
80.6733,-73.5
80.6767,-62.1
80.68,-60
80.6833,-61.8
80.6867,-62.7
80.69,-69
80.6933,-64.8
80.6967,-60.3
80.7,-63.6
80.7033,-64.8
80.7067,-69
80.71,-63.6
80.7133,-67.2
80.7167,-60
80.72,-64.2
80.7233,-59.7
80.7267,-66.9
80.73,-63.9
80.7333,-67.2
80.7367,-65.4
80.74,-66.3
80.7433,-62.7
80.7467,-67.2
80.75,-61.5
80.7533,-56.7
80.7567,-60.6
80.76,-64.5
80.7633,-52.5
80.7667,-67.2
80.77,-69.6
80.7733,-67.5
80.7767,-59.7
80.78,-48
80.7833,-76.5
80.7867,-59.1
80.79,-70.2
80.7933,-62.1
80.7967,-61.5
80.8,-60.6
80.8033,-62.1
80.8067,-66
80.81,-59.4
80.8133,-65.7
80.8167,-66
80.82,-63
80.8233,-63.9
80.8267,-55.8
80.83,-63.6
80.8333,-64.8
80.8367,-60.9
80.84,-63.3
80.8433,-62.1
80.8467,-66.3
80.85,-62.1
80.8533,-62.7
80.8567,-62.7
80.86,-61.5
80.8633,-63.3
80.8667,-65.4
80.87,-65.1
80.8733,-55.5
80.8767,-60
80.88,-57.6
80.8833,-62.4
80.8867,-65.4
80.89,-57.6
80.8933,-60.3
80.8967,-63.6
80.9,-58.5
80.9033,-54.9
80.9067,-60.3
80.91,-51
80.9133,-78.9
80.9167,-68.1
80.92,-69
80.9233,-66.6
80.9267,-66.9
80.93,-52.8
80.9333,-70.2
80.9367,-55.5
80.94,-71.4
80.9433,-66
80.9467,-60
80.95,-64.8
80.9533,-62.1
80.9567,-55.2
80.96,-63.3
80.9633,-63.3
80.9667,-70.2
80.97,-66
80.9733,-67.8
80.9767,-63.9
80.98,-63.6
80.9833,-66.6
80.9867,-69
80.99,-66.9
80.9933,-66
80.9967,-62.1
81,-65.4
81.0033,-58.5
81.0067,-65.1
81.01,-62.1
81.0133,-65.1
81.0167,-62.4
81.02,-66
81.0233,-62.1
81.0267,-66
81.03,-65.7
81.0333,-66.3
81.0367,-59.7
81.04,-61.8
81.0433,-64.5
81.0467,-66.9
81.05,-62.7
81.0533,-55.8
81.0567,-64.8
81.06,-64.2
81.0633,-65.4
81.0667,-69.9
81.07,-72
81.0733,-68.1
81.0767,-67.2
81.08,-70.2
81.0833,-56.7
81.0867,-72
81.09,-66.6
81.0933,-66
81.0967,-68.7
81.1,-67.5
81.1033,-64.8
81.1067,-68.7
81.11,-69.9
81.1133,-64.2
81.1167,-69.6
81.12,-72.3
81.1233,-66.9
81.1267,-71.7
81.13,-69.3
81.1333,-68.7
81.1367,-65.7
81.14,-67.8
81.1433,-61.2
81.1467,-64.5
81.15,-65.4
81.1533,-67.2
81.1567,-56.4
81.16,-69.3
81.1633,-69.9
81.1667,-67.8
81.17,-63.9
81.1733,-64.2
81.1767,-61.8
81.18,-61.8
81.1833,-64.5
81.1867,-69.3
81.19,-62.4
81.1933,-72.3
81.1967,-64.2
81.2,-44.4
81.2033,-63
81.2067,-73.5
81.21,-69.3
81.2133,-66.9
81.2167,-65.7
81.22,-65.1
81.2233,-67.5
81.2267,-58.5
81.23,-65.1
81.2333,-72.3
81.2367,-69.3
81.24,-63
81.2433,-61.8
81.2467,-70.8
81.25,-66.9
81.2533,-68.4
81.2567,-64.5
81.26,-66.9
81.2633,-70.5
81.2667,-69.3
81.27,-70.2
81.2733,-63.3
81.2767,-65.1
81.28,-68.7
81.2833,-65.7
81.2867,-65.1
81.29,-65.4
81.2933,-68.4
81.2967,-65.1
81.3,-64.5
81.3033,-65.4
81.3067,-69.9
81.31,-64.2
81.3133,-68.1
81.3167,-63
81.32,-69.3
81.3233,-63.6
81.3267,-58.5
81.33,-57
81.3333,-45.6
81.3367,-71.4
81.34,-64.2
81.3433,-69
81.3467,-60.3
81.35,-68.7
81.3533,-74.1
81.3567,-53.7
81.36,-56.4
81.3633,-57
81.3667,-63.9
81.37,-56.4
81.3733,-59.4
81.3767,-62.1
81.38,-63.6
81.3833,-64.2
81.3867,-65.7
81.39,-59.7
81.3933,-63.9
81.3967,-55.8
81.4,-63.9
81.4033,-64.5
81.4067,-61.2
81.41,-59.1
81.4133,-63.9
81.4167,-59.1
81.42,-62.1
81.4233,-60.9
81.4267,-67.5
81.43,-58.8
81.4333,-57.6
81.4367,-63.3
81.44,-60.3
81.4433,-60
81.4467,-59.4
81.45,-59.7
81.4533,-61.2
81.4567,-56.4
81.46,-56.1
81.4633,-57
81.4667,-68.1
81.47,-51
81.4733,-53.7
81.4767,-50.7
81.48,-59.4
81.4833,-57.6
81.4867,-59.4
81.49,-69.3
81.4933,-56.1
81.4967,-60.9
81.5,-58.8
81.5033,-61.2
81.5067,-64.5
81.51,-62.4
81.5133,-60
81.5167,-60.3
81.52,-62.1
81.5233,-62.4
81.5267,-61.2
81.53,-63.6
81.5333,-63
81.5367,-66.6
81.54,-57.6
81.5433,-59.7
81.5467,-60.6
81.55,-61.5
81.5533,-59.1
81.5567,-58.5
81.56,-62.7
81.5633,-58.2
81.5667,-54.9
81.57,-57.9
81.5733,-52.8
81.5767,-52.8
81.58,-55.8
81.5833,-52.5
81.5867,-58.5
81.59,-54.9
81.5933,-51.6
81.5967,-53.1
81.6,-53.7
81.6033,-58.8
81.6067,-55.2
81.61,-53.7
81.6133,-60.9
81.6167,-49.5
81.62,-51.3
81.6233,-67.2
81.6267,-67.5
81.63,-57.6
81.6333,-55.2
81.6367,-59.4
81.64,-53.1
81.6433,-57.6
81.6467,-53.7
81.65,-58.5
81.6533,-56.1
81.6567,-55.8
81.66,-64.5
81.6633,-56.4
81.6667,-58.2
81.67,-55.5
81.6733,-58.8
81.6767,-60.9
81.68,-63.6
81.6833,-57.6
81.6867,-58.8
81.69,-62.4
81.6933,-56.7
81.6967,-57.6
81.7,-60
81.7033,-59.1
81.7067,-58.2
81.71,-60
81.7133,-62.1
81.7167,-53.7
81.72,-62.1
81.7233,-58.5
81.7267,-57
81.73,-58.5
81.7333,-57.3
81.7367,-62.1
81.74,-51.3
81.7433,-52.5
81.7467,-50.4
81.75,-49.5
81.7533,-48.6
81.7567,-50.4
81.76,-61.5
81.7633,-61.2
81.7667,-59.1
81.77,-62.1
81.7733,-59.4
81.7767,-63.6
81.78,-54.3
81.7833,-63.3
81.7867,-66.9
81.79,-66.3
81.7933,-54
81.7967,-60.6
81.8,-63
81.8033,-63.6
81.8067,-63.3
81.81,-73.8
81.8133,-49.5
81.8167,-60
81.82,-61.8
81.8233,-67.8
81.8267,-66
81.83,-61.2
81.8333,-63
81.8367,-54.6
81.84,-62.1
81.8433,-65.4
81.8467,-62.7
81.85,-61.8
81.8533,-58.2
81.8567,-60.3
81.86,-56.4
81.8633,-60
81.8667,-61.5
81.87,-60.9
81.8733,-60.9
81.8767,-55.8
81.88,-56.7
81.8833,-60.9
81.8867,-57.9
81.89,-56.7
81.8933,-53.1
81.8967,-52.2
81.9,-60.6
81.9033,-64.8
81.9067,-60.3
81.91,-60
81.9133,-56.4
81.9167,-54
81.92,-60.6
81.9233,-65.7
81.9267,-61.8
81.93,-62.7
81.9333,-56.7
81.9367,-63
81.94,-54.9
81.9433,-66
81.9467,-61.2
81.95,-65.1
81.9533,-59.4
81.9567,-61.2
81.96,-59.1
81.9633,-68.7
81.9667,-63.6
81.97,-60
81.9733,-64.8
81.9767,-68.4
81.98,-62.4
81.9833,-63.9
81.9867,-63
81.99,-65.1
81.9933,-65.4
81.9967,-61.5
82,-58.2
82.0033,-63
82.0067,-65.4
82.01,-67.2
82.0133,-63
82.0167,-59.7
82.02,-57.6
82.0233,-61.8
82.0267,-65.4
82.03,-61.8
82.0333,-54.3
82.0367,-61.8
82.04,-62.4
82.0433,-64.8
82.0467,-68.4
82.05,-63.6
82.0533,-60.9
82.0567,-58.2
82.06,-65.1
82.0633,-66.9
82.0667,-68.1
82.07,-67.5
82.0733,-63.3
82.0767,-58.5
82.08,-60.3
82.0833,-66.9
82.0867,-62.7
82.09,-63
82.0933,-55.8
82.0967,-57.9
82.1,-57.3
82.1033,-64.2
82.1067,-63.3
82.11,-61.8
82.1133,-58.8
82.1167,-59.7
82.12,-60
82.1233,-62.7
82.1267,-60.9
82.13,-60.9
82.1333,-56.1
82.1367,-58.2
82.14,-57.3
82.1433,-60.3
82.1467,-59.7
82.15,-72
82.1533,-49.8
82.1567,-55.8
82.16,-54.3
82.1633,-52.5
82.1667,-70.8
82.17,-54
82.1733,-60.9
82.1767,-62.7
82.18,-57.6
82.1833,-57.9
82.1867,-63.6
82.19,-63.3
82.1933,-60.3
82.1967,-57.6
82.2,-61.8
82.2033,-60.3
82.2067,-58.5
82.21,-59.1
82.2133,-53.4
82.2167,-55.5
82.22,-63
82.2233,-55.8
82.2267,-58.5
82.23,-61.2
82.2333,-54
82.2367,-54.3
82.24,-59.7
82.2433,-60.3
82.2467,-56.7
82.25,-61.2
82.2533,-63
82.2567,-60.3
82.26,-59.7
82.2633,-67.2
82.2667,-44.4
82.27,-57.3
82.2733,-67.2
82.2767,-64.2
82.28,-52.8
82.2833,-67.2
82.2867,-58.2
82.29,-60
82.2933,-63.3
82.2967,-55.8
82.3,-62.4
82.3033,-58.5
82.3067,-57
82.31,-61.2
82.3133,-55.5
82.3167,-60.6
82.32,-57.9
82.3233,-62.1
82.3267,-64.2
82.33,-66
82.3333,-58.8
82.3367,-60.3
82.34,-52.5
82.3433,-60.9
82.3467,-64.8
82.35,-66
82.3533,-58.8
82.3567,-58.2
82.36,-62.1
82.3633,-60.9
82.3667,-65.1
82.37,-68.7
82.3733,-57.9
82.3767,-60.3
82.38,-58.2
82.3833,-57.3
82.3867,-61.5
82.39,-59.7
82.3933,-57.6
82.3967,-60
82.4,-56.7
82.4033,-57.9
82.4067,-63.6
82.41,-62.1
82.4133,-57.6
82.4167,-61.8
82.42,-47.7
82.4233,-56.1
82.4267,-55.2
82.43,-46.5
82.4333,-63.9
82.4367,-55.2
82.44,-48.9
82.4433,-61.5
82.4467,-48
82.45,-58.2
82.4533,-69.9
82.4567,-58.2
82.46,-60.3
82.4633,-60.9
82.4667,-60.3
82.47,-59.4
82.4733,-59.7
82.4767,-57.3
82.48,-59.1
82.4833,-58.5
82.4867,-60.3
82.49,-61.2
82.4933,-57
82.4967,-54.3
82.5,-58.8
82.5033,-63.3
82.5067,-63.3
82.51,-57.3
82.5133,-60.6
82.5167,-59.4
82.52,-54.9
82.5233,-60.9
82.5267,-67.2
82.53,-60.6
82.5333,-60.6
82.5367,-62.1
82.54,-60.9
82.5433,-63.6
82.5467,-67.5
82.55,-65.1
82.5533,-59.7
82.5567,-59.4
82.56,-69.3
82.5633,-62.4
82.5667,-63.9
82.57,-62.1
82.5733,-62.1
82.5767,-64.5
82.58,-59.1
82.5833,-68.7
82.5867,-70.2
82.59,-71.4
82.5933,-65.1
82.5967,-71.4
82.6,-60.3
82.6033,-66.3
82.6067,-61.5
82.61,-69.9
82.6133,-61.8
82.6167,-58.2
82.62,-62.7
82.6233,-77.1
82.6267,-65.7
82.63,-67.2
82.6333,-61.2
82.6367,-70.8
82.64,-61.8
82.6433,-67.2
82.6467,-65.4
82.65,-66.6
82.6533,-61.8
82.6567,-64.5
82.66,-60.9
82.6633,-63.9
82.6667,-63.3
82.67,-69
82.6733,-57
82.6767,-57.6
82.68,-62.4
82.6833,-68.4
82.6867,-71.1
82.69,-64.2
82.6933,-42.6
82.6967,-60
82.7,-60
82.7033,-66.6
82.7067,-60
82.71,-57.6
82.7133,-64.5
82.7167,-54.6
82.72,-60
82.7233,-74.7
82.7267,-72.3
82.73,-67.2
82.7333,-60.9
82.7367,-62.7
82.74,-62.4
82.7433,-66
82.7467,-65.1
82.75,-66.9
82.7533,-62.4
82.7567,-65.7
82.76,-61.5
82.7633,-69
82.7667,-66.3
82.77,-69.3
82.7733,-62.1
82.7767,-68.7
82.78,-60.9
82.7833,-64.5
82.7867,-70.2
82.79,-64.5
82.7933,-57.9
82.7967,-61.2
82.8,-58.5
82.8033,-69
82.8067,-52.5
82.81,-60.3
82.8133,-58.2
82.8167,-62.4
82.82,-58.2
82.8233,-66
82.8267,-61.8
82.83,-58.2
82.8333,-58.2
82.8367,-59.7
82.84,-58.5
82.8433,-59.7
82.8467,-72
82.85,-52.8
82.8533,-57
82.8567,-69.3
82.86,-58.2
82.8633,-69
82.8667,-51
82.87,-60.6
82.8733,-65.1
82.8767,-66.6
82.88,-58.5
82.8833,-67.8
82.8867,-54
82.89,-68.4
82.8933,-60.3
82.8967,-63.6
82.9,-57.3
82.9033,-62.4
82.9067,-62.1
82.91,-62.4
82.9133,-57.9
82.9167,-63.9
82.92,-59.1
82.9233,-67.8
82.9267,-57.9
82.93,-59.7
82.9333,-53.7
82.9367,-63
82.94,-56.7
82.9433,-62.4
82.9467,-57
82.95,-61.2
82.9533,-60.9
82.9567,-62.1
82.96,-54
82.9633,-57.9
82.9667,-54
82.97,-62.4
82.9733,-59.1
82.9767,-61.5
82.98,-64.5
82.9833,-59.1
82.9867,-59.1
82.99,-64.8
82.9933,-57.3
82.9967,-58.8
83,-64.8
83.0033,-60.6
83.0067,-61.2
83.01,-57.6
83.0133,-56.1
83.0167,-61.2
83.02,-60
83.0233,-62.7
83.0267,-61.5
83.03,-63.9
83.0333,-60.3
83.0367,-61.2
83.04,-56.4
83.0433,-61.2
83.0467,-64.2
83.05,-58.5
83.0533,-54.9
83.0567,-59.7
83.06,-60.3
83.0633,-62.4
83.0667,-57.9
83.07,-61.8
83.0733,-53.7
83.0767,-57.9
83.08,-57.3
83.0833,-57.9
83.0867,-56.4
83.09,-62.1
83.0933,-54.3
83.0967,-60.6
83.1,-54.3
83.1033,-58.2
83.1067,-67.8
83.11,-61.5
83.1133,-50.1
83.1167,-63
83.12,-62.1
83.1233,-57.3
83.1267,-54.3
83.13,-61.5
83.1333,-64.2
83.1367,-67.5
83.14,-63.6
83.1433,-68.4
83.1467,-64.5
83.15,-57.9
83.1533,-57.9
83.1567,-52.8
83.16,-56.4
83.1633,-69.9
83.1667,-61.2
83.17,-59.1
83.1733,-59.4
83.1767,-64.2
83.18,-58.8
83.1833,-63.3
83.1867,-61.8
83.19,-67.2
83.1933,-61.8
83.1967,-61.5
83.2,-67.8
83.2033,-64.5
83.2067,-64.2
83.21,-63.3
83.2133,-62.7
83.2167,-63.6
83.22,-63.3
83.2233,-59.7
83.2267,-65.7
83.23,-64.2
83.2333,-59.1
83.2367,-62.7
83.24,-62.7
83.2433,-66.6
83.2467,-59.4
83.25,-59.4
83.2533,-56.1
83.2567,-53.7
83.26,-57.9
83.2633,-76.8
83.2667,-64.8
83.27,-63.9
83.2733,-61.2
83.2767,-58.8
83.28,-63
83.2833,-63.9
83.2867,-61.5
83.29,-62.1
83.2933,-52.8
83.2967,-56.7
83.3,-64.2
83.3033,-69
83.3067,-54.6
83.31,-61.5
83.3133,-66.9
83.3167,-71.7
83.32,-56.4
83.3233,-65.7
83.3267,-65.7
83.33,-65.1
83.3333,-56.4
83.3367,-63.3
83.34,-65.1
83.3433,-69
83.3467,-56.7
83.35,-63.9
83.3533,-61.2
83.3567,-63.9
83.36,-62.7
83.3633,-65.4
83.3667,-57.3
83.37,-67.5
83.3733,-61.5
83.3767,-61.2
83.38,-60.3
83.3833,-61.2
83.3867,-68.4
83.39,-62.4
83.3933,-60.6
83.3967,-56.4
83.4,-57.6
83.4033,-48.6
83.4067,-47.7
83.41,-76.8
83.4133,-63
83.4167,-65.4
83.42,-63.3
83.4233,-67.8
83.4267,-62.4
83.43,-54.3
83.4333,-58.8
83.4367,-63.3
83.44,-62.1
83.4433,-54.3
83.4467,-64.2
83.45,-49.2
83.4533,-58.8
83.4567,-62.1
83.46,-58.5
83.4633,-60.9
83.4667,-66.3
83.47,-61.8
83.4733,-59.7
83.4767,-61.5
83.48,-57.3
83.4833,-62.7
83.4867,-60
83.49,-62.1
83.4933,-56.7
83.4967,-59.1
83.5,-60.6
83.5033,-64.2
83.5067,-54.9
83.51,-60.6
83.5133,-59.7
83.5167,-62.7
83.52,-59.4
83.5233,-65.1
83.5267,-58.8
83.53,-66.9
83.5333,-57.6
83.5367,-60
83.54,-61.8
83.5433,-65.1
83.5467,-58.8
83.55,-62.1
83.5533,-53.1
83.5567,-54.6
83.56,-48.6
83.5633,-48
83.5667,-72.6
83.57,-60.9
83.5733,-57.9
83.5767,-60.6
83.58,-60.9
83.5833,-60
83.5867,-60.3
83.59,-53.7
83.5933,-57.9
83.5967,-56.4
83.6,-51
83.6033,-59.7
83.6067,-57.9
83.61,-54
83.6133,-56.1
83.6167,-59.7
83.62,-60.9
83.6233,-60.9
83.6267,-54.3
83.63,-60.6
83.6333,-58.5
83.6367,-54.9
83.64,-60.3
83.6433,-54.9
83.6467,-61.5
83.65,-54.6
83.6533,-57.9
83.6567,-52.8
83.66,-57.6
83.6633,-59.4
83.6667,-59.7
83.67,-56.4
83.6733,-53.4
83.6767,-51.9
83.68,-48
83.6833,-52.5
83.6867,-55.8
83.69,-56.7
83.6933,-60.3
83.6967,-61.2
83.7,-58.5
83.7033,-62.7
83.7067,-56.1
83.71,-63.9
83.7133,-54.9
83.7167,-51
83.72,-65.7
83.7233,-66
83.7267,-64.8
83.73,-59.4
83.7333,-56.4
83.7367,-58.8
83.74,-63.6
83.7433,-64.5
83.7467,-57.9
83.75,-58.2
83.7533,-54.9
83.7567,-62.1
83.76,-54.6
83.7633,-54.6
83.7667,-54.9
83.77,-54
83.7733,-49.2
83.7767,-54.9
83.78,-52.2
83.7833,-58.2
83.7867,-56.1
83.79,-56.4
83.7933,-54
83.7967,-52.5
83.8,-54
83.8033,-54.3
83.8067,-57.9
83.81,-57.6
83.8133,-51
83.8167,-54.6
83.82,-56.1
83.8233,-52.2
83.8267,-54.3
83.83,-43.5
83.8333,-41.4
83.8367,-64.5
83.84,-54.9
83.8433,-57.6
83.8467,-60
83.85,-56.4
83.8533,-52.5
83.8567,-56.7
83.86,-55.2
83.8633,-51
83.8667,-46.5
83.87,-61.8
83.8733,-50.4
83.8767,-67.2
83.88,-56.4
83.8833,-55.5
83.8867,-56.1
83.89,-58.8
83.8933,-55.8
83.8967,-57.3
83.9,-52.5
83.9033,-60
83.9067,-55.2
83.91,-53.7
83.9133,-51
83.9167,-55.2
83.92,-55.5
83.9233,-58.8
83.9267,-51.9
83.93,-49.5
83.9333,-54.3
83.9367,-55.8
83.94,-53.4
83.9433,-59.1
83.9467,-56.7
83.95,-54.9
83.9533,-51.9
83.9567,-52.8
83.96,-56.4
83.9633,-58.5
83.9667,-52.8
83.97,-51
83.9733,-50.7
83.9767,-57.6
83.98,-34.2
83.9833,-55.8
83.9867,-50.7
83.99,-63.3
83.9933,-51.9
83.9967,-55.8
84,-48
84.0033,-57.6
84.0067,-52.8
84.01,-50.7
84.0133,-48.6
84.0167,-49.8
84.02,-51
84.0233,-60
84.0267,-50.7
84.03,-43.5
84.0333,-48
84.0367,-51.3
84.04,-43.8
84.0433,-58.5
84.0467,-50.7
84.05,-51.3
84.0533,-52.2
84.0567,-54
84.06,-54.6
84.0633,-56.1
84.0667,-55.2
84.07,-51.9
84.0733,-47.7
84.0767,-54.3
84.08,-56.7
84.0833,-54
84.0867,-55.8
84.09,-47.7
84.0933,-50.1
84.0967,-56.4
84.1,-47.4
84.1033,-45.6
84.1067,-41.4
84.11,-47.4
84.1133,-54.3
84.1167,-57
84.12,-47.7
84.1233,-67.5
84.1267,-53.1
84.13,-58.8
84.1333,-56.1
84.1367,-50.4
84.14,-51.3
84.1433,-48.9
84.1467,-58.2
84.15,-58.2
84.1533,-52.8
84.1567,-53.7
84.16,-54
84.1633,-62.1
84.1667,-57.3
84.17,-55.5
84.1733,-49.2
84.1767,-52.8
84.18,-57.9
84.1833,-59.1
84.1867,-57.3
84.19,-57
84.1933,-53.4
84.1967,-56.4
84.2,-58.2
84.2033,-59.7
84.2067,-56.4
84.21,-55.2
84.2133,-50.4
84.2167,-54.6
84.22,-54.6
84.2233,-53.4
84.2267,-54.9
84.23,-57.3
84.2333,-51.9
84.2367,-49.8
84.24,-43.5
84.2433,-50.4
84.2467,-50.1
84.25,-55.8
84.2533,-49.5
84.2567,-51.9
84.26,-55.5
84.2633,-51.9
84.2667,-64.2
84.27,-45.9
84.2733,-56.7
84.2767,-57.9
84.28,-56.1
84.2833,-58.5
84.2867,-39.9
84.29,-59.7
84.2933,-56.7
84.2967,-57.6
84.3,-65.1
84.3033,-60.3
84.3067,-48.6
84.31,-55.8
84.3133,-50.1
84.3167,-53.4
84.32,-51.9
84.3233,-54
84.3267,-53.4
84.33,-53.4
84.3333,-53.4
84.3367,-52.5
84.34,-52.8
84.3433,-53.7
84.3467,-57.3
84.35,-60.3
84.3533,-49.2
84.3567,-48.3
84.36,-52.5
84.3633,-54
84.3667,-58.5
84.37,-49.2
84.3733,-51
84.3767,-52.8
84.38,-52.5
84.3833,-59.1
84.3867,-54
84.39,-48.9
84.3933,-50.7
84.3967,-48.3
84.4,-45
84.4033,-30.6
84.4067,-61.2
84.41,-64.2
84.4133,-57
84.4167,-52.2
84.42,-57.9
84.4233,-53.4
84.4267,-52.8
84.43,-58.2
84.4333,-54.3
84.4367,-49.8
84.44,-55.8
84.4433,-53.4
84.4467,-48.6
84.45,-50.7
84.4533,-48
84.4567,-55.2
84.46,-53.1
84.4633,-57.9
84.4667,-54.9
84.47,-53.1
84.4733,-50.1
84.4767,-53.7
84.48,-53.1
84.4833,-58.5
84.4867,-58.5
84.49,-53.7
84.4933,-53.1
84.4967,-54.9
84.5,-56.4
84.5033,-56.4
84.5067,-54.3
84.51,-54
84.5133,-50.4
84.5167,-49.2
84.52,-50.4
84.5233,-54.9
84.5267,-54.6
84.53,-53.7
84.5333,-45.3
84.5367,-45.6
84.54,-49.5
84.5433,-49.8
84.5467,-56.7
84.55,-55.2
84.5533,-43.2
84.5567,-55.2
84.56,-49.5
84.5633,-50.1
84.5667,-53.4
84.57,-48.9
84.5733,-50.4
84.5767,-55.8
84.58,-57.3
84.5833,-51.6
84.5867,-56.4
84.59,-55.8
84.5933,-55.2
84.5967,-54
84.6,-53.4
84.6033,-57
84.6067,-54
84.61,-51.6
84.6133,-47.1
84.6167,-51.6
84.62,-52.5
84.6233,-55.5
84.6267,-51.3
84.63,-54.3
84.6333,-50.1
84.6367,-46.8
84.64,-56.1
84.6433,-51.6
84.6467,-52.5
84.65,-55.2
84.6533,-49.8
84.6567,-51.3
84.66,-60.9
84.6633,-46.8
84.6667,-53.1
84.67,-51
84.6733,-52.2
84.6767,-48.9
84.68,-50.7
84.6833,-51.6
84.6867,-55.2
84.69,-56.1
84.6933,-55.5
84.6967,-52.8
84.7,-50.1
84.7033,-56.4
84.7067,-57
84.71,-55.8
84.7133,-50.1
84.7167,-59.7
84.72,-51.9
84.7233,-57.3
84.7267,-56.1
84.73,-52.5
84.7333,-54.3
84.7367,-54.3
84.74,-55.8
84.7433,-56.1
84.7467,-54
84.75,-51.9
84.7533,-49.2
84.7567,-54
84.76,-53.4
84.7633,-53.4
84.7667,-52.8
84.77,-56.7
84.7733,-51.9
84.7767,-54
84.78,-47.1
84.7833,-55.8
84.7867,-56.7
84.79,-53.4
84.7933,-51.3
84.7967,-52.5
84.8,-58.8
84.8033,-63.9
84.8067,-63.6
84.81,-50.4
84.8133,-60
84.8167,-52.5
84.82,-59.7
84.8233,-51.9
84.8267,-58.2
84.83,-56.1
84.8333,-51.6
84.8367,-54.6
84.84,-49.2
84.8433,-45.3
84.8467,-48.9
84.85,-51.6
84.8533,-54.3
84.8567,-54.9
84.86,-52.8
84.8633,-53.1
84.8667,-54.3
84.87,-50.4
84.8733,-51
84.8767,-48
84.88,-51
84.8833,-48.6
84.8867,-53.4
84.89,-49.2
84.8933,-49.2
84.8967,-50.7
84.9,-56.1
84.9033,-51.3
84.9067,-51.9
84.91,-48.3
84.9133,-53.7
84.9167,-48.3
84.92,-53.1
84.9233,-52.8
84.9267,-57.6
84.93,-52.2
84.9333,-54.3
84.9367,-51.6
84.94,-57.3
84.9433,-53.1
84.9467,-51.3
84.95,-51.3
84.9533,-52.5
84.9567,-50.1
84.96,-53.1
84.9633,-54.3
84.9667,-46.8
84.97,-50.4
84.9733,-44.1
84.9767,-34.8
84.98,-66.6
84.9833,-53.7
84.9867,-54.6
84.99,-60.3
84.9933,-54.3
84.9967,-51.6
85,-59.1
85.0033,-60.3
85.0067,-57.9
85.01,-54.9
85.0133,-53.4
85.0167,-54.9
85.02,-56.1
85.0233,-54
85.0267,-57.3
85.03,-49.8
85.0333,-54.3
85.0367,-58.8
85.04,-56.4
85.0433,-55.5
85.0467,-53.1
85.05,-60
85.0533,-47.4
85.0567,-54.6
85.06,-43.8
85.0633,-47.7
85.0667,-48.9
85.07,-50.7
85.0733,-61.8
85.0767,-60.9
85.08,-62.7
85.0833,-55.2
85.0867,-60.3
85.09,-53.4
85.0933,-54
85.0967,-49.5
85.1,-58.8
85.1033,-60.6
85.1067,-65.7
85.11,-56.4
85.1133,-56.7
85.1167,-55.8
85.12,-56.4
85.1233,-60
85.1267,-62.1
85.13,-56.7
85.1333,-60.3
85.1367,-57.3
85.14,-58.5
85.1433,-55.5
85.1467,-60.6
85.15,-48.9
85.1533,-56.4
85.1567,-51.6
85.16,-56.7
85.1633,-56.1
85.1667,-54.9
85.17,-46.5
85.1733,-57.9
85.1767,-52.5
85.18,-53.7
85.1833,-59.1
85.1867,-59.4
85.19,-52.2
85.1933,-59.7
85.1967,-57.6
85.2,-53.4
85.2033,-56.1
85.2067,-56.7
85.21,-60.3
85.2133,-56.1
85.2167,-55.8
85.22,-55.2
85.2233,-45.3
85.2267,-48.9
85.23,-62.7
85.2333,-67.2
85.2367,-58.2
85.24,-59.1
85.2433,-64.8
85.2467,-63.6
85.25,-52.2
85.2533,-62.7
85.2567,-59.1
85.26,-70.5
85.2633,-53.7
85.2667,-58.2
85.27,-57.3
85.2733,-59.4
85.2767,-58.2
85.28,-68.4
85.2833,-57.9
85.2867,-57.9
85.29,-54.3
85.2933,-58.8
85.2967,-57
85.3,-63.9
85.3033,-64.2
85.3067,-63.6
85.31,-54.3
85.3133,-60
85.3167,-61.8
85.32,-63
85.3233,-60.6
85.3267,-61.8
85.33,-58.8
85.3333,-58.2
85.3367,-57.3
85.34,-54
85.3433,-63.3
85.3467,-64.5
85.35,-67.5
85.3533,-64.5
85.3567,-53.7
85.36,-64.2
85.3633,-61.2
85.3667,-75.9
85.37,-62.7
85.3733,-62.7
85.3767,-60.9
85.38,-66.6
85.3833,-62.7
85.3867,-67.2
85.39,-59.7
85.3933,-58.8
85.3967,-65.4
85.4,-76.8
85.4033,-59.7
85.4067,-63.6
85.41,-68.7
85.4133,-59.4
85.4167,-69.9
85.42,-65.1
85.4233,-65.1
85.4267,-60.3
85.43,-65.4
85.4333,-64.2
85.4367,-59.1
85.44,-60.9
85.4433,-61.8
85.4467,-62.7
85.45,-64.2
85.4533,-60.6
85.4567,-60.6
85.46,-61.2
85.4633,-60.3
85.4667,-63
85.47,-61.8
85.4733,-64.2
85.4767,-57.9
85.48,-60.3
85.4833,-64.5
85.4867,-59.4
85.49,-51.3
85.4933,-48.6
85.4967,-54.6
85.5,-57.9
85.5033,-72
85.5067,-54.6
85.51,-61.2
85.5133,-60
85.5167,-59.4
85.52,-64.5
85.5233,-51.9
85.5267,-60.6
85.53,-58.2
85.5333,-51
85.5367,-53.4
85.54,-57.6
85.5433,-48.9
85.5467,-62.4
85.55,-53.7
85.5533,-63
85.5567,-48
85.56,-58.2
85.5633,-50.1
85.5667,-54.9
85.57,-57.9
85.5733,-60.3
85.5767,-53.1
85.58,-59.4
85.5833,-58.2
85.5867,-60.3
85.59,-56.1
85.5933,-56.7
85.5967,-60.3
85.6,-58.8
85.6033,-61.5
85.6067,-59.7
85.61,-56.1
85.6133,-59.7
85.6167,-57.6
85.62,-63.3
85.6233,-52.5
85.6267,-60.6
85.63,-61.2
85.6333,-59.1
85.6367,-56.7
85.64,-54
85.6433,-54
85.6467,-51.3
85.65,-54.6
85.6533,-56.1
85.6567,-60
85.66,-60.9
85.6633,-61.2
85.6667,-55.5
85.67,-54
85.6733,-46.8
85.6767,-59.7
85.68,-57.9
85.6833,-57.9
85.6867,-54.3
85.69,-52.2
85.6933,-53.7
85.6967,-56.1
85.7,-58.8
85.7033,-55.8
85.7067,-57.3
85.71,-52.5
85.7133,-54
85.7167,-52.5
85.72,-56.1
85.7233,-48.6
85.7267,-53.1
85.73,-51.6
85.7333,-56.7
85.7367,-46.2
85.74,-56.4
85.7433,-52.5
85.7467,-51.6
85.75,-53.1
85.7533,-54.3
85.7567,-52.8
85.76,-54.3
85.7633,-54
85.7667,-49.5
85.77,-47.7
85.7733,-50.4
85.7767,-45
85.78,-46.2
85.7833,-51.9
85.7867,-57
85.79,-54
85.7933,-58.5
85.7967,-57.6
85.8,-58.2
85.8033,-56.7
85.8067,-58.8
85.81,-51.6
85.8133,-54.3
85.8167,-54.6
85.82,-61.5
85.8233,-57.6
85.8267,-54.3
85.83,-45.9
85.8333,-57.3
85.8367,-44.7
85.84,-57.3
85.8433,-56.4
85.8467,-58.2
85.85,-54
85.8533,-54
85.8567,-52.2
85.86,-57.6
85.8633,-57.9
85.8667,-58.8
85.87,-53.7
85.8733,-53.4
85.8767,-55.5
85.88,-55.8
85.8833,-53.7
85.8867,-58.8
85.89,-56.1
85.8933,-54.9
85.8967,-52.2
85.9,-56.4
85.9033,-49.5
85.9067,-54.6
85.91,-44.1
85.9133,-45.3
85.9167,-46.8
85.92,-58.8
85.9233,-47.7
85.9267,-53.1
85.93,-39.9
85.9333,-53.4
85.9367,-48.6
85.94,-58.2
85.9433,-53.4
85.9467,-56.4
85.95,-46.5
85.9533,-54.3
85.9567,-50.1
85.96,-54.3
85.9633,-50.1
85.9667,-56.4
85.97,-48.9
85.9733,-51.9
85.9767,-44.1
85.98,-64.5
85.9833,-51
85.9867,-51.6
85.99,-51.9
85.9933,-53.4
85.9967,-51.3
86,-57.9
86.0033,-48.3
86.0067,-53.7
86.01,-49.2
86.0133,-51
86.0167,-50.4
86.02,-53.4
86.0233,-50.4
86.0267,-55.5
86.03,-53.4
86.0333,-49.5
86.0367,-50.7
86.04,-52.8
86.0433,-46.2
86.0467,-53.1
86.05,-51
86.0533,-51.6
86.0567,-44.1
86.06,-52.8
86.0633,-59.1
86.0667,-52.5
86.07,-49.5
86.0733,-45.6
86.0767,-50.7
86.08,-58.8
86.0833,-51.6
86.0867,-49.2
86.09,-48
86.0933,-61.2
86.0967,-56.7
86.1,-57
86.1033,-49.5
86.1067,-57.9
86.11,-58.2
86.1133,-51.3
86.1167,-54.6
86.12,-59.1
86.1233,-54
86.1267,-54
86.13,-47.1
86.1333,-50.7
86.1367,-50.1
86.14,-59.1
86.1433,-51.3
86.1467,-54.6
86.15,-52.2
86.1533,-53.1
86.1567,-56.4
86.16,-55.2
86.1633,-59.7
86.1667,-54
86.17,-55.2
86.1733,-51.9
86.1767,-55.8
86.18,-56.4
86.1833,-55.2
86.1867,-52.5
86.19,-48.9
86.1933,-59.1
86.1967,-43.5
86.2,-47.7
86.2033,-56.7
86.2067,-63
86.21,-54
86.2133,-57.9
86.2167,-66.6
86.22,-60
86.2233,-56.7
86.2267,-53.4
86.23,-44.7
86.2333,-54.3
86.2367,-56.1
86.24,-63.3
86.2433,-52.8
86.2467,-55.5
86.25,-48.3
86.2533,-61.8
86.2567,-61.2
86.26,-57.6
86.2633,-57
86.2667,-55.8
86.27,-52.5
86.2733,-54.9
86.2767,-55.2
86.28,-57.6
86.2833,-61.2
86.2867,-60
86.29,-52.2
86.2933,-55.2
86.2967,-50.7
86.3,-55.2
86.3033,-56.7
86.3067,-55.2
86.31,-51.6
86.3133,-56.1
86.3167,-47.4
86.32,-50.7
86.3233,-54
86.3267,-53.7
86.33,-53.7
86.3333,-54
86.3367,-46.5
86.34,-64.8
86.3433,-59.7
86.3467,-60.6
86.35,-54.9
86.3533,-47.7
86.3567,-59.4
86.36,-67.2
86.3633,-60.9
86.3667,-57.6
86.37,-58.8
86.3733,-54.9
86.3767,-57
86.38,-54.9
86.3833,-52.8
86.3867,-54.3
86.39,-54
86.3933,-58.2
86.3967,-53.7
86.4,-57.9
86.4033,-54.6
86.4067,-52.5
86.41,-51.6
86.4133,-56.4
86.4167,-49.5
86.42,-56.7
86.4233,-51.3
86.4267,-55.8
86.43,-52.2
86.4333,-56.4
86.4367,-48.6
86.44,-56.7
86.4433,-55.5
86.4467,-54.3
86.45,-57.6
86.4533,-50.4
86.4567,-51.9
86.46,-53.7
86.4633,-48.9
86.4667,-44.1
86.47,-47.1
86.4733,-57.6
86.4767,-54.9
86.48,-53.4
86.4833,-55.2
86.4867,-49.8
86.49,-42.9
86.4933,-53.4
86.4967,-66.6
86.5,-61.8
86.5033,-58.5
86.5067,-62.7
86.51,-57
86.5133,-42
86.5167,-56.7
86.52,-67.5
86.5233,-56.4
86.5267,-45.3
86.53,-52.2
86.5333,-55.5
86.5367,-53.1
86.54,-54.3
86.5433,-57
86.5467,-56.7
86.55,-55.5
86.5533,-57
86.5567,-56.4
86.56,-60
86.5633,-58.5
86.5667,-57
86.57,-50.1
86.5733,-56.4
86.5767,-55.2
86.58,-60
86.5833,-62.1
86.5867,-51.3
86.59,-50.7
86.5933,-54.6
86.5967,-52.2
86.6,-57
86.6033,-53.7
86.6067,-52.8
86.61,-48.9
86.6133,-46.8
86.6167,-46.8
86.62,-54.9
86.6233,-52.8
86.6267,-56.7
86.63,-56.4
86.6333,-54.3
86.6367,-52.5
86.64,-59.4
86.6433,-61.8
86.6467,-54
86.65,-51
86.6533,-52.5
86.6567,-50.7
86.66,-56.1
86.6633,-54.3
86.6667,-60
86.67,-54
86.6733,-50.4
86.6767,-55.2
86.68,-57
86.6833,-55.8
86.6867,-55.8
86.69,-57.6
86.6933,-56.1
86.6967,-53.1
86.7,-54.9
86.7033,-53.7
86.7067,-52.2
86.71,-54.6
86.7133,-51.3
86.7167,-43.5
86.72,-57
86.7233,-49.2
86.7267,-54.3
86.73,-47.4
86.7333,-54
86.7367,-48.6
86.74,-60
86.7433,-49.8
86.7467,-53.1
86.75,-51
86.7533,-49.8
86.7567,-53.7
86.76,-50.1
86.7633,-45
86.7667,-51
86.77,-45.6
86.7733,-43.5
86.7767,-58.8
86.78,-60.6
86.7833,-57.6
86.7867,-54
86.79,-55.5
86.7933,-54
86.7967,-60
86.8,-56.7
86.8033,-51
86.8067,-51
86.81,-52.5
86.8133,-51.6
86.8167,-60.3
86.82,-56.4
86.8233,-58.5
86.8267,-58.5
86.83,-52.8
86.8333,-53.1
86.8367,-53.4
86.84,-58.8
86.8433,-52.8
86.8467,-51.3
86.85,-55.5
86.8533,-52.2
86.8567,-54.3
86.86,-53.7
86.8633,-53.4
86.8667,-53.7
86.87,-52.5
86.8733,-51.6
86.8767,-54.9
86.88,-51.6
86.8833,-55.2
86.8867,-48.9
86.89,-51.3
86.8933,-50.4
86.8967,-43.5
86.9,-48.6
86.9033,-60
86.9067,-53.1
86.91,-51
86.9133,-54.6
86.9167,-53.4
86.92,-58.5
86.9233,-61.2
86.9267,-51.9
86.93,-58.2
86.9333,-56.7
86.9367,-47.7
86.94,-58.8
86.9433,-60.9
86.9467,-53.1
86.95,-57
86.9533,-53.7
86.9567,-52.2
86.96,-57.3
86.9633,-55.5
86.9667,-54.3
86.97,-53.1
86.9733,-57
86.9767,-48
86.98,-54
86.9833,-57
86.9867,-58.8
86.99,-50.7
86.9933,-53.4
86.9967,-58.5
87,-55.2
87.0033,-50.1
87.0067,-58.5
87.01,-61.5
87.0133,-57.9
87.0167,-59.4
87.02,-52.5
87.0233,-53.4
87.0267,-58.5
87.03,-56.1
87.0333,-54.3
87.0367,-53.1
87.04,-47.7
87.0433,-60.9
87.0467,-60.9
87.05,-59.7
87.0533,-57.3
87.0567,-64.8
87.06,-54
87.0633,-63.9
87.0667,-56.7
87.07,-56.4
87.0733,-55.8
87.0767,-57
87.08,-54
87.0833,-57
87.0867,-57.6
87.09,-57.9
87.0933,-56.1
87.0967,-57
87.1,-58.5
87.1033,-56.4
87.1067,-54.9
87.11,-56.1
87.1133,-52.8
87.1167,-56.1
87.12,-62.1
87.1233,-52.2
87.1267,-56.4
87.13,-50.1
87.1333,-59.4
87.1367,-46.5
87.14,-58.2
87.1433,-51
87.1467,-51.6
87.15,-51
87.1533,-54
87.1567,-54.3
87.16,-53.7
87.1633,-47.4
87.1667,-54.6
87.17,-57.6
87.1733,-42.9
87.1767,-71.7
87.18,-54.9
87.1833,-62.1
87.1867,-56.7
87.19,-64.5
87.1933,-60.9
87.1967,-60
87.2,-66.3
87.2033,-64.2
87.2067,-62.4
87.21,-53.7
87.2133,-57.3
87.2167,-62.7
87.22,-66
87.2233,-62.1
87.2267,-54.6
87.23,-49.5
87.2333,-63
87.2367,-60.3
87.24,-62.1
87.2433,-56.4
87.2467,-58.8
87.25,-63
87.2533,-65.1
87.2567,-59.1
87.26,-61.5
87.2633,-61.8
87.2667,-63.9
87.27,-59.4
87.2733,-59.1
87.2767,-59.7
87.28,-61.8
87.2833,-61.2
87.2867,-59.4
87.29,-59.4
87.2933,-52.8
87.2967,-63
87.3,-58.2
87.3033,-58.8
87.3067,-51
87.31,-51.3
87.3133,-54.3
87.3167,-51.3
87.32,-56.7
87.3233,-60.9
87.3267,-61.5
87.33,-59.1
87.3333,-59.4
87.3367,-66
87.34,-59.4
87.3433,-70.5
87.3467,-60
87.35,-60
87.3533,-51.6
87.3567,-62.1
87.36,-61.8
87.3633,-62.4
87.3667,-63
87.37,-60
87.3733,-55.8
87.3767,-58.5
87.38,-61.2
87.3833,-59.7
87.3867,-59.4
87.39,-55.8
87.3933,-54.9
87.3967,-56.7
87.4,-60.3
87.4033,-61.8
87.4067,-53.1
87.41,-53.4
87.4133,-56.7
87.4167,-59.1
87.42,-57.9
87.4233,-61.8
87.4267,-52.5
87.43,-60.6
87.4333,-49.5
87.4367,-52.8
87.44,-45.9
87.4433,-59.7
87.4467,-63.6
87.45,-57.6
87.4533,-52.8
87.4567,-51
87.46,-58.2
87.4633,-55.5
87.4667,-57
87.47,-52.8
87.4733,-52.2
87.4767,-59.4
87.48,-63
87.4833,-53.7
87.4867,-57.9
87.49,-51.9
87.4933,-57
87.4967,-51.9
87.5,-54
87.5033,-61.2
87.5067,-56.7
87.51,-54.9
87.5133,-58.2
87.5167,-55.5
87.52,-60
87.5233,-54.3
87.5267,-51.6
87.53,-60.9
87.5333,-55.5
87.5367,-56.7
87.54,-59.1
87.5433,-61.5
87.5467,-57.3
87.55,-55.2
87.5533,-55.5
87.5567,-57.6
87.56,-60
87.5633,-61.2
87.5667,-59.1
87.57,-54.9
87.5733,-49.2
87.5767,-56.7
87.58,-48.3
87.5833,-54.9
87.5867,-45.3
87.59,-68.4
87.5933,-68.1
87.5967,-61.2
87.6,-61.5
87.6033,-62.1
87.6067,-55.2
87.61,-55.2
87.6133,-61.8
87.6167,-54
87.62,-58.5
87.6233,-64.8
87.6267,-60.9
87.63,-61.8
87.6333,-63
87.6367,-64.8
87.64,-65.7
87.6433,-61.5
87.6467,-60.6
87.65,-57
87.6533,-59.1
87.6567,-62.1
87.66,-60.6
87.6633,-62.4
87.6667,-55.5
87.67,-59.1
87.6733,-56.1
87.6767,-64.8
87.68,-55.2
87.6833,-59.7
87.6867,-60.6
87.69,-53.1
87.6933,-51.9
87.6967,-60.9
87.7,-59.1
87.7033,-57.3
87.7067,-53.1
87.71,-48.6
87.7133,-69.3
87.7167,-52.2
87.72,-54.6
87.7233,-75
87.7267,-58.5
87.73,-60.6
87.7333,-52.2
87.7367,-64.5
87.74,-66.9
87.7433,-58.5
87.7467,-59.4
87.75,-65.7
87.7533,-57
87.7567,-61.8
87.76,-58.8
87.7633,-60.6
87.7667,-56.4
87.77,-63.6
87.7733,-59.7
87.7767,-65.1
87.78,-57.9
87.7833,-65.4
87.7867,-54.9
87.79,-64.2
87.7933,-67.2
87.7967,-71.1
87.8,-63
87.8033,-60.9
87.8067,-56.7
87.81,-61.2
87.8133,-59.1
87.8167,-61.5
87.82,-62.1
87.8233,-66.6
87.8267,-61.5
87.83,-58.5
87.8333,-65.4
87.8367,-63
87.84,-60.3
87.8433,-63.6
87.8467,-62.4
87.85,-55.5
87.8533,-63.3
87.8567,-64.5
87.86,-60.6
87.8633,-60.3
87.8667,-69.6
87.87,-67.2
87.8733,-64.8
87.8767,-59.7
87.88,-60.6
87.8833,-67.2
87.8867,-61.5
87.89,-63.3
87.8933,-58.5
87.8967,-61.8
87.9,-66.3
87.9033,-64.8
87.9067,-60.3
87.91,-62.1
87.9133,-62.7
87.9167,-63
87.92,-61.5
87.9233,-63.9
87.9267,-58.5
87.93,-59.1
87.9333,-58.2
87.9367,-65.4
87.94,-57
87.9433,-63.9
87.9467,-64.5
87.95,-57.6
87.9533,-65.1
87.9567,-62.1
87.96,-61.8
87.9633,-59.7
87.9667,-56.7
87.97,-60.3
87.9733,-49.8
87.9767,-62.1
87.98,-58.5
87.9833,-53.1
87.9867,-50.7
87.99,-70.2
87.9933,-63.6
87.9967,-63.9
88,-66.9
88.0033,-66.9
88.0067,-62.7
88.01,-54.3
88.0133,-60.3
88.0167,-63.9
88.02,-68.4
88.0233,-60.3
88.0267,-55.5
88.03,-70.5
88.0333,-60.9
88.0367,-66.3
88.04,-60.6
88.0433,-64.2
88.0467,-60.3
88.05,-65.7
88.0533,-62.1
88.0567,-67.2
88.06,-69.6
88.0633,-66.3
88.0667,-68.1
88.07,-66.9
88.0733,-63.3
88.0767,-69.3
88.08,-66.9
88.0833,-67.5
88.0867,-59.7
88.09,-65.4
88.0933,-67.8
88.0967,-72
88.1,-63.3
88.1033,-60.9
88.1067,-58.2
88.11,-65.7
88.1133,-64.2
88.1167,-63
88.12,-69
88.1233,-69
88.1267,-59.1
88.13,-67.8
88.1333,-66.9
88.1367,-68.7
88.14,-71.7
88.1433,-69
88.1467,-62.1
88.15,-69
88.1533,-74.1
88.1567,-68.7
88.16,-70.2
88.1633,-75
88.1667,-65.1
88.17,-69.3
88.1733,-66.9
88.1767,-71.1
88.18,-69.9
88.1833,-67.8
88.1867,-70.5
88.19,-65.4
88.1933,-71.7
88.1967,-64.8
88.2,-68.7
88.2033,-66.6
88.2067,-61.8
88.21,-63
88.2133,-72.6
88.2167,-69
88.22,-73.2
88.2233,-69.9
88.2267,-66.9
88.23,-68.4
88.2333,-69.3
88.2367,-75
88.24,-67.5
88.2433,-72
88.2467,-70.5
88.25,-66.9
88.2533,-70.8
88.2567,-73.2
88.26,-53.4
88.2633,-73.5
88.2667,-71.4
88.27,-63.6
88.2733,-59.1
88.2767,-72.9
88.28,-66
88.2833,-64.2
88.2867,-65.7
88.29,-78
88.2933,-61.2
88.2967,-78.3
88.3,-69
88.3033,-70.8
88.3067,-62.4
88.31,-75.3
88.3133,-68.4
88.3167,-75.9
88.32,-68.7
88.3233,-74.4
88.3267,-70.8
88.33,-69.9
88.3333,-71.1
88.3367,-75.9
88.34,-71.4
88.3433,-72.6
88.3467,-68.7
88.35,-71.4
88.3533,-72
88.3567,-74.4
88.36,-71.7
88.3633,-71.7
88.3667,-70.5
88.37,-75
88.3733,-68.4
88.3767,-73.8
88.38,-72
88.3833,-76.8
88.3867,-67.5
88.39,-76.2
88.3933,-60.6
88.3967,-74.1
88.4,-72.6
88.4033,-71.4
88.4067,-73.8
88.41,-71.1
88.4133,-72.9
88.4167,-74.4
88.42,-77.7
88.4233,-74.4
88.4267,-73.2
88.43,-68.4
88.4333,-69.6
88.4367,-74.1
88.44,-73.2
88.4433,-70.5
88.4467,-69
88.45,-68.1
88.4533,-64.8
88.4567,-76.2
88.46,-68.4
88.4633,-72.9
88.4667,-66.9
88.47,-69.3
88.4733,-68.1
88.4767,-65.1
88.48,-70.8
88.4833,-68.1
88.4867,-62.1
88.49,-70.2
88.4933,-70.2
88.4967,-69.9
88.5,-65.7
88.5033,-69
88.5067,-61.5
88.51,-65.7
88.5133,-67.5
88.5167,-70.5
88.52,-72
88.5233,-73.2
88.5267,-71.1
88.53,-69.9
88.5333,-69.9
88.5367,-78
88.54,-73.8
88.5433,-68.4
88.5467,-67.5
88.55,-68.1
88.5533,-63.6
88.5567,-76.8
88.56,-69.3
88.5633,-65.4
88.5667,-64.2
88.57,-69.6
88.5733,-74.1
88.5767,-74.7
88.58,-75.9
88.5833,-71.4
88.5867,-69.6
88.59,-73.8
88.5933,-74.7
88.5967,-73.5
88.6,-75.9
88.6033,-71.1
88.6067,-68.7
88.61,-71.7
88.6133,-69.9
88.6167,-71.7
88.62,-70.5
88.6233,-72.3
88.6267,-73.2
88.63,-66.3
88.6333,-63.9
88.6367,-68.7
88.64,-76.2
88.6433,-73.5
88.6467,-64.8
88.65,-62.4
88.6533,-59.7
88.6567,-72.3
88.66,-70.8
88.6633,-77.1
88.6667,-70.8
88.67,-67.5
88.6733,-71.4
88.6767,-72
88.68,-70.8
88.6833,-63.6
88.6867,-61.8
88.69,-72.9
88.6933,-65.1
88.6967,-74.7
88.7,-67.2
88.7033,-70.2
88.7067,-61.8
88.71,-63
88.7133,-62.7
88.7167,-70.2
88.72,-63.3
88.7233,-64.8
88.7267,-62.4
88.73,-60.3
88.7333,-60.6
88.7367,-68.1
88.74,-61.2
88.7433,-64.5
88.7467,-61.2
88.75,-68.4
88.7533,-63.9
88.7567,-67.2
88.76,-64.5
88.7633,-68.4
88.7667,-62.7
88.77,-58.5
88.7733,-59.7
88.7767,-61.2
88.78,-63.3
88.7833,-63.3
88.7867,-57.9
88.79,-60
88.7933,-61.2
88.7967,-64.8
88.8,-63.6
88.8033,-56.1
88.8067,-58.2
88.81,-60.9
88.8133,-62.1
88.8167,-62.4
88.82,-63.3
88.8233,-66.9
88.8267,-60
88.83,-54.3
88.8333,-47.1
88.8367,-66.6
88.84,-60.6
88.8433,-74.7
88.8467,-59.7
88.85,-68.7
88.8533,-59.7
88.8567,-67.2
88.86,-62.1
88.8633,-67.2
88.8667,-57.6
88.87,-66.3
88.8733,-60
88.8767,-64.8
88.88,-64.2
88.8833,-60
88.8867,-57
88.89,-62.1
88.8933,-57.9
88.8967,-63.9
88.9,-57.3
88.9033,-61.5
88.9067,-59.1
88.91,-60.9
88.9133,-59.1
88.9167,-65.7
88.92,-61.8
88.9233,-62.7
88.9267,-60.9
88.93,-65.4
88.9333,-66.6
88.9367,-57.6
88.94,-51.3
88.9433,-46.2
88.9467,-73.5
88.95,-62.7
88.9533,-68.7
88.9567,-61.2
88.96,-59.1
88.9633,-63.3
88.9667,-67.8
88.97,-57
88.9733,-67.2
88.9767,-72.9
88.98,-58.2
88.9833,-57.9
88.9867,-47.1
88.99,-69.3
88.9933,-68.1
88.9967,-66.9
89,-63.9
89.0033,-65.4
89.0067,-67.2
89.01,-65.4
89.0133,-67.8
89.0167,-69.6
89.02,-67.2
89.0233,-69
89.0267,-62.4
89.03,-61.5
89.0333,-64.2
89.0367,-64.5
89.04,-61.2
89.0433,-68.1
89.0467,-63.6
89.05,-62.4
89.0533,-67.2
89.0567,-66
89.06,-65.1
89.0633,-66.3
89.0667,-59.4
89.07,-62.7
89.0733,-66.3
89.0767,-64.2
89.08,-62.1
89.0833,-67.2
89.0867,-46.8
89.09,-62.4
89.0933,-66.9
89.0967,-66.9
89.1,-65.4
89.1033,-67.8
89.1067,-63.3
89.11,-65.4
89.1133,-60.9
89.1167,-63.3
89.12,-63.9
89.1233,-61.8
89.1267,-62.4
89.13,-68.1
89.1333,-63
89.1367,-68.1
89.14,-63.3
89.1433,-66
89.1467,-59.7
89.15,-64.8
89.1533,-62.7
89.1567,-65.4
89.16,-60.9
89.1633,-61.5
89.1667,-60.9
89.17,-57.6
89.1733,-61.8
89.1767,-60.6
89.18,-61.5
89.1833,-55.5
89.1867,-57
89.19,-61.2
89.1933,-57
89.1967,-56.1
89.2,-51.9
89.2033,-63.3
89.2067,-71.1
89.21,-63.9
89.2133,-56.1
89.2167,-56.1
89.22,-61.8
89.2233,-58.8
89.2267,-64.5
89.23,-64.8
89.2333,-57.3
89.2367,-60.3
89.24,-59.4
89.2433,-67.5
89.2467,-63.6
89.25,-66
89.2533,-64.2
89.2567,-65.1
89.26,-66.6
89.2633,-63.3
89.2667,-66
89.27,-70.5
89.2733,-64.5
89.2767,-66.6
89.28,-64.5
89.2833,-59.4
89.2867,-63.3
89.29,-62.1
89.2933,-60.6
89.2967,-64.8
89.3,-65.1
89.3033,-64.8
89.3067,-63.9
89.31,-63.6
89.3133,-65.7
89.3167,-70.2
89.32,-67.2
89.3233,-60.3
89.3267,-64.2
89.33,-55.5
89.3333,-68.7
89.3367,-65.1
89.34,-63.9
89.3433,-59.1
89.3467,-58.8
89.35,-56.7
89.3533,-63
89.3567,-75
89.36,-62.7
89.3633,-63.6
89.3667,-69.9
89.37,-65.1
89.3733,-60.9
89.3767,-63
89.38,-64.2
89.3833,-59.7
89.3867,-62.4
89.39,-55.5
89.3933,-58.8
89.3967,-68.4
89.4,-65.4
89.4033,-63.3
89.4067,-63.9
89.41,-63
89.4133,-63.6
89.4167,-65.1
89.42,-67.8
89.4233,-63
89.4267,-66
89.43,-62.4
89.4333,-64.8
89.4367,-63.6
89.44,-63.3
89.4433,-59.4
89.4467,-56.7
89.45,-64.5
89.4533,-59.4
89.4567,-64.2
89.46,-60.3
89.4633,-62.7
89.4667,-62.7
89.47,-60.3
89.4733,-64.2
89.4767,-65.4
89.48,-60
89.4833,-64.5
89.4867,-62.1
89.49,-61.5
89.4933,-58.8
89.4967,-60.3
89.5,-48
89.5033,-72.6
89.5067,-60.9
89.51,-67.2
89.5133,-60.3
89.5167,-67.5
89.52,-58.2
89.5233,-64.8
89.5267,-64.8
89.53,-63.3
89.5333,-64.2
89.5367,-66.9
89.54,-68.7
89.5433,-62.1
89.5467,-62.7
89.55,-54.3
89.5533,-60.9
89.5567,-70.2
89.56,-74.1
89.5633,-72
89.5667,-69.3
89.57,-63.3
89.5733,-67.5
89.5767,-71.1
89.58,-68.4
89.5833,-66.9
89.5867,-62.4
89.59,-66.6
89.5933,-73.2
89.5967,-66.9
89.6,-70.8
89.6033,-70.5
89.6067,-61.2
89.61,-61.8
89.6133,-63.6
89.6167,-61.2
89.62,-60
89.6233,-62.1
89.6267,-64.5
89.63,-65.4
89.6333,-60.6
89.6367,-67.2
89.64,-59.7
89.6433,-60.6
89.6467,-59.4
89.65,-73.5
89.6533,-69.9
89.6567,-71.1
89.66,-70.2
89.6633,-66
89.6667,-62.4
89.67,-61.2
89.6733,-64.8
89.6767,-67.2
89.68,-65.7
89.6833,-61.2
89.6867,-51
89.69,-63.9
89.6933,-65.7
89.6967,-67.2
89.7,-66.3
89.7033,-66.3
89.7067,-67.2
89.71,-63.9
89.7133,-65.4
89.7167,-65.7
89.72,-59.4
89.7233,-67.2
89.7267,-63.9
89.73,-67.8
89.7333,-63
89.7367,-67.8
89.74,-67.8
89.7433,-62.7
89.7467,-61.5
89.75,-64.2
89.7533,-67.2
89.7567,-66.3
89.76,-64.2
89.7633,-63
89.7667,-65.1
89.77,-62.1
89.7733,-69.9
89.7767,-64.5
89.78,-66
89.7833,-62.1
89.7867,-50.4
89.79,-64.8
89.7933,-64.2
89.7967,-67.8
89.8,-54.6
89.8033,-66.6
89.8067,-65.7
89.81,-67.8
89.8133,-67.2
89.8167,-70.2
89.82,-66
89.8233,-65.7
89.8267,-66
89.83,-69.9
89.8333,-69
89.8367,-68.1
89.84,-61.8
89.8433,-72.3
89.8467,-64.2
89.85,-67.8
89.8533,-62.1
89.8567,-71.7
89.86,-69
89.8633,-62.7
89.8667,-62.7
89.87,-65.1
89.8733,-67.5
89.8767,-69.3
89.88,-71.4
89.8833,-65.1
89.8867,-67.5
89.89,-66.9
89.8933,-69
89.8967,-71.1
89.9,-63.3
89.9033,-67.8
89.9067,-70.8
89.91,-67.8
89.9133,-65.4
89.9167,-61.5
89.92,-64.2
89.9233,-65.4
89.9267,-70.8
89.93,-71.7
89.9333,-59.4
89.9367,-72.3
89.94,-66
89.9433,-63.6
89.9467,-63.3
89.95,-68.4
89.9533,-72
89.9567,-66.3
89.96,-71.7
89.9633,-66
89.9667,-66.6
89.97,-66.9
89.9733,-71.1
89.9767,-70.8
89.98,-69.3
89.9833,-68.1
89.9867,-61.5
89.99,-66.3
89.9933,-67.5
89.9967,-75.3
90,-64.2
90.0033,-72
90.0067,-67.2
90.01,-74.4
90.0133,-66.3
90.0167,-69.9
90.02,-71.7
90.0233,-66
90.0267,-67.5
90.03,-67.2
90.0333,-69.6
90.0367,-67.5
90.04,-68.1
90.0433,-66.9
90.0467,-69.9
90.05,-65.1
90.0533,-71.1
90.0567,-68.4
90.06,-68.1
90.0633,-64.2
90.0667,-58.2
90.07,-64.8
90.0733,-80.7
90.0767,-66
90.08,-72
90.0833,-66.9
90.0867,-65.4
90.09,-66.6
90.0933,-59.4
90.0967,-72
90.1,-70.8
90.1033,-62.4
90.1067,-66.6
90.11,-65.7
90.1133,-71.7
90.1167,-68.4
90.12,-69.3
90.1233,-68.7
90.1267,-64.2
90.13,-68.7
90.1333,-67.2
90.1367,-76.5
90.14,-62.4
90.1433,-63
90.1467,-62.4
90.15,-69
90.1533,-66.9
90.1567,-74.4
90.16,-68.4
90.1633,-61.2
90.1667,-65.7
90.17,-60.6
90.1733,-67.2
90.1767,-65.4
90.18,-68.1
90.1833,-62.7
90.1867,-65.1
90.19,-65.1
90.1933,-62.7
90.1967,-64.5
90.2,-68.4
90.2033,-60.3
90.2067,-48.3
90.21,-56.1
90.2133,-62.7
90.2167,-69.3
90.22,-75.6
90.2233,-59.7
90.2267,-69
90.23,-62.4
90.2333,-70.2
90.2367,-65.1
90.24,-75
90.2433,-50.7
90.2467,-56.4
90.25,-81.6
90.2533,-60.9
90.2567,-67.2
90.26,-66.9
90.2633,-69.9
90.2667,-58.2
90.27,-59.1
90.2733,-62.4
90.2767,-60.9
90.28,-63
90.2833,-60
90.2867,-61.2
90.29,-63.9
90.2933,-56.1
90.2967,-61.5
90.3,-66
90.3033,-55.5
90.3067,-70.2
90.31,-60.3
90.3133,-62.7
90.3167,-66
90.32,-60.6
90.3233,-58.2
90.3267,-64.5
90.33,-59.4
90.3333,-66.6
90.3367,-60.9
90.34,-63.6
90.3433,-63
90.3467,-66.6
90.35,-61.8
90.3533,-67.5
90.3567,-61.2
90.36,-65.1
90.3633,-70.8
90.3667,-53.1
90.37,-65.4
90.3733,-76.2
90.3767,-66
90.38,-69.3
90.3833,-66.6
90.3867,-69
90.39,-74.7
90.3933,-64.5
90.3967,-63
90.4,-62.4
90.4033,-63
90.4067,-71.4
90.41,-61.8
90.4133,-63.9
90.4167,-64.8
90.42,-64.5
90.4233,-62.1
90.4267,-65.1
90.43,-66.3
90.4333,-65.1
90.4367,-63.3
90.44,-64.8
90.4433,-60.6
90.4467,-63.6
90.45,-62.7
90.4533,-69.3
90.4567,-63
90.46,-63.9
90.4633,-62.7
90.4667,-62.4
90.47,-62.7
90.4733,-66.3
90.4767,-67.8
90.48,-45.3
90.4833,-64.5
90.4867,-61.5
90.49,-65.4
90.4933,-61.8
90.4967,-68.1
90.5,-66
90.5033,-74.1
90.5067,-61.2
90.51,-65.4
90.5133,-70.5
90.5167,-65.7
90.52,-64.8
90.5233,-53.7
90.5267,-55.8
90.53,-71.1
90.5333,-67.8
90.5367,-65.7
90.54,-71.4
90.5433,-67.8
90.5467,-70.2
90.55,-71.1
90.5533,-66
90.5567,-70.2
90.56,-66
90.5633,-68.4
90.5667,-64.8
90.57,-70.5
90.5733,-66
90.5767,-63.6
90.58,-66.3
90.5833,-60.6
90.5867,-57.9
90.59,-61.5
90.5933,-63.3
90.5967,-61.5
90.6,-63
90.6033,-60.9
90.6067,-66
90.61,-58.8
90.6133,-66.3
90.6167,-64.5
90.62,-70.2
90.6233,-57.9
90.6267,-65.7
90.63,-64.2
90.6333,-63
90.6367,-55.8
90.64,-64.2
90.6433,-60.3
90.6467,-59.1
90.65,-56.4
90.6533,-74.4
90.6567,-67.5
90.66,-62.4
90.6633,-58.2
90.6667,-62.1
90.67,-59.1
90.6733,-56.7
90.6767,-57
90.68,-64.2
90.6833,-59.1
90.6867,-57.6
90.69,-60
90.6933,-65.1
90.6967,-67.2
90.7,-60.9
90.7033,-62.4
90.7067,-61.8
90.71,-61.8
90.7133,-65.4
90.7167,-61.2
90.72,-65.1
90.7233,-63
90.7267,-68.1
90.73,-61.2
90.7333,-62.7
90.7367,-61.8
90.74,-67.2
90.7433,-60.3
90.7467,-54.6
90.75,-68.4
90.7533,-61.2
90.7567,-74.1
90.76,-55.2
90.7633,-49.2
90.7667,-75.6
90.77,-65.7
90.7733,-70.8
90.7767,-69.9
90.78,-69.9
90.7833,-67.5
90.7867,-67.5
90.79,-62.7
90.7933,-66
90.7967,-60.6
90.8,-80.4
90.8033,-54.3
90.8067,-62.1
90.81,-69.3
90.8133,-69.6
90.8167,-70.8
90.82,-62.1
90.8233,-58.2
90.8267,-68.1
90.83,-66.9
90.8333,-66
90.8367,-66.3
90.84,-64.2
90.8433,-60.6
90.8467,-63.3
90.85,-62.7
90.8533,-63
90.8567,-60.9
90.86,-64.5
90.8633,-61.2
90.8667,-68.1
90.87,-61.5
90.8733,-67.2
90.8767,-69
90.88,-65.7
90.8833,-57.3
90.8867,-64.2
90.89,-62.1
90.8933,-67.8
90.8967,-60.6
90.9,-64.2
90.9033,-63.9
90.9067,-44.4
90.91,-59.4
90.9133,-66.3
90.9167,-71.1
90.92,-65.7
90.9233,-57.6
90.9267,-59.1
90.93,-64.2
90.9333,-61.2
90.9367,-62.7
90.94,-67.5
90.9433,-56.4
90.9467,-56.4
90.95,-61.5
90.9533,-62.1
90.9567,-62.1
90.96,-63.9
90.9633,-59.4
90.9667,-58.5
90.97,-52.8
90.9733,-66.3
90.9767,-69.6
90.98,-67.5
90.9833,-54.9
90.9867,-63.6
90.99,-58.5
90.9933,-66.9
90.9967,-63.9
91,-64.8
91.0033,-65.1
91.0067,-60.3
91.01,-61.2
91.0133,-61.8
91.0167,-61.2
91.02,-64.2
91.0233,-62.7
91.0267,-56.4
91.03,-60
91.0333,-62.4
91.0367,-68.7
91.04,-61.5
91.0433,-55.2
91.0467,-63
91.05,-62.1
91.0533,-57.6
91.0567,-60
91.06,-66.6
91.0633,-57.6
91.0667,-73.5
91.07,-68.7
91.0733,-72.6
91.0767,-64.8
91.08,-70.5
91.0833,-58.8
91.0867,-68.7
91.09,-63.3
91.0933,-67.8
91.0967,-60.9
91.1,-66.3
91.1033,-57
91.1067,-67.2
91.11,-74.1
91.1133,-66.9
91.1167,-61.5
91.12,-67.5
91.1233,-66
91.1267,-66.6
91.13,-63.9
91.1333,-66.3
91.1367,-61.2
91.14,-66
91.1433,-59.4
91.1467,-60.9
91.15,-68.1
91.1533,-69
91.1567,-66.3
91.16,-67.5
91.1633,-63.9
91.1667,-63.6
91.17,-62.4
91.1733,-64.8
91.1767,-71.4
91.18,-61.8
91.1833,-60.6
91.1867,-65.1
91.19,-58.8
91.1933,-65.7
91.1967,-70.8
91.2,-61.5
91.2033,-61.2
91.2067,-68.7
91.21,-73.2
91.2133,-65.7
91.2167,-64.5
91.22,-71.1
91.2233,-69.6
91.2267,-71.7
91.23,-65.4
91.2333,-64.8
91.2367,-64.5
91.24,-61.8
91.2433,-60.6
91.2467,-68.4
91.25,-60.6
91.2533,-66.6
91.2567,-66.3
91.26,-66
91.2633,-64.2
91.2667,-66.3
91.27,-65.7
91.2733,-66.9
91.2767,-64.5
91.28,-66.6
91.2833,-64.5
91.2867,-62.1
91.29,-61.5
91.2933,-66.3
91.2967,-62.4
91.3,-61.8
91.3033,-56.4
91.3067,-61.2
91.31,-57.6
91.3133,-64.8
91.3167,-62.7
91.32,-60.9
91.3233,-59.4
91.3267,-59.1
91.33,-60.6
91.3333,-63
91.3367,-57
91.34,-60
91.3433,-60.6
91.3467,-58.8
91.35,-65.1
91.3533,-69
91.3567,-59.7
91.36,-58.8
91.3633,-62.4
91.3667,-63
91.37,-58.5
91.3733,-64.8
91.3767,-59.1
91.38,-60.6
91.3833,-62.4
91.3867,-62.7
91.39,-62.7
91.3933,-65.4
91.3967,-62.1
91.4,-60.3
91.4033,-58.2
91.4067,-63.3
91.41,-54.3
91.4133,-64.8
91.4167,-60.9
91.42,-68.4
91.4233,-66
91.4267,-63.6
91.43,-62.1
91.4333,-64.5
91.4367,-62.4
91.44,-66.9
91.4433,-63.3
91.4467,-63.3
91.45,-65.7
91.4533,-72.6
91.4567,-61.2
91.46,-65.1
91.4633,-62.7
91.4667,-67.8
91.47,-63.9
91.4733,-74.1
91.4767,-60.9
91.48,-56.1
91.4833,-62.4
91.4867,-62.1
91.49,-59.4
91.4933,-69.9
91.4967,-66
91.5,-61.2
91.5033,-60
91.5067,-75.6
91.51,-63.3
91.5133,-69
91.5167,-67.2
91.52,-68.1
91.5233,-58.8
91.5267,-61.8
91.53,-67.8
91.5333,-60.6
91.5367,-64.2
91.54,-63.6
91.5433,-68.7
91.5467,-65.4
91.55,-63.9
91.5533,-67.5
91.5567,-69
91.56,-67.8
91.5633,-69.3
91.5667,-66.3
91.57,-64.2
91.5733,-69
91.5767,-67.2
91.58,-70.8
91.5833,-65.4
91.5867,-61.8
91.59,-67.5
91.5933,-65.4
91.5967,-67.5
91.6,-67.5
91.6033,-62.7
91.6067,-65.1
91.61,-62.4
91.6133,-69
91.6167,-66.6
91.62,-65.7
91.6233,-68.7
91.6267,-62.4
91.63,-67.5
91.6333,-76.8
91.6367,-60.6
91.64,-66
91.6433,-54.6
91.6467,-76.2
91.65,-75.3
91.6533,-72.3
91.6567,-65.7
91.66,-66.6
91.6633,-66.9
91.6667,-72.6
91.67,-72.6
91.6733,-76.5
91.6767,-70.5
91.68,-74.7
91.6833,-66
91.6867,-69
91.69,-71.1
91.6933,-74.1
91.6967,-63.6
91.7,-64.2
91.7033,-66.9
91.7067,-64.5
91.71,-68.4
91.7133,-66.3
91.7167,-65.4
91.72,-64.8
91.7233,-66
91.7267,-70.8
91.73,-65.4
91.7333,-68.4
91.7367,-62.4
91.74,-65.7
91.7433,-63
91.7467,-68.7
91.75,-60.3
91.7533,-56.4
91.7567,-64.2
91.76,-68.4
91.7633,-62.1
91.7667,-52.8
91.77,-70.2
91.7733,-69.9
91.7767,-69.6
91.78,-64.8
91.7833,-66
91.7867,-68.7
91.79,-67.2
91.7933,-64.5
91.7967,-63
91.8,-51.9
91.8033,-66.9
91.8067,-63.3
91.81,-77.7
91.8133,-72.9
91.8167,-68.1
91.82,-63
91.8233,-57
91.8267,-64.5
91.83,-62.4
91.8333,-67.2
91.8367,-67.5
91.84,-62.1
91.8433,-61.8
91.8467,-61.8
91.85,-66
91.8533,-59.4
91.8567,-63
91.86,-63
91.8633,-58.5
91.8667,-60.3
91.87,-61.5
91.8733,-68.1
91.8767,-61.8
91.88,-64.2
91.8833,-53.1
91.8867,-64.5
91.89,-62.7
91.8933,-64.8
91.8967,-62.1
91.9,-60.9
91.9033,-62.4
91.9067,-57.9
91.91,-56.4
91.9133,-61.5
91.9167,-56.7
91.92,-71.7
91.9233,-65.7
91.9267,-59.7
91.93,-67.2
91.9333,-57.6
91.9367,-68.7
91.94,-66.3
91.9433,-59.4
91.9467,-61.8
91.95,-58.5
91.9533,-70.8
91.9567,-65.7
91.96,-64.5
91.9633,-56.4
91.9667,-64.8
91.97,-66
91.9733,-63.3
91.9767,-64.2
91.98,-65.1
91.9833,-60
91.9867,-59.7
91.99,-68.4
91.9933,-59.7
91.9967,-63.3
92,-56.7
92.0033,-59.7
92.0067,-59.7
92.01,-61.8
92.0133,-59.4
92.0167,-61.8
92.02,-61.8
92.0233,-58.5
92.0267,-54.9
92.03,-60.3
92.0333,-57.3
92.0367,-51.9
92.04,-45.6
92.0433,-58.2
92.0467,-67.8
92.05,-55.2
92.0533,-63.3
92.0567,-65.7
92.06,-45.6
92.0633,-61.2
92.0667,-60
92.07,-62.4
92.0733,-61.2
92.0767,-62.1
92.08,-59.4
92.0833,-54.3
92.0867,-56.1
92.09,-63.3
92.0933,-67.5
92.0967,-60.6
92.1,-63
92.1033,-56.7
92.1067,-55.8
92.11,-57.3
92.1133,-59.4
92.1167,-55.5
92.12,-62.7
92.1233,-55.8
92.1267,-63.6
92.13,-60
92.1333,-54.3
92.1367,-61.2
92.14,-60.9
92.1433,-53.1
92.1467,-59.1
92.15,-63.3
92.1533,-60.6
92.1567,-55.2
92.16,-62.7
92.1633,-59.1
92.1667,-56.4
92.17,-58.8
92.1733,-60.6
92.1767,-59.7
92.18,-57.3
92.1833,-56.7
92.1867,-51.3
92.19,-56.1
92.1933,-49.5
92.1967,-66
92.2,-57
92.2033,-51.3
92.2067,-72
92.21,-57.9
92.2133,-65.1
92.2167,-54.9
92.22,-64.2
92.2233,-62.1
92.2267,-69
92.23,-65.4
92.2333,-67.2
92.2367,-63
92.24,-63
92.2433,-56.7
92.2467,-60.6
92.25,-60.9
92.2533,-62.7
92.2567,-60.9
92.26,-64.5
92.2633,-63.9
92.2667,-60.6
92.27,-64.2
92.2733,-65.1
92.2767,-64.5
92.28,-63.9
92.2833,-62.7
92.2867,-68.4
92.29,-60
92.2933,-66.3
92.2967,-62.4
92.3,-66.9
92.3033,-64.8
92.3067,-63.6
92.31,-63.9
92.3133,-63
92.3167,-61.2
92.32,-64.8
92.3233,-58.2
92.3267,-57.6
92.33,-48.3
92.3333,-70.8
92.3367,-62.4
92.34,-75.3
92.3433,-54.9
92.3467,-68.1
92.35,-66.3
92.3533,-70.5
92.3567,-75
92.36,-66.6
92.3633,-64.8
92.3667,-64.2
92.37,-68.4
92.3733,-53.1
92.3767,-62.1
92.38,-71.4
92.3833,-54.6
92.3867,-66.6
92.39,-60.9
92.3933,-61.8
92.3967,-66.3
92.4,-65.4
92.4033,-60.3
92.4067,-61.8
92.41,-63.3
92.4133,-63.9
92.4167,-60.3
92.42,-65.7
92.4233,-60
92.4267,-61.5
92.43,-60.3
92.4333,-62.7
92.4367,-59.7
92.44,-57.3
92.4433,-58.2
92.4467,-63
92.45,-63.3
92.4533,-64.5
92.4567,-58.8
92.46,-64.2
92.4633,-60.3
92.4667,-62.1
92.47,-61.5
92.4733,-57.3
92.4767,-66.6
92.48,-51.3
92.4833,-58.8
92.4867,-61.2
92.49,-74.7
92.4933,-67.8
92.4967,-68.1
92.5,-61.2
92.5033,-59.7
92.5067,-57.9
92.51,-63.3
92.5133,-68.1
92.5167,-65.4
92.52,-65.7
92.5233,-64.2
92.5267,-62.4
92.53,-63
92.5333,-67.5
92.5367,-68.7
92.54,-62.4
92.5433,-61.2
92.5467,-63.9
92.55,-61.8
92.5533,-62.7
92.5567,-63.3
92.56,-57.9
92.5633,-62.7
92.5667,-66.9
92.57,-58.2
92.5733,-64.2
92.5767,-69
92.58,-58.2
92.5833,-62.4
92.5867,-58.8
92.59,-65.4
92.5933,-63.9
92.5967,-63.9
92.6,-60
92.6033,-68.4
92.6067,-62.4
92.61,-63.6
92.6133,-61.2
92.6167,-59.1
92.62,-49.8
92.6233,-60
92.6267,-52.5
92.63,-63.3
92.6333,-54.9
92.6367,-69
92.64,-59.7
92.6433,-61.2
92.6467,-56.4
92.65,-62.1
92.6533,-59.4
92.6567,-55.5
92.66,-60
92.6633,-62.1
92.6667,-60.6
92.67,-63.3
92.6733,-61.5
92.6767,-59.4
92.68,-56.1
92.6833,-55.2
92.6867,-64.5
92.69,-63
92.6933,-61.5
92.6967,-57.3
92.7,-57
92.7033,-57.9
92.7067,-59.1
92.71,-62.4
92.7133,-55.2
92.7167,-60.6
92.72,-60.3
92.7233,-61.8
92.7267,-62.4
92.73,-61.8
92.7333,-63.9
92.7367,-63.6
92.74,-56.1
92.7433,-61.2
92.7467,-51.6
92.75,-62.1
92.7533,-58.8
92.7567,-57.9
92.76,-55.5
92.7633,-55.5
92.7667,-53.1
92.77,-66.3
92.7733,-50.7
92.7767,-63.9
92.78,-54.9
92.7833,-66.6
92.7867,-58.8
92.79,-63.9
92.7933,-60.6
92.7967,-63.3
92.8,-62.1
92.8033,-61.8
92.8067,-58.5
92.81,-62.7
92.8133,-59.4
92.8167,-58.8
92.82,-60.6
92.8233,-60
92.8267,-54.6
92.83,-55.8
92.8333,-62.1
92.8367,-59.1
92.84,-57.3
92.8433,-55.2
92.8467,-61.2
92.85,-59.7
92.8533,-61.5
92.8567,-62.7
92.86,-57.3
92.8633,-58.2
92.8667,-63.9
92.87,-64.5
92.8733,-60.3
92.8767,-63
92.88,-60.6
92.8833,-55.5
92.8867,-52.2
92.89,-63.9
92.8933,-64.2
92.8967,-69.6
92.9,-53.7
92.9033,-59.1
92.9067,-63
92.91,-65.1
92.9133,-58.5
92.9167,-69
92.92,-57.9
92.9233,-57.9
92.9267,-64.2
92.93,-68.7
92.9333,-62.1
92.9367,-59.7
92.94,-59.7
92.9433,-62.1
92.9467,-61.2
92.95,-67.8
92.9533,-59.1
92.9567,-63.3
92.96,-57.6
92.9633,-64.5
92.9667,-59.4
92.97,-68.7
92.9733,-58.8
92.9767,-64.5
92.98,-55.8
92.9833,-60.3
92.9867,-58.8
92.99,-62.4
92.9933,-57.9
92.9967,-60.9
93,-60.9
93.0033,-58.8
93.0067,-58.8
93.01,-62.1
93.0133,-58.8
93.0167,-61.8
93.02,-57.6
93.0233,-58.2
93.0267,-61.8
93.03,-59.1
93.0333,-58.5
93.0367,-60.3
93.04,-47.1
93.0433,-58.8
93.0467,-59.7
93.05,-65.1
93.0533,-54
93.0567,-59.1
93.06,-60
93.0633,-56.7
93.0667,-60.9
93.07,-61.5
93.0733,-55.2
93.0767,-61.2
93.08,-57.6
93.0833,-61.8
93.0867,-44.7
93.09,-57.3
93.0933,-61.2
93.0967,-65.1
93.1,-62.1
93.1033,-67.2
93.1067,-58.8
93.11,-60.6
93.1133,-59.7
93.1167,-58.5
93.12,-56.4
93.1233,-60.3
93.1267,-61.2
93.13,-65.4
93.1333,-61.5
93.1367,-63
93.14,-60
93.1433,-60.9
93.1467,-59.1
93.15,-58.5
93.1533,-59.1
93.1567,-61.5
93.16,-59.4
93.1633,-57
93.1667,-56.7
93.17,-64.2
93.1733,-62.1
93.1767,-67.8
93.18,-48.6
93.1833,-57
93.1867,-56.7
93.19,-73.8
93.1933,-64.8
93.1967,-69.6
93.2,-49.5
93.2033,-56.4
93.2067,-62.7
93.21,-66.3
93.2133,-65.7
93.2167,-66.3
93.22,-60.3
93.2233,-63.9
93.2267,-63.9
93.23,-69.3
93.2333,-65.4
93.2367,-63.6
93.24,-62.1
93.2433,-63.3
93.2467,-59.7
93.25,-64.2
93.2533,-64.8
93.2567,-62.4
93.26,-60.9
93.2633,-63.6
93.2667,-59.7
93.27,-61.5
93.2733,-59.7
93.2767,-67.5
93.28,-60.3
93.2833,-64.5
93.2867,-56.7
93.29,-59.4
93.2933,-57.6
93.2967,-71.4
93.3,-55.8
93.3033,-58.5
93.3067,-54.9
93.31,-59.1
93.3133,-58.8
93.3167,-63.3
93.32,-64.5
93.3233,-51.6
93.3267,-57.3
93.33,-48.3
93.3333,-57.6
93.3367,-71.7
93.34,-57.9
93.3433,-60
93.3467,-64.2
93.35,-63.9
93.3533,-60.9
93.3567,-59.4
93.36,-50.7
93.3633,-59.1
93.3667,-59.4
93.37,-58.2
93.3733,-57
93.3767,-58.2
93.38,-57.3
93.3833,-56.4
93.3867,-48
93.39,-54
93.3933,-59.4
93.3967,-55.5
93.4,-50.4
93.4033,-62.4
93.4067,-57
93.41,-57
93.4133,-60.6
93.4167,-57
93.42,-54
93.4233,-54.6
93.4267,-55.8
93.43,-59.7
93.4333,-54.9
93.4367,-51.9
93.44,-49.8
93.4433,-55.5
93.4467,-45.6
93.45,-54
93.4533,-51.9
93.4567,-51.9
93.46,-52.2
93.4633,-50.1
93.4667,-50.1
93.47,-59.1
93.4733,-50.1
93.4767,-54.9
93.48,-44.7
93.4833,-54.9
93.4867,-53.7
93.49,-65.4
93.4933,-53.7
93.4967,-61.5
93.5,-47.7
93.5033,-52.5
93.5067,-53.7
93.51,-59.7
93.5133,-57.6
93.5167,-51
93.52,-56.7
93.5233,-59.7
93.5267,-56.1
93.53,-61.5
93.5333,-58.5
93.5367,-62.7
93.54,-53.4
93.5433,-60.3
93.5467,-57
93.55,-58.2
93.5533,-56.7
93.5567,-56.1
93.56,-57
93.5633,-51
93.5667,-55.5
93.57,-60
93.5733,-58.8
93.5767,-57.6
93.58,-59.7
93.5833,-62.1
93.5867,-56.1
93.59,-57.3
93.5933,-52.2
93.5967,-66.9
93.6,-51.6
93.6033,-68.4
93.6067,-58.8
93.61,-70.8
93.6133,-55.5
93.6167,-62.1
93.62,-52.8
93.6233,-61.2
93.6267,-52.5
93.63,-67.8
93.6333,-61.8
93.6367,-53.1
93.64,-54.6
93.6433,-61.5
93.6467,-60.9
93.65,-58.2
93.6533,-58.8
93.6567,-62.7
93.66,-64.8
93.6633,-63.9
93.6667,-60.3
93.67,-62.4
93.6733,-61.5
93.6767,-63.3
93.68,-58.5
93.6833,-60
93.6867,-58.2
93.69,-64.8
93.6933,-65.1
93.6967,-59.1
93.7,-54
93.7033,-65.1
93.7067,-61.8
93.71,-61.8
93.7133,-66
93.7167,-63.9
93.72,-61.5
93.7233,-56.1
93.7267,-55.2
93.73,-60
93.7333,-75.3
93.7367,-61.8
93.74,-63
93.7433,-52.2
93.7467,-65.1
93.75,-65.7
93.7533,-68.4
93.7567,-61.8
93.76,-61.8
93.7633,-63.3
93.7667,-66.9
93.77,-65.1
93.7733,-48.9
93.7767,-73.2
93.78,-69
93.7833,-67.8
93.7867,-61.8
93.79,-69
93.7933,-64.8
93.7967,-65.1
93.8,-66.6
93.8033,-66.6
93.8067,-71.7
93.81,-71.4
93.8133,-69.9
93.8167,-69.3
93.82,-67.2
93.8233,-65.4
93.8267,-69
93.83,-68.4
93.8333,-69
93.8367,-66.9
93.84,-66.6
93.8433,-68.4
93.8467,-68.4
93.85,-64.2
93.8533,-69.9
93.8567,-63.6
93.86,-65.4
93.8633,-70.8
93.8667,-61.2
93.87,-67.2
93.8733,-68.1
93.8767,-61.2
93.88,-54.9
93.8833,-66
93.8867,-65.4
93.89,-66.9
93.8933,-60.6
93.8967,-63
93.9,-63.3
93.9033,-65.4
93.9067,-63
93.91,-63.3
93.9133,-57.6
93.9167,-59.1
93.92,-58.8
93.9233,-62.4
93.9267,-64.8
93.93,-64.2
93.9333,-55.5
93.9367,-69.9
93.94,-54.6
93.9433,-62.1
93.9467,-62.4
93.95,-67.5
93.9533,-62.4
93.9567,-66.3
93.96,-57
93.9633,-62.4
93.9667,-59.1
93.97,-65.4
93.9733,-60
93.9767,-60.3
93.98,-55.8
93.9833,-55.2
93.9867,-52.8
93.99,-57.3
93.9933,-63.9
93.9967,-53.1
94,-62.7
94.0033,-46.5
94.0067,-51
94.01,-62.1
94.0133,-51.6
94.0167,-53.1
94.02,-63.3
94.0233,-54.3
94.0267,-56.7
94.03,-58.2
94.0333,-59.1
94.0367,-60
94.04,-56.7
94.0433,-53.4
94.0467,-61.5
94.05,-60.3
94.0533,-57.6
94.0567,-54.3
94.06,-54.6
94.0633,-55.8
94.0667,-61.8
94.07,-62.1
94.0733,-64.2
94.0767,-58.2
94.08,-55.2
94.0833,-57.9
94.0867,-64.5
94.09,-60
94.0933,-64.2
94.0967,-60
94.1,-60.3
94.1033,-61.2
94.1067,-63.3
94.11,-66.9
94.1133,-63.9
94.1167,-60.3
94.12,-59.4
94.1233,-60.6
94.1267,-61.2
94.13,-60.9
94.1333,-61.5
94.1367,-58.8
94.14,-55.8
94.1433,-57.9
94.1467,-57.6
94.15,-66.9
94.1533,-56.1
94.1567,-52.2
94.16,-62.1
94.1633,-49.2
94.1667,-51
94.17,-73.8
94.1733,-63
94.1767,-62.1
94.18,-61.5
94.1833,-60.3
94.1867,-58.8
94.19,-54.3
94.1933,-63.3
94.1967,-60.9
94.2,-63
94.2033,-51.3
94.2067,-68.4
94.21,-60
94.2133,-60.6
94.2167,-60.3
94.22,-56.7
94.2233,-60.6
94.2267,-59.7
94.23,-62.1
94.2333,-61.5
94.2367,-60.3
94.24,-58.5
94.2433,-59.1
94.2467,-57.3
94.25,-59.1
94.2533,-64.2
94.2567,-56.1
94.26,-53.4
94.2633,-54.6
94.2667,-51.6
94.27,-65.1
94.2733,-60.9
94.2767,-56.7
94.28,-55.8
94.2833,-54.6
94.2867,-54
94.29,-57.9
94.2933,-66.3
94.2967,-50.1
94.3,-54.6
94.3033,-54.3
94.3067,-69.3
94.31,-61.2
94.3133,-61.5
94.3167,-56.4
94.32,-56.1
94.3233,-57.3
94.3267,-60
94.33,-58.5
94.3333,-59.7
94.3367,-50.1
94.34,-51.3
94.3433,-59.4
94.3467,-56.1
94.35,-68.7
94.3533,-58.5
94.3567,-59.1
94.36,-52.8
94.3633,-56.7
94.3667,-62.4
94.37,-62.1
94.3733,-58.2
94.3767,-60
94.38,-59.4
94.3833,-56.7
94.3867,-60
94.39,-63
94.3933,-60.3
94.3967,-59.4
94.4,-56.4
94.4033,-61.5
94.4067,-64.5
94.41,-60.6
94.4133,-60.3
94.4167,-57.6
94.42,-58.2
94.4233,-59.7
94.4267,-56.1
94.43,-60.9
94.4333,-60.3
94.4367,-54.6
94.44,-54
94.4433,-45.9
94.4467,-56.4
94.45,-63.9
94.4533,-67.2
94.4567,-58.8
94.46,-59.7
94.4633,-59.4
94.4667,-52.5
94.47,-62.4
94.4733,-70.8
94.4767,-54.9
94.48,-63.3
94.4833,-63
94.4867,-67.2
94.49,-58.2
94.4933,-57.3
94.4967,-59.4
94.5,-52.8
94.5033,-57.6
94.5067,-64.5
94.51,-63.3
94.5133,-64.8
94.5167,-60
94.52,-57.9
94.5233,-58.2
94.5267,-61.5
94.53,-61.2
94.5333,-61.8
94.5367,-61.5
94.54,-59.1
94.5433,-61.5
94.5467,-58.5
94.55,-62.7
94.5533,-65.4
94.5567,-59.1
94.56,-57.6
94.5633,-60.3
94.5667,-64.8
94.57,-50.1
94.5733,-53.1
94.5767,-64.2
94.58,-65.4
94.5833,-56.1
94.5867,-63.9
94.59,-56.1
94.5933,-51.3
94.5967,-76.2
94.6,-57
94.6033,-63.9
94.6067,-61.5
94.61,-68.1
94.6133,-66.9
94.6167,-57.6
94.62,-59.7
94.6233,-60.6
94.6267,-60
94.63,-60.3
94.6333,-72.6
94.6367,-66
94.64,-60.3
94.6433,-64.5
94.6467,-66.6
94.65,-64.2
94.6533,-68.7
94.6567,-66.6
94.66,-61.8
94.6633,-63
94.6667,-66.6
94.67,-66.9
94.6733,-66.6
94.6767,-66.3
94.68,-70.8
94.6833,-63.3
94.6867,-62.7
94.69,-73.5
94.6933,-67.8
94.6967,-57
94.7,-67.2
94.7033,-67.5
94.7067,-68.4
94.71,-68.4
94.7133,-64.8
94.7167,-60
94.72,-59.4
94.7233,-65.4
94.7267,-64.8
94.73,-69.9
94.7333,-71.4
94.7367,-67.8
94.74,-62.4
94.7433,-59.1
94.7467,-69
94.75,-63.9
94.7533,-75.3
94.7567,-67.2
94.76,-60.6
94.7633,-68.7
94.7667,-67.8
94.77,-67.8
94.7733,-71.1
94.7767,-59.7
94.78,-66.3
94.7833,-66
94.7867,-66
94.79,-68.1
94.7933,-64.5
94.7967,-64.5
94.8,-61.8
94.8033,-63.3
94.8067,-64.2
94.81,-63.9
94.8133,-61.5
94.8167,-65.4
94.82,-57.3
94.8233,-64.2
94.8267,-64.2
94.83,-71.7
94.8333,-62.7
94.8367,-64.8
94.84,-63
94.8433,-60.6
94.8467,-63
94.85,-61.8
94.8533,-66.9
94.8567,-67.5
94.86,-58.5
94.8633,-61.2
94.8667,-71.1
94.87,-63.6
94.8733,-72
94.8767,-67.8
94.88,-60.3
94.8833,-63.9
94.8867,-69.3
94.89,-69.9
94.8933,-67.2
94.8967,-60.6
94.9,-56.7
94.9033,-66.9
94.9067,-57
94.91,-71.7
94.9133,-71.4
94.9167,-63
94.92,-57.9
94.9233,-61.5
94.9267,-64.8
94.93,-65.7
94.9333,-62.7
94.9367,-62.1
94.94,-63
94.9433,-62.1
94.9467,-67.8
94.95,-65.4
94.9533,-62.1
94.9567,-58.8
94.96,-57.9
94.9633,-66.3
94.9667,-60.9
94.97,-65.4
94.9733,-64.5
94.9767,-60.6
94.98,-55.5
94.9833,-59.1
94.9867,-63.9
94.99,-63.6
94.9933,-68.7
94.9967,-64.8
95,-59.1
95.0033,-58.8
95.0067,-64.2
95.01,-75
95.0133,-65.7
95.0167,-69
95.02,-59.7
95.0233,-61.2
95.0267,-67.2
95.03,-68.7
95.0333,-66.3
95.0367,-62.1
95.04,-59.1
95.0433,-66.9
95.0467,-63.9
95.05,-60
95.0533,-60.6
95.0567,-72.6
95.06,-67.2
95.0633,-66.6
95.0667,-69.6
95.07,-69.6
95.0733,-70.2
95.0767,-63.3
95.08,-65.1
95.0833,-63.3
95.0867,-68.7
95.09,-65.1
95.0933,-71.4
95.0967,-60.6
95.1,-60.6
95.1033,-64.8
95.1067,-69.6
95.11,-62.7
95.1133,-66.9
95.1167,-63.6
95.12,-69
95.1233,-59.4
95.1267,-63.3
95.13,-66
95.1333,-64.8
95.1367,-55.5
95.14,-59.1
95.1433,-59.1
95.1467,-69.9
95.15,-66.9
95.1533,-52.8
95.1567,-66.9
95.16,-70.8
95.1633,-63
95.1667,-68.4
95.17,-64.5
95.1733,-66.6
95.1767,-58.8
95.18,-64.5
95.1833,-58.2
95.1867,-72
95.19,-62.7
95.1933,-70.8
95.1967,-54
95.2,-65.4
95.2033,-62.7
95.2067,-66.9
95.21,-67.2
95.2133,-70.8
95.2167,-67.8
95.22,-68.7
95.2233,-66
95.2267,-66
95.23,-68.1
95.2333,-65.1
95.2367,-65.1
95.24,-71.4
95.2433,-67.8
95.2467,-64.8
95.25,-66.3
95.2533,-66
95.2567,-65.7
95.26,-69.3
95.2633,-62.4
95.2667,-62.4
95.27,-67.8
95.2733,-69
95.2767,-72.6
95.28,-72.6
95.2833,-63.6
95.2867,-66
95.29,-65.7
95.2933,-45.6
95.2967,-77.7
95.3,-73.8
95.3033,-62.4
95.3067,-68.4
95.31,-73.5
95.3133,-70.2
95.3167,-68.7
95.32,-68.1
95.3233,-67.8
95.3267,-68.1
95.33,-63.6
95.3333,-65.1
95.3367,-68.4
95.34,-65.1
95.3433,-58.5
95.3467,-71.4
95.35,-66.6
95.3533,-66.6
95.3567,-65.1
95.36,-72.6
95.3633,-61.8
95.3667,-66.3
95.37,-69
95.3733,-63.9
95.3767,-58.5
95.38,-54.3
95.3833,-63.6
95.3867,-66.6
95.39,-70.8
95.3933,-61.8
95.3967,-61.2
95.4,-64.2
95.4033,-59.7
95.4067,-66
95.41,-61.8
95.4133,-60.3
95.4167,-60.3
95.42,-60.6
95.4233,-63.3
95.4267,-64.8
95.43,-64.8
95.4333,-65.1
95.4367,-69.9
95.44,-69.9
95.4433,-72.9
95.4467,-64.5
95.45,-66.3
95.4533,-66.9
95.4567,-68.4
95.46,-67.5
95.4633,-69.9
95.4667,-65.7
95.47,-68.7
95.4733,-72.3
95.4767,-70.2
95.48,-72
95.4833,-64.5
95.4867,-66.3
95.49,-71.4
95.4933,-66.3
95.4967,-66.9
95.5,-67.8
95.5033,-65.7
95.5067,-70.8
95.51,-69
95.5133,-71.4
95.5167,-65.7
95.52,-66.9
95.5233,-67.8
95.5267,-69.9
95.53,-66
95.5333,-69
95.5367,-67.2
95.54,-68.7
95.5433,-67.2
95.5467,-70.8
95.55,-65.7
95.5533,-68.7
95.5567,-62.1
95.56,-69.3
95.5633,-62.1
95.5667,-69
95.57,-68.4
95.5733,-64.5
95.5767,-54.3
95.58,-68.4
95.5833,-67.8
95.5867,-61.2
95.59,-73.8
95.5933,-62.7
95.5967,-64.8
95.6,-65.7
95.6033,-62.1
95.6067,-68.7
95.61,-62.4
95.6133,-63.6
95.6167,-58.5
95.62,-65.4
95.6233,-59.1
95.6267,-62.4
95.63,-64.5
95.6333,-64.8
95.6367,-57.6
95.64,-66.3
95.6433,-59.7
95.6467,-68.1
95.65,-60.6
95.6533,-62.4
95.6567,-57.6
95.66,-60
95.6633,-66
95.6667,-58.8
95.67,-63.6
95.6733,-64.2
95.6767,-62.7
95.68,-65.4
95.6833,-60.3
95.6867,-65.7
95.69,-61.2
95.6933,-63.3
95.6967,-62.7
95.7,-60.9
95.7033,-59.1
95.7067,-54
95.71,-49.2
95.7133,-74.1
95.7167,-51
95.72,-55.2
95.7233,-55.8
95.7267,-66.3
95.73,-57.9
95.7333,-52.5
95.7367,-66
95.74,-60.3
95.7433,-62.4
95.7467,-64.8
95.75,-53.1
95.7533,-65.7
95.7567,-61.5
95.76,-62.1
95.7633,-57
95.7667,-62.4
95.77,-65.7
95.7733,-64.5
95.7767,-58.5
95.78,-60.3
95.7833,-54.9
95.7867,-65.4
95.79,-59.4
95.7933,-60.6
95.7967,-58.2
95.8,-52.2
95.8033,-57
95.8067,-60.6
95.81,-54.9
95.8133,-59.7
95.8167,-58.2
95.82,-57
95.8233,-52.2
95.8267,-57.6
95.83,-56.4
95.8333,-63.3
95.8367,-54
95.84,-56.4
95.8433,-48
95.8467,-75.3
95.85,-57.3
95.8533,-61.2
95.8567,-54.6
95.86,-62.4
95.8633,-63
95.8667,-67.2
95.87,-63.6
95.8733,-63.6
95.8767,-62.7
95.88,-56.1
95.8833,-59.7
95.8867,-62.1
95.89,-62.1
95.8933,-60
95.8967,-56.4
95.9,-61.8
95.9033,-55.2
95.9067,-60.6
95.91,-53.4
95.9133,-57
95.9167,-57.9
95.92,-56.7
95.9233,-56.1
95.9267,-64.8
95.93,-61.2
95.9333,-63.6
95.9367,-56.4
95.94,-60.6
95.9433,-56.4
95.9467,-61.2
95.95,-60.3
95.9533,-61.8
95.9567,-53.7
95.96,-56.7
95.9633,-53.4
95.9667,-56.1
95.97,-54.3
95.9733,-66
95.9767,-52.8
95.98,-48
95.9833,-48.9
95.9867,-58.8
95.99,-57.6
95.9933,-66.9
95.9967,-56.4
96,-55.2
96.0033,-61.8
96.0067,-57.9
96.01,-61.5
96.0133,-55.2
96.0167,-59.1
96.02,-55.2
96.0233,-55.2
96.0267,-61.8
96.03,-57.6
96.0333,-63.9
96.0367,-53.4
96.04,-54.6
96.0433,-52.2
96.0467,-65.1
96.05,-65.1
96.0533,-61.2
96.0567,-54.9
96.06,-59.4
96.0633,-54.9
96.0667,-58.5
96.07,-57.6
96.0733,-56.4
96.0767,-53.7
96.08,-55.8
96.0833,-58.5
96.0867,-60.3
96.09,-57
96.0933,-53.7
96.0967,-58.5
96.1,-54.9
96.1033,-56.7
96.1067,-59.7
96.11,-59.1
96.1133,-54.3
96.1167,-56.7
96.12,-56.7
96.1233,-52.5
96.1267,-55.8
96.13,-45.3
96.1333,-58.8
96.1367,-47.7
96.14,-60.6
96.1433,-51
96.1467,-60.3
96.15,-61.5
96.1533,-50.1
96.1567,-48.6
96.16,-54.9
96.1633,-54.9
96.1667,-53.1
96.17,-54.3
96.1733,-54.9
96.1767,-52.2
96.18,-52.5
96.1833,-54
96.1867,-54.6
96.19,-50.7
96.1933,-54.3
96.1967,-48.3
96.2,-46.2
96.2033,-49.8
96.2067,-57.3
96.21,-46.5
96.2133,-57.6
96.2167,-45
96.22,-54.9
96.2233,-52.8
96.2267,-56.1
96.23,-57.6
96.2333,-55.2
96.2367,-54.6
96.24,-51.9
96.2433,-52.8
96.2467,-59.4
96.25,-54.9
96.2533,-57.6
96.2567,-54.6
96.26,-55.2
96.2633,-51.9
96.2667,-60.3
96.27,-49.2
96.2733,-51.3
96.2767,-52.2
96.28,-51.9
96.2833,-53.4
96.2867,-55.2
96.29,-62.7
96.2933,-58.8
96.2967,-52.5
96.3,-57
96.3033,-55.8
96.3067,-54.6
96.31,-58.5
96.3133,-54.3
96.3167,-56.4
96.32,-54.6
96.3233,-61.5
96.3267,-56.7
96.33,-55.5
96.3333,-59.1
96.3367,-51.6
96.34,-59.1
96.3433,-52.8
96.3467,-56.1
96.35,-51.6
96.3533,-54.6
96.3567,-52.8
96.36,-54.3
96.3633,-48.9
96.3667,-57.3
96.37,-55.5
96.3733,-56.1
96.3767,-51.3
96.38,-54.9
96.3833,-52.2
96.3867,-55.5
96.39,-50.7
96.3933,-51.3
96.3967,-49.5
96.4,-52.8
96.4033,-46.8
96.4067,-56.1
96.41,-47.7
96.4133,-56.7
96.4167,-45.9
96.42,-40.5
96.4233,-42.9
96.4267,-72.6
96.43,-43.2
96.4333,-53.1
96.4367,-51.9
96.44,-50.4
96.4433,-56.4
96.4467,-53.4
96.45,-52.8
96.4533,-49.2
96.4567,-49.2
96.46,-50.7
96.4633,-49.2
96.4667,-51.6
96.47,-51.6
96.4733,-50.7
96.4767,-50.1
96.48,-47.1
96.4833,-44.7
96.4867,-48.3
96.49,-45.9
96.4933,-44.7
96.4967,-48.3
96.5,-46.8
96.5033,-47.1
96.5067,-47.4
96.51,-50.4
96.5133,-51
96.5167,-49.2
96.52,-47.1
96.5233,-46.8
96.5267,-51.3
96.53,-45.6
96.5333,-46.8
96.5367,-48
96.54,-44.1
96.5433,-46.8
96.5467,-45.9
96.55,-49.8
96.5533,-34.5
96.5567,-45.6
96.56,-60
96.5633,-58.5
96.5667,-51.6
96.57,-48
96.5733,-51
96.5767,-45.3
96.58,-45.9
96.5833,-46.2
96.5867,-57.3
96.59,-39.6
96.5933,-48.6
96.5967,-45.9
96.6,-50.7
96.6033,-51.3
96.6067,-55.2
96.61,-50.4
96.6133,-45.3
96.6167,-45.9
96.62,-47.7
96.6233,-44.1
96.6267,-53.4
96.63,-54.6
96.6333,-43.8
96.6367,-42
96.64,-42
96.6433,-41.1
96.6467,-46.5
96.65,-47.1
96.6533,-41.1
96.6567,-41.4
96.66,-45.6
96.6633,-44.4
96.6667,-47.7
96.67,-44.4
96.6733,-43.8
96.6767,-39.9
96.68,-46.5
96.6833,-45.3
96.6867,-48.3
96.69,-42.6
96.6933,-45.9
96.6967,-43.8
96.7,-46.5
96.7033,-34.8
96.7067,-45
96.71,-39
96.7133,-46.5
96.7167,-45.6
96.72,-41.1
96.7233,-35.7
96.7267,-42.3
96.73,-40.2
96.7333,-47.1
96.7367,-45.9
96.74,-44.1
96.7433,-47.1
96.7467,-45.6
96.75,-44.7
96.7533,-44.4
96.7567,-41.1
96.76,-43.8
96.7633,-39.9
96.7667,-45.3
96.77,-46.5
96.7733,-49.2
96.7767,-45.6
96.78,-45.9
96.7833,-46.2
96.7867,-46.2
96.79,-46.2
96.7933,-44.1
96.7967,-52.2
96.8,-39
96.8033,-45.9
96.8067,-43.5
96.81,-47.1
96.8133,-42
96.8167,-44.4
96.82,-41.7
96.8233,-42.9
96.8267,-45
96.83,-46.2
96.8333,-39.3
96.8367,-42.6
96.84,-37.5
96.8433,-36.6
96.8467,-42.9
96.85,-42.3
96.8533,-29.4
96.8567,-42.3
96.86,-44.7
96.8633,-41.4
96.8667,-46.2
96.87,-45
96.8733,-43.5
96.8767,-29.7
96.88,-43.8
96.8833,-48.6
96.8867,-40.2
96.89,-43.5
96.8933,-44.1
96.8967,-48.6
96.9,-41.1
96.9033,-43.8
96.9067,-45
96.91,-46.5
96.9133,-42.9
96.9167,-41.1
96.92,-43.8
96.9233,-42.3
96.9267,-43.2
96.93,-41.4
96.9333,-45.6
96.9367,-38.4
96.94,-44.1
96.9433,-40.5
96.9467,-50.1
96.95,-37.5
96.9533,-41.4
96.9567,-41.4
96.96,-44.4
96.9633,-39.3
96.9667,-39.6
96.97,-41.7
96.9733,-43.8
96.9767,-37.2
96.98,-30.9
96.9833,-47.1
96.9867,-33.3
96.99,-39
96.9933,-52.8
96.9967,-39.6
97,-39.9
97.0033,-40.8
97.0067,-41.7
97.01,-51.6
97.0133,-34.2
97.0167,-44.4
97.02,-40.5
97.0233,-45.3
97.0267,-43.5
97.03,-45.3
97.0333,-43.2
97.0367,-36.9
97.04,-32.1
97.0433,-42
97.0467,-39.6
97.05,-39.6
97.0533,-40.8
97.0567,-36
97.06,-39.3
97.0633,-38.7
97.0667,-42.6
97.07,-39.3
97.0733,-36.6
97.0767,-34.5
97.08,-36.3
97.0833,-44.7
97.0867,-36.3
97.09,-43.2
97.0933,-35.1
97.0967,-36.9
97.1,-39.9
97.1033,-36.6
97.1067,-38.7
97.11,-42.6
97.1133,-38.4
97.1167,-35.7
97.12,-40.5
97.1233,-38.7
97.1267,-43.2
97.13,-39
97.1333,-33.9
97.1367,-31.2
97.14,-26.1
97.1433,-36
97.1467,-35.1
97.15,-30
97.1533,-40.2
97.1567,-42.6
97.16,-37.2
97.1633,-39.9
97.1667,-39.9
97.17,-39.3
97.1733,-42.6
97.1767,-39.9
97.18,-39.3
97.1833,-37.2
97.1867,-38.1
97.19,-37.8
97.1933,-33
97.1967,-33.9
97.2,-34.5
97.2033,-44.1
97.2067,-35.1
97.21,-40.8
97.2133,-34.8
97.2167,-33.6
97.22,-33.6
97.2233,-34.8
97.2267,-38.7
97.23,-35.1
97.2333,-32.4
97.2367,-32.4
97.24,-31.2
97.2433,-33
97.2467,-37.8
97.25,-37.5
97.2533,-29.4
97.2567,-39
97.26,-36.9
97.2633,-35.1
97.2667,-31.8
97.27,-38.4
97.2733,-27.6
97.2767,-34.5
97.28,-36.9
97.2833,-37.2
97.2867,-33.9
97.29,-40.2
97.2933,-38.4
97.2967,-32.7
97.3,-38.4
97.3033,-43.2
97.3067,-31.5
97.31,-33.6
97.3133,-34.5
97.3167,-36.3
97.32,-32.7
97.3233,-34.2
97.3267,-37.8
97.33,-38.1
97.3333,-36.3
97.3367,-33.3
97.34,-39.6
97.3433,-36.3
97.3467,-38.4
97.35,-36
97.3533,-38.4
97.3567,-41.1
97.36,-32.4
97.3633,-35.7
97.3667,-35.1
97.37,-39.6
97.3733,-34.8
97.3767,-35.4
97.38,-34.8
97.3833,-35.4
97.3867,-36.3
97.39,-35.1
97.3933,-30.6
97.3967,-30.9
97.4,-33
97.4033,-38.4
97.4067,-31.2
97.41,-36.3
97.4133,-20.4
97.4167,-25.2
97.42,-29.1
97.4233,-24.3
97.4267,-32.1
97.43,-40.8
97.4333,-36.9
97.4367,-27.3
97.44,-36.9
97.4433,-33.6
97.4467,-42.6
97.45,-22.8
97.4533,-33.6
97.4567,-21
97.46,-34.2
97.4633,-36.3
97.4667,-41.7
97.47,-40.8
97.4733,-30.6
97.4767,-43.5
97.48,-42.6
97.4833,-35.7
97.4867,-32.7
97.49,-39
97.4933,-33.9
97.4967,-33.9
97.5,-35.4
97.5033,-40.5
97.5067,-37.8
97.51,-35.4
97.5133,-30.6
97.5167,-34.5
97.52,-31.2
97.5233,-33
97.5267,-36.9
97.53,-36
97.5333,-34.2
97.5367,-36.6
97.54,-37.5
97.5433,-38.7
97.5467,-35.4
97.55,-39
97.5533,-27
97.5567,-26.4
97.56,-28.8
97.5633,-28.5
97.5667,-36
97.57,-35.1
97.5733,-30
97.5767,-32.7
97.58,-38.4
97.5833,-30.9
97.5867,-25.8
97.59,-28.5
97.5933,-27.9
97.5967,-30
97.6,-29.7
97.6033,-29.7
97.6067,-30
97.61,-36.6
97.6133,-35.4
97.6167,-33
97.62,-28.2
97.6233,-31.8
97.6267,-30
97.63,-34.8
97.6333,-26.4
97.6367,-31.2
97.64,-27.9
97.6433,-32.4
97.6467,-29.1
97.65,-27.9
97.6533,-27.9
97.6567,-30.9
97.66,-29.4
97.6633,-28.2
97.6667,-35.1
97.67,-27.6
97.6733,-32.1
97.6767,-28.5
97.68,-26.4
97.6833,-22.5
97.6867,-33.9
97.69,-35.1
97.6933,-28.8
97.6967,-24.6
97.7,-39.6
97.7033,-40.2
97.7067,-33.9
97.71,-33.3
97.7133,-34.5
97.7167,-37.5
97.72,-27.3
97.7233,-33.3
97.7267,-31.8
97.73,-44.1
97.7333,-35.7
97.7367,-39
97.74,-34.8
97.7433,-33.3
97.7467,-32.1
97.75,-38.1
97.7533,-36.9
97.7567,-30.9
97.76,-34.2
97.7633,-39.3
97.7667,-32.1
97.77,-34.2
97.7733,-31.2
97.7767,-31.2
97.78,-29.4
97.7833,-36.9
97.7867,-33.3
97.79,-35.7
97.7933,-33.6
97.7967,-36.9
97.8,-30.3
97.8033,-38.4
97.8067,-38.1
97.81,-30
97.8133,-35.7
97.8167,-35.1
97.82,-31.8
97.8233,-31.2
97.8267,-32.4
97.83,-42
97.8333,-29.1
97.8367,-24.3
97.84,-33.3
97.8433,-36.9
97.8467,-42.9
97.85,-36.9
97.8533,-31.5
97.8567,-30.6
97.86,-44.4
97.8633,-44.4
97.8667,-39.3
97.87,-40.2
97.8733,-34.8
97.8767,-40.2
97.88,-36.6
97.8833,-35.7
97.8867,-41.4
97.89,-41.4
97.8933,-34.2
97.8967,-34.5
97.9,-33
97.9033,-35.1
97.9067,-41.4
97.91,-41.4
97.9133,-33.3
97.9167,-40.2
97.92,-34.5
97.9233,-37.8
97.9267,-38.7
97.93,-36.3
97.9333,-34.8
97.9367,-35.1
97.94,-34.8
97.9433,-38.1
97.9467,-33.6
97.95,-36
97.9533,-35.7
97.9567,-41.7
97.96,-38.7
97.9633,-39
97.9667,-32.4
97.97,-39.3
97.9733,-33.9
97.9767,-34.5
97.98,-30
97.9833,-25.2
97.9867,-36.6
97.99,-49.2
97.9933,-28.5
97.9967,-29.4
98,-27.9
98.0033,-32.4
98.0067,-32.4
98.01,-32.7
98.0133,-31.2
98.0167,-37.5
98.02,-25.8
98.0233,-36.3
98.0267,-37.8
98.03,-35.7
98.0333,-32.1
98.0367,-36.6
98.04,-33.3
98.0433,-37.8
98.0467,-36.9
98.05,-37.2
98.0533,-30.9
98.0567,-38.7
98.06,-32.7
98.0633,-40.5
98.0667,-31.2
98.07,-33.3
98.0733,-27.9
98.0767,-35.7
98.08,-27.9
98.0833,-33.3
98.0867,-33.3
98.09,-38.7
98.0933,-29.1
98.0967,-31.5
98.1,-29.1
98.1033,-33.3
98.1067,-32.7
98.11,-35.7
98.1133,-32.7
98.1167,-34.2
98.12,-29.4
98.1233,-27.6
98.1267,-22.2
98.13,-42
98.1333,-38.4
98.1367,-36.6
98.14,-36.3
98.1433,-36.6
98.1467,-36.3
98.15,-35.7
98.1533,-33
98.1567,-25.8
98.16,-27.9
98.1633,-40.5
98.1667,-34.5
98.17,-32.7
98.1733,-28.2
98.1767,-33.3
98.18,-37.8
98.1833,-40.2
98.1867,-40.2
98.19,-34.2
98.1933,-31.8
98.1967,-42
98.2,-36
98.2033,-35.4
98.2067,-34.2
98.21,-42.9
98.2133,-34.8
98.2167,-43.2
98.22,-35.4
98.2233,-36.3
98.2267,-34.5
98.23,-40.5
98.2333,-33.3
98.2367,-36.9
98.24,-34.8
98.2433,-43.2
98.2467,-40.8
98.25,-40.2
98.2533,-33.6
98.2567,-34.2
98.26,-37.2
98.2633,-33.3
98.2667,-42
98.27,-36.3
98.2733,-33.6
98.2767,-30
98.28,-48.3
98.2833,-43.2
98.2867,-44.4
98.29,-38.4
98.2933,-41.7
98.2967,-45
98.3,-41.4
98.3033,-40.5
98.3067,-34.8
98.31,-36.9
98.3133,-34.2
98.3167,-38.4
98.32,-39.6
98.3233,-42.6
98.3267,-38.7
98.33,-41.1
98.3333,-33.6
98.3367,-40.5
98.34,-34.5
98.3433,-40.8
98.3467,-38.1
98.35,-39.9
98.3533,-31.2
98.3567,-34.8
98.36,-34.2
98.3633,-34.5
98.3667,-38.4
98.37,-33.3
98.3733,-36.6
98.3767,-30.6
98.38,-33
98.3833,-39.9
98.3867,-32.7
98.39,-29.7
98.3933,-27.3
98.3967,-28.2
98.4,-27.6
98.4033,-31.5
98.4067,-29.7
98.41,-36.3
98.4133,-36.9
98.4167,-27
98.42,-27
98.4233,-35.7
98.4267,-38.1
98.43,-32.4
98.4333,-36.3
98.4367,-26.4
98.44,-34.2
98.4433,-35.4
98.4467,-37.5
98.45,-35.4
98.4533,-32.7
98.4567,-32.4
98.46,-34.2
98.4633,-37.2
98.4667,-42.9
98.47,-29.7
98.4733,-30.6
98.4767,-32.7
98.48,-31.2
98.4833,-31.8
98.4867,-36.3
98.49,-33
98.4933,-30.6
98.4967,-30
98.5,-36.9
98.5033,-36.3
98.5067,-30.9
98.51,-36.3
98.5133,-38.4
98.5167,-35.1
98.52,-35.4
98.5233,-41.4
98.5267,-40.2
98.53,-39.3
98.5333,-35.7
98.5367,-37.8
98.54,-36.9
98.5433,-45
98.5467,-37.5
98.55,-38.7
98.5533,-32.7
98.5567,-39.9
98.56,-31.2
98.5633,-34.5
98.5667,-34.5
98.57,-44.1
98.5733,-44.1
98.5767,-38.4
98.58,-35.7
98.5833,-44.4
98.5867,-35.7
98.59,-42.3
98.5933,-33
98.5967,-35.1
98.6,-40.8
98.6033,-40.8
98.6067,-38.7
98.61,-41.7
98.6133,-31.5
98.6167,-36.9
98.62,-30.9
98.6233,-40.8
98.6267,-33.9
98.63,-40.2
98.6333,-34.5
98.6367,-36
98.64,-34.2
98.6433,-35.7
98.6467,-33.3
98.65,-30.6
98.6533,-34.5
98.6567,-33.6
98.66,-34.5
98.6633,-33.6
98.6667,-35.1
98.67,-33.9
98.6733,-23.1
98.6767,-25.2
98.68,-43.8
98.6833,-44.7
98.6867,-38.7
98.69,-34.8
98.6933,-30.6
98.6967,-38.1
98.7,-39
98.7033,-41.1
98.7067,-41.1
98.71,-36.3
98.7133,-29.1
98.7167,-40.5
98.72,-36.6
98.7233,-39.6
98.7267,-33.3
98.73,-47.1
98.7333,-33.9
98.7367,-38.7
98.74,-39
98.7433,-39.3
98.7467,-32.4
98.75,-42.9
98.7533,-30.3
98.7567,-34.2
98.76,-35.1
98.7633,-39.9
98.7667,-33.6
98.77,-34.8
98.7733,-30.3
98.7767,-36.3
98.78,-33.3
98.7833,-36.3
98.7867,-36.3
98.79,-34.2
98.7933,-31.5
98.7967,-34.8
98.8,-31.2
98.8033,-44.4
98.8067,-32.7
98.81,-36.6
98.8133,-35.1
98.8167,-33.3
98.82,-28.5
98.8233,-29.7
98.8267,-39.3
98.83,-37.8
98.8333,-34.8
98.8367,-31.8
98.84,-33.6
98.8433,-34.5
98.8467,-35.4
98.85,-39
98.8533,-38.4
98.8567,-38.7
98.86,-33.6
98.8633,-34.8
98.8667,-26.1
98.87,-27.3
98.8733,-42.3
98.8767,-34.2
98.88,-39.9
98.8833,-36.6
98.8867,-41.7
98.89,-29.4
98.8933,-32.4
98.8967,-32.4
98.9,-30.9
98.9033,-34.2
98.9067,-35.7
98.91,-32.4
98.9133,-30.9
98.9167,-34.2
98.92,-30.3
98.9233,-39.9
98.9267,-33
98.93,-32.4
98.9333,-29.4
98.9367,-33
98.94,-32.1
98.9433,-35.1
98.9467,-33.9
98.95,-31.5
98.9533,-31.8
98.9567,-35.4
98.96,-33
98.9633,-33.3
98.9667,-32.4
98.97,-28.8
98.9733,-15.6
98.9767,-31.8
98.98,-43.5
98.9833,-30.9
98.9867,-34.5
98.99,-35.4
98.9933,-31.8
98.9967,-31.2
99,-29.1
99.0033,-35.1
99.0067,-29.7
99.01,-31.2
99.0133,-25.5
99.0167,-28.2
99.02,-28.8
99.0233,-35.1
99.0267,-34.8
99.03,-30.9
99.0333,-31.8
99.0367,-34.2
99.04,-30
99.0433,-31.5
99.0467,-37.8
99.05,-31.5
99.0533,-29.7
99.0567,-34.5
99.06,-30
99.0633,-40.5
99.0667,-34.5
99.07,-29.1
99.0733,-27.9
99.0767,-33.3
99.08,-27.9
99.0833,-33.3
99.0867,-32.4
99.09,-23.7
99.0933,-28.5
99.0967,-28.5
99.1,-43.2
99.1033,-36.9
99.1067,-33.9
99.11,-33.9
99.1133,-38.1
99.1167,-28.5
99.12,-35.1
99.1233,-34.5
99.1267,-31.5
99.13,-42.3
99.1333,-30.9
99.1367,-34.5
99.14,-29.1
99.1433,-38.4
99.1467,-40.5
99.15,-36
99.1533,-39.9
99.1567,-31.8
99.16,-36
99.1633,-33.9
99.1667,-40.8
99.17,-34.8
99.1733,-31.8
99.1767,-31.5
99.18,-31.5
99.1833,-36.6
99.1867,-35.1
99.19,-33.6
99.1933,-33.3
99.1967,-35.4
99.2,-37.2
99.2033,-37.8
99.2067,-33
99.21,-35.1
99.2133,-30.3
99.2167,-35.4
99.22,-33.6
99.2233,-38.1
99.2267,-29.7
99.23,-33.6
99.2333,-25.8
99.2367,-33.9
99.24,-39.9
99.2433,-36
99.2467,-36.9
99.25,-39
99.2533,-30.6
99.2567,-46.2
99.26,-38.7
99.2633,-38.1
99.2667,-50.1
99.27,-42.9
99.2733,-43.8
99.2767,-35.7
99.28,-36.9
99.2833,-40.2
99.2867,-33.6
99.29,-39
99.2933,-34.2
99.2967,-39.9
99.3,-35.1
99.3033,-36.3
99.3067,-38.1
99.31,-40.8
99.3133,-31.2
99.3167,-39.9
99.32,-37.2
99.3233,-39
99.3267,-40.5
99.33,-38.7
99.3333,-35.1
99.3367,-39
99.34,-36.6
99.3433,-46.5
99.3467,-36
99.35,-32.4
99.3533,-34.5
99.3567,-36.6
99.36,-39
99.3633,-36.6
99.3667,-35.7
99.37,-33.9
99.3733,-35.7
99.3767,-37.8
99.38,-35.4
99.3833,-36.3
99.3867,-35.4
99.39,-36.6
99.3933,-33
99.3967,-40.5
99.4,-33.3
99.4033,-23.4
99.4067,-41.4
99.41,-31.2
99.4133,-38.7
99.4167,-41.7
99.42,-41.4
99.4233,-40.5
99.4267,-43.2
99.43,-38.1
99.4333,-38.7
99.4367,-40.2
99.44,-36.9
99.4433,-36.9
99.4467,-35.1
99.45,-34.8
99.4533,-39
99.4567,-38.4
99.46,-38.7
99.4633,-41.1
99.4667,-37.2
99.47,-38.4
99.4733,-29.4
99.4767,-39.3
99.48,-33.6
99.4833,-37.2
99.4867,-40.5
99.49,-32.7
99.4933,-33.9
99.4967,-37.5
99.5,-37.8
99.5033,-42
99.5067,-37.5
99.51,-41.4
99.5133,-33.3
99.5167,-36.9
99.52,-39.9
99.5233,-38.1
99.5267,-33
99.53,-35.1
99.5333,-28.8
99.5367,-36.9
99.54,-36.9
99.5433,-29.1
99.5467,-44.1
99.55,-42.9
99.5533,-33
99.5567,-33.6
99.56,-38.7
99.5633,-34.5
99.5667,-41.1
99.57,-43.8
99.5733,-37.5
99.5767,-39.6
99.58,-36.3
99.5833,-39.9
99.5867,-39.9
99.59,-39.6
99.5933,-33.6
99.5967,-42.3
99.6,-47.1
99.6033,-40.5
99.6067,-40.8
99.61,-34.8
99.6133,-35.4
99.6167,-38.4
99.62,-40.2
99.6233,-41.1
99.6267,-40.8
99.63,-40.8
99.6333,-38.7
99.6367,-39
99.64,-37.5
99.6433,-40.8
99.6467,-37.2
99.65,-35.7
99.6533,-35.1
99.6567,-34.8
99.66,-39.3
99.6633,-34.5
99.6667,-39.9
99.67,-30
99.6733,-35.1
99.6767,-22.5
99.68,-24.9
99.6833,-42.9
99.6867,-42.9
99.69,-33.6
99.6933,-37.2
99.6967,-37.5
99.7,-41.1
99.7033,-37.8
99.7067,-40.5
99.71,-33.3
99.7133,-31.5
99.7167,-33.9
99.72,-35.1
99.7233,-41.1
99.7267,-31.8
99.73,-33.9
99.7333,-36.9
99.7367,-30.9
99.74,-39.3
99.7433,-34.8
99.7467,-39.6
99.75,-37.8
99.7533,-37.8
99.7567,-43.5
99.76,-38.7
99.7633,-41.1
99.7667,-40.2
99.77,-39.6
99.7733,-42.3
99.7767,-45
99.78,-47.4
99.7833,-36.6
99.7867,-44.7
99.79,-39
99.7933,-40.2
99.7967,-42
99.8,-39.6
99.8033,-37.2
99.8067,-38.7
99.81,-36.6
99.8133,-39.6
99.8167,-33
99.82,-48.3
99.8233,-36.6
99.8267,-38.7
99.83,-34.8
99.8333,-39.9
99.8367,-43.8
99.84,-48.9
99.8433,-36.6
99.8467,-45.6
99.85,-39.3
99.8533,-29.4
99.8567,-41.4
99.86,-54
99.8633,-35.1
99.8667,-46.8
99.87,-33.6
99.8733,-39
99.8767,-47.1
99.88,-36.9
99.8833,-43.2
99.8867,-42
99.89,-44.1
99.8933,-39
99.8967,-44.1
99.9,-42.9
99.9033,-40.8
99.9067,-42
99.91,-39
99.9133,-45
99.9167,-41.4
99.92,-42.9
99.9233,-46.2
99.9267,-38.7
99.93,-41.1
99.9333,-39.6
99.9367,-37.8
99.94,-41.7
99.9433,-46.2
99.9467,-46.2
99.95,-41.1
99.9533,-39.3
99.9567,-37.5
99.96,-35.1
99.9633,-42.6
99.9667,-33.3
99.97,-49.5
99.9733,-52.2
99.9767,-43.8
99.98,-30.3
99.9833,-36.6
99.9867,-54.9
99.99,-39.9
99.9933,-44.7
99.9967,-36
100,-42.6
100.0033,-41.1
100.0067,-48.3
100.01,-36
100.0133,-45
100.0167,-48
100.02,-45.9
100.0233,-47.7
100.0267,-42.6
100.03,-46.5
100.0333,-46.8
100.0367,-41.4
100.04,-46.5
100.0433,-44.4
100.0467,-51.3
100.05,-46.2
100.0533,-46.8
100.0567,-38.4
100.06,-47.1
100.0633,-45.3
100.0667,-42.9
100.07,-42.6
100.0733,-43.2
100.0767,-42.3
100.08,-52.2
100.0833,-48.3
100.0867,-53.4
100.09,-41.4
100.0933,-46.8
100.0967,-43.8
100.1,-48.3
100.1033,-46.5
100.1067,-44.1
100.11,-44.7
100.1133,-39.6
100.1167,-38.4
100.12,-39.6
100.1233,-45.6
100.1267,-47.4
100.13,-47.7
100.1333,-51.6
100.1367,-46.8
100.14,-45.9
100.1433,-41.7
100.1467,-43.2
100.15,-55.2
100.1533,-48.9
100.1567,-44.4
100.16,-44.7
100.1633,-48.6
100.1667,-45.9
100.17,-48.3
100.1733,-39.9
100.1767,-42.3
100.18,-48.3
100.1833,-44.7
100.1867,-45.9
100.19,-47.1
100.1933,-46.8
100.1967,-47.1
100.2,-46.2
100.2033,-42
100.2067,-46.8
100.21,-43.5
100.2133,-41.7
100.2167,-43.2
100.22,-45.3
100.2233,-44.1
100.2267,-45.3
100.23,-47.1
100.2333,-46.8
100.2367,-44.7
100.24,-47.4
100.2433,-38.7
100.2467,-46.5
100.25,-36.6
100.2533,-47.7
100.2567,-39.3
100.26,-50.7
100.2633,-40.8
100.2667,-35.7
100.27,-45.9
100.2733,-48.3
100.2767,-46.8
100.28,-46.5
100.2833,-47.7
100.2867,-47.4
100.29,-45
100.2933,-50.1
100.2967,-45
100.3,-53.1
100.3033,-51.9
100.3067,-52.5
100.31,-42.9
100.3133,-47.7
100.3167,-47.7
100.32,-50.4
100.3233,-46.5
100.3267,-47.7
100.33,-44.1
100.3333,-45
100.3367,-44.4
100.34,-48.3
100.3433,-42.6
100.3467,-46.5
100.35,-42.6
100.3533,-43.5
100.3567,-40.2
100.36,-43.8
100.3633,-51.9
100.3667,-49.2
100.37,-48
100.3733,-44.1
100.3767,-35.4
100.38,-48.3
100.3833,-51.9
100.3867,-44.1
100.39,-43.5
100.3933,-43.2
100.3967,-40.2
100.4,-35.7
100.4033,-49.8
100.4067,-45.6
100.41,-42.3
100.4133,-48
100.4167,-39.3
100.42,-44.7
100.4233,-45.3
100.4267,-55.5
100.43,-52.8
100.4333,-53.7
100.4367,-47.4
100.44,-57.3
100.4433,-46.8
100.4467,-49.5
100.45,-44.7
100.4533,-51.3
100.4567,-47.4
100.46,-52.8
100.4633,-52.8
100.4667,-49.8
100.47,-45.3
100.4733,-42.3
100.4767,-43.5
100.48,-50.4
100.4833,-48.6
100.4867,-48
100.49,-43.8
100.4933,-46.5
100.4967,-45.9
100.5,-53.4
100.5033,-44.7
100.5067,-44.7
100.51,-46.8
100.5133,-45.9
100.5167,-45.6
100.52,-52.8
100.5233,-48
100.5267,-51
100.53,-45.9
100.5333,-43.5
100.5367,-47.7
100.54,-48.6
100.5433,-45.9
100.5467,-44.1
100.55,-46.5
100.5533,-45.9
100.5567,-49.2
100.56,-52.2
100.5633,-52.8
100.5667,-51.6
100.57,-50.1
100.5733,-48.3
100.5767,-51.3
100.58,-52.8
100.5833,-48.3
100.5867,-51.6
100.59,-45
100.5933,-53.4
100.5967,-43.8
100.6,-50.1
100.6033,-56.1
100.6067,-58.8
100.61,-42
100.6133,-46.5
100.6167,-48.3
100.62,-53.7
100.6233,-48.6
100.6267,-45.6
100.63,-45.3
100.6333,-49.8
100.6367,-51.6
100.64,-53.4
100.6433,-46.8
100.6467,-51
100.65,-43.2
100.6533,-48.6
100.6567,-44.4
100.66,-50.7
100.6633,-47.7
100.6667,-42.6
100.67,-42.6
100.6733,-48.9
100.6767,-49.2
100.68,-47.4
100.6833,-49.5
100.6867,-49.5
100.69,-42.9
100.6933,-45.3
100.6967,-35.1
100.7,-54.6
100.7033,-52.8
100.7067,-51.6
100.71,-49.5
100.7133,-49.8
100.7167,-54.9
100.72,-52.5
100.7233,-53.4
100.7267,-52.2
100.73,-45.9
100.7333,-49.2
100.7367,-49.5
100.74,-55.5
100.7433,-45.3
100.7467,-53.4
100.75,-52.8
100.7533,-54
100.7567,-41.1
100.76,-49.2
100.7633,-48
100.7667,-52.8
100.77,-50.4
100.7733,-45
100.7767,-48.3
100.78,-49.5
100.7833,-49.2
100.7867,-51.6
100.79,-49.2
100.7933,-48
100.7967,-47.1
100.8,-55.2
100.8033,-46.2
100.8067,-45
100.81,-55.5
100.8133,-47.4
100.8167,-48.9
100.82,-46.8
100.8233,-48.6
100.8267,-51.6
100.83,-45.6
100.8333,-56.4
100.8367,-48.3
100.84,-56.7
100.8433,-49.2
100.8467,-54
100.85,-49.2
100.8533,-48
100.8567,-34.8
100.86,-66
100.8633,-61.8
100.8667,-53.7
100.87,-51.9
100.8733,-53.7
100.8767,-47.1
100.88,-48
100.8833,-52.8
100.8867,-52.5
100.89,-45.6
100.8933,-47.4
100.8967,-48.6
100.9,-54.6
100.9033,-48.6
100.9067,-49.2
100.91,-46.5
100.9133,-48.3
100.9167,-44.1
100.92,-49.2
100.9233,-48.9
100.9267,-45.3
100.93,-46.8
100.9333,-44.7
100.9367,-42.3
100.94,-48
100.9433,-45
100.9467,-51
100.95,-44.7
100.9533,-48.6
100.9567,-45.9
100.96,-43.8
100.9633,-37.5
100.9667,-51.9
100.97,-48.9
100.9733,-51.6
100.9767,-48
100.98,-52.5
100.9833,-51.9
100.9867,-48
100.99,-50.4
100.9933,-46.5
100.9967,-47.7
101,-52.2
101.0033,-49.5
101.0067,-52.5
101.01,-45.9
101.0133,-46.5
101.0167,-46.8
101.02,-52.2
101.0233,-42
101.0267,-48.3
101.03,-44.1
101.0333,-46.2
101.0367,-45.9
101.04,-49.8
101.0433,-45.9
101.0467,-48
101.05,-45.3
101.0533,-52.8
101.0567,-54.9
101.06,-46.8
101.0633,-41.4
101.0667,-51
101.07,-50.1
101.0733,-42.6
101.0767,-50.7
101.08,-45.3
101.0833,-46.5
101.0867,-35.7
101.09,-45.6
101.0933,-49.2
101.0967,-45.9
101.1,-48.3
101.1033,-42.9
101.1067,-45
101.11,-44.1
101.1133,-38.1
101.1167,-45.9
101.12,-51.6
101.1233,-46.2
101.1267,-52.5
101.13,-43.2
101.1333,-49.8
101.1367,-45.3
101.14,-50.1
101.1433,-47.7
101.1467,-44.4
101.15,-38.1
101.1533,-42.9
101.1567,-46.8
101.16,-47.7
101.1633,-45.9
101.1667,-46.2
101.17,-45
101.1733,-45.9
101.1767,-44.1
101.18,-47.7
101.1833,-46.8
101.1867,-43.2
101.19,-41.7
101.1933,-45
101.1967,-44.4
101.2,-47.4
101.2033,-49.8
101.2067,-44.7
101.21,-45.3
101.2133,-45
101.2167,-45.6
101.22,-52.5
101.2233,-45.9
101.2267,-45.3
101.23,-43.5
101.2333,-44.4
101.2367,-27.9
101.24,-52.5
101.2433,-49.8
101.2467,-45.3
101.25,-48.3
101.2533,-47.4
101.2567,-47.1
101.26,-45
101.2633,-45.6
101.2667,-49.8
101.27,-44.7
101.2733,-44.7
101.2767,-53.4
101.28,-53.4
101.2833,-49.5
101.2867,-52.5
101.29,-47.4
101.2933,-47.4
101.2967,-53.1
101.3,-44.7
101.3033,-47.1
101.3067,-52.2
101.31,-49.8
101.3133,-41.1
101.3167,-47.4
101.32,-48
101.3233,-45.6
101.3267,-48.6
101.33,-46.5
101.3333,-45.6
101.3367,-46.8
101.34,-48.9
101.3433,-48.9
101.3467,-47.1
101.35,-42.6
101.3533,-50.1
101.3567,-46.8
101.36,-51.6
101.3633,-51
101.3667,-48
101.37,-51
101.3733,-48.9
101.3767,-51.9
101.38,-50.4
101.3833,-48
101.3867,-51.6
101.39,-34.8
101.3933,-43.8
101.3967,-54.3
101.4,-58.2
101.4033,-51.9
101.4067,-51.9
101.41,-52.2
101.4133,-52.8
101.4167,-50.1
101.42,-52.5
101.4233,-54.3
101.4267,-53.1
101.43,-51.9
101.4333,-49.5
101.4367,-54
101.44,-51.6
101.4433,-53.7
101.4467,-53.1
101.45,-51
101.4533,-53.7
101.4567,-51.9
101.46,-54.3
101.4633,-50.4
101.4667,-50.4
101.47,-44.1
101.4733,-48
101.4767,-49.5
101.48,-54.9
101.4833,-52.8
101.4867,-49.5
101.49,-52.8
101.4933,-49.2
101.4967,-50.4
101.5,-49.8
101.5033,-55.2
101.5067,-54
101.51,-50.1
101.5133,-50.1
101.5167,-48.9
101.52,-41.7
101.5233,-48.6
101.5267,-61.8
101.53,-47.1
101.5333,-49.8
101.5367,-46.2
101.54,-53.1
101.5433,-48.9
101.5467,-56.4
101.55,-45.9
101.5533,-55.8
101.5567,-63
101.56,-49.8
101.5633,-51.9
101.5667,-50.1
101.57,-49.5
101.5733,-54
101.5767,-50.7
101.58,-63
101.5833,-54.9
101.5867,-56.1
101.59,-52.2
101.5933,-60.3
101.5967,-56.1
101.6,-55.5
101.6033,-52.2
101.6067,-54.6
101.61,-53.4
101.6133,-57.3
101.6167,-57.6
101.62,-58.5
101.6233,-54
101.6267,-51.3
101.63,-53.1
101.6333,-52.5
101.6367,-52.8
101.64,-52.8
101.6433,-53.1
101.6467,-56.4
101.65,-47.7
101.6533,-41.4
101.6567,-51.9
101.66,-50.4
101.6633,-51.9
101.6667,-57.6
101.67,-51.6
101.6733,-44.7
101.6767,-50.7
101.68,-54.6
101.6833,-48.9
101.6867,-39.9
101.69,-55.5
101.6933,-45.6
101.6967,-49.8
101.7,-53.1
101.7033,-46.2
101.7067,-47.4
101.71,-49.5
101.7133,-46.5
101.7167,-44.7
101.72,-43.8
101.7233,-45.9
101.7267,-44.7
101.73,-44.4
101.7333,-42
101.7367,-44.1
101.74,-45.6
101.7433,-44.7
101.7467,-42.9
101.75,-41.7
101.7533,-47.4
101.7567,-46.8
101.76,-42.3
101.7633,-45.9
101.7667,-46.5
101.77,-43.5
101.7733,-41.7
101.7767,-40.5
101.78,-46.2
101.7833,-45
101.7867,-37.2
101.79,-41.1
101.7933,-40.8
101.7967,-42
101.8,-47.4
101.8033,-37.2
101.8067,-42
101.81,-34.2
101.8133,-48.9
101.8167,-33.9
101.82,-44.7
101.8233,-43.8
101.8267,-32.4
101.83,-41.4
101.8333,-48.6
101.8367,-41.7
101.84,-42.3
101.8433,-39.9
101.8467,-36.3
101.85,-40.2
101.8533,-48.3
101.8567,-40.2
101.86,-46.2
101.8633,-40.8
101.8667,-47.1
101.87,-40.8
101.8733,-42.6
101.8767,-42.9
101.88,-42
101.8833,-42.6
101.8867,-47.1
101.89,-44.4
101.8933,-45.9
101.8967,-48
101.9,-43.5
101.9033,-44.1
101.9067,-42.3
101.91,-42
101.9133,-41.7
101.9167,-42.9
101.92,-46.8
101.9233,-46.2
101.9267,-46.8
101.93,-42.6
101.9333,-47.1
101.9367,-48.3
101.94,-37.5
101.9433,-46.2
101.9467,-45
101.95,-48.3
101.9533,-44.4
101.9567,-41.4
101.96,-52.2
101.9633,-44.1
101.9667,-46.8
101.97,-42.3
101.9733,-42.6
101.9767,-49.8
101.98,-44.7
101.9833,-48
101.9867,-40.5
101.99,-45.6
101.9933,-48.9
101.9967,-46.8
102,-39.6
102.0033,-44.7
102.0067,-43.8
102.01,-42.3
102.0133,-44.1
102.0167,-46.2
102.02,-42.9
102.0233,-40.8
102.0267,-38.4
102.03,-40.5
102.0333,-40.5
102.0367,-43.5
102.04,-44.4
102.0433,-36.6
102.0467,-42.3
102.05,-41.1
102.0533,-41.7
102.0567,-42.3
102.06,-43.8
102.0633,-41.1
102.0667,-44.7
102.07,-48.3
102.0733,-42
102.0767,-45.3
102.08,-37.5
102.0833,-45.3
102.0867,-42.3
102.09,-41.1
102.0933,-37.2
102.0967,-46.5
102.1,-39.3
102.1033,-45.9
102.1067,-49.5
102.11,-44.7
102.1133,-50.1
102.1167,-42.6
102.12,-47.4
102.1233,-40.2
102.1267,-42.3
102.13,-41.7
102.1333,-46.2
102.1367,-46.2
102.14,-45.6
102.1433,-40.2
102.1467,-47.7
102.15,-41.7
102.1533,-44.4
102.1567,-44.7
102.16,-45
102.1633,-38.7
102.1667,-47.1
102.17,-42.6
102.1733,-45
102.1767,-45.3
102.18,-45
102.1833,-42
102.1867,-44.1
102.19,-47.4
102.1933,-37.8
102.1967,-43.8
102.2,-44.1
102.2033,-42
102.2067,-42
102.21,-39.6
102.2133,-43.2
102.2167,-44.4
102.22,-40.8
102.2233,-31.2
102.2267,-39.6
102.23,-36.3
102.2333,-38.1
102.2367,-48
102.24,-50.1
102.2433,-37.5
102.2467,-35.7
102.25,-41.4
102.2533,-37.2
102.2567,-39.3
102.26,-48.9
102.2633,-46.2
